-- =========================================================================
-- SideQuest — Investor-Ready Production Seed Data
-- Generated: 2026-06-02T07:26:41.850Z
-- Data: 189 Students, 34 Organizers, 14 Sponsors, 38 Competitions, 64 Teams
-- =========================================================================

-- Step 1: Clean existing demo data (safe cascade)
TRUNCATE TABLE
  sponsorship_cost_logs,
  sponsorships,
  sponsorship_pricing_rates,
  submission_grades,
  competition_judges,
  competition_submissions,
  custom_registration_responses,
  custom_registration_fields,
  hosted_event_settings,
  notifications,
  connections,
  competition_registrations,
  saved_competitions,
  team_members,
  teams,
  competitions,
  platform_settings,
  user_skills,
  users,
  skills,
  categories
RESTART IDENTITY CASCADE;

-- Table: categories (5 rows)
INSERT INTO "categories" ("id", "slug", "name") VALUES
  (1, 'teknologi', 'Teknologi'),
  (2, 'bisnis', 'Bisnis'),
  (3, 'sosial', 'Social Impact'),
  (4, 'desain', 'Desain'),
  (5, 'sains', 'Sains');

ALTER SEQUENCE "categories_id_seq" RESTART WITH 6;

-- Table: skills (72 rows)
INSERT INTO "skills" ("id", "name", "tag_class") VALUES
  (1, 'UI/UX', 'tag-purple'),
  (2, 'Figma', 'tag-purple'),
  (3, 'Postgres', 'tag-blue'),
  (4, 'Frontend Dev', 'tag-purple'),
  (5, 'React', 'tag-blue'),
  (6, 'Node.js', 'tag-green'),
  (7, 'User Research', 'tag-purple'),
  (8, 'Backend', 'tag-green'),
  (9, 'DevOps', 'tag-blue'),
  (10, 'Business Dev', 'tag-orange'),
  (11, 'Pitching', 'tag-orange'),
  (12, 'Market Research', 'tag-orange'),
  (13, 'Machine Learning', 'tag-green'),
  (14, 'Python', 'tag-blue'),
  (15, 'Data Science', 'tag-green'),
  (16, 'React.js', 'tag-blue'),
  (17, 'Vue.js', 'tag-blue'),
  (18, 'TypeScript', 'tag-purple'),
  (19, 'CSS', 'tag-pink'),
  (20, 'Ilustrasi', 'tag-pink'),
  (21, 'Branding', 'tag-purple'),
  (22, 'Laravel', 'tag-purple'),
  (23, 'PHP', 'tag-blue'),
  (24, 'MySQL', 'tag-blue'),
  (25, 'R Language', 'tag-green'),
  (26, 'Data Visualization', 'tag-green'),
  (27, 'Statistics', 'tag-blue'),
  (28, 'Flutter', 'tag-purple'),
  (29, 'Dart', 'tag-blue'),
  (30, 'React Native', 'tag-blue'),
  (31, 'iOS/Android', 'tag-purple'),
  (32, 'Financial Modeling', 'tag-orange'),
  (33, 'Excel', 'tag-green'),
  (34, 'Pitch Deck', 'tag-orange'),
  (35, 'Go', 'tag-blue'),
  (36, 'Microservices', 'tag-blue'),
  (37, 'Docker', 'tag-blue'),
  (38, 'Kubernetes', 'tag-purple'),
  (39, 'TensorFlow', 'tag-green'),
  (40, 'Computer Vision', 'tag-green'),
  (41, 'NLP', 'tag-green'),
  (42, 'Community Building', 'tag-orange'),
  (43, 'Advokasi', 'tag-orange'),
  (44, 'NGO Management', 'tag-teal'),
  (45, 'Social Media', 'tag-pink'),
  (46, 'Sosial Impact Design', 'tag-green'),
  (47, 'Facilitation', 'tag-teal'),
  (48, 'Komunitas', 'tag-green'),
  (49, 'Fieldwork', 'tag-teal'),
  (50, 'Advokasi Kebijakan', 'tag-teal'),
  (51, 'Networking', 'tag-blue'),
  (52, 'Social Research', 'tag-green'),
  (53, 'NGO', 'tag-teal'),
  (54, 'Public Speaking', 'tag-orange'),
  (55, 'MC', 'tag-pink'),
  (56, 'Storytelling', 'tag-orange'),
  (57, 'Presentasi', 'tag-orange'),
  (58, 'Debat', 'tag-orange'),
  (59, 'Copywriting', 'tag-pink'),
  (60, 'Presentasi Bisnis', 'tag-orange'),
  (61, 'Video Pitch', 'tag-orange'),
  (62, 'Persuasion', 'tag-orange'),
  (63, 'Lab Research', 'tag-green'),
  (64, 'Biologi Molekuler', 'tag-green'),
  (65, 'Academic Writing', 'tag-blue'),
  (66, 'SPSS', 'tag-blue'),
  (67, 'Kimia Analitik', 'tag-green'),
  (68, 'Lab Work', 'tag-green'),
  (69, 'Data Sains Eksperimen', 'tag-green'),
  (70, 'Scientific Writing', 'tag-blue'),
  (71, 'Fisika Komputasi', 'tag-blue'),
  (72, 'Simulasi Numerik', 'tag-blue');

ALTER SEQUENCE "skills_id_seq" RESTART WITH 73;

-- Table: users (240 rows)
INSERT INTO "users" ("id", "name", "email", "password", "university", "prodi", "avatar_color", "bio", "role", "experience", "achievements", "online", "is_verified", "is_approved", "is_active", "verification_token", "university_city", "university_province", "office_address", "phone_number", "premium_status", "premium_trial_start", "premium_trial_end", "premium_subscription_ends", "only_allow_connection_invites") VALUES
  (1, 'Fathiyya Fitriani Refananda', 'fathiyya@ipb.ac.id', '$2a$10$RSkZRsA7U61f4p9zkOfGR.U../8gzlcw63XpZXDWNokYJJyMEpyyS', 'IPB University', 'Artificial Intelligence', 'bg-blue-500', 'Mahasiswa tingkat akhir yang menyukai AI dan Web Dev.', 'peserta', '["Hackathon Nasional 2025 — Juara 2","Hult Prize Campus Round 2025 — Top 10","Ksatria Data UI 2024 — Peserta"]', '["Ksatria Data 2024 — Juara 1 Kategori ML","Dokumentasi Terbaik — Gemastik XVI 2024","Google DSC Speaker"]', true, true, true, true, NULL, NULL, NULL, NULL, NULL, 'none', NULL, NULL, NULL, true),
  (2, 'Aqilah Callysta Abygail Febyan', 'aqilah@ipb.ac.id', '$2a$10$RSkZRsA7U61f4p9zkOfGR.U../8gzlcw63XpZXDWNokYJJyMEpyyS', 'IPB University', 'Software Engineering', 'bg-purple-500', 'Mahasiswa yang tertarik dengan frontend development.', 'peserta', '["Web Dev Competition 2025 — Finalist","UI/UX Design Challenge — Juara 3"]', '["Best UI Design","Frontend Champion"]', true, true, true, true, NULL, NULL, NULL, NULL, NULL, 'none', NULL, NULL, NULL, false),
  (3, 'M. Gilbran Firdiansyah', 'gilbran@ipb.ac.id', '$2a$10$RSkZRsA7U61f4p9zkOfGR.U../8gzlcw63XpZXDWNokYJJyMEpyyS', 'IPB University', 'Computer Science', 'bg-green-500', 'Mahasiswa backend developer pemula.', 'peserta', '["Belum memiliki riwayat lomba resmi"]', '["Sertifikat Backend Dev Dicoding","Hackerrank SQL Gold Badge"]', true, true, true, true, NULL, NULL, NULL, NULL, NULL, 'none', NULL, NULL, NULL, false),
  (4, 'Aurel Salsabila', 'aurel@itb.ac.id', '$2a$10$RSkZRsA7U61f4p9zkOfGR.U../8gzlcw63XpZXDWNokYJJyMEpyyS', 'ITB Bandung', 'Sistem dan Teknologi Informasi', 'bg-purple-500', 'UI/UX Designer yang berfokus pada riset pengguna.', 'peserta', '["Hult Prize 2025 — Juara 1","COMPFEST Design Finalist"]', '["Ksatria Data","Dokumentasi Terbaik"]', true, true, true, true, NULL, NULL, NULL, NULL, NULL, 'none', NULL, NULL, NULL, false),
  (5, 'Bimo Prasetyo', 'bimo@its.ac.id', '$2a$10$RSkZRsA7U61f4p9zkOfGR.U../8gzlcw63XpZXDWNokYJJyMEpyyS', 'ITS Surabaya', 'Teknik Komputer', 'bg-blue-500', 'Backend Developer yang menyukai DevOps.', 'peserta', '["Gemastik XVI — Juara 2","Hackathon Smart City 2025"]', '["Hackaton Champion","Ksatria Data"]', true, true, true, true, NULL, NULL, NULL, NULL, NULL, 'none', NULL, NULL, NULL, false),
  (6, 'Citra Dewi', 'citra@ugm.ac.id', '$2a$10$RSkZRsA7U61f4p9zkOfGR.U../8gzlcw63XpZXDWNokYJJyMEpyyS', 'Universitas Gadjah Mada', 'Manajemen', 'bg-green-500', 'Business Developer yang menyukai ide startup.', 'peserta', '["ASEAN BPC 2025 — Finalist","Startup Weekend 2024"]', '["Best Pitch Award","Top Presenter"]', false, true, true, true, NULL, NULL, NULL, NULL, NULL, 'none', NULL, NULL, NULL, false),
  (7, 'Dimas Arfian', 'dimas@binus.ac.id', '$2a$10$RSkZRsA7U61f4p9zkOfGR.U../8gzlcw63XpZXDWNokYJJyMEpyyS', 'BINUS University', 'Computer Science', 'bg-orange-500', 'Machine Learning Engineer dengan fokus Deep Learning.', 'peserta', '["Kaggle Competition — Top 5%","Data Olympiad 2025"]', '["Ksatria Data","Kaggle Expert"]', true, true, true, true, NULL, NULL, NULL, NULL, NULL, 'none', NULL, NULL, NULL, false),
  (8, 'Evan Wijaya', 'evan@ui.ac.id', '$2a$10$RSkZRsA7U61f4p9zkOfGR.U../8gzlcw63XpZXDWNokYJJyMEpyyS', 'Universitas UI', 'Ilmu Komputer', 'bg-cyan-500', 'Frontend Developer dengan fokus React/TypeScript.', 'peserta', '["Google DSC Lead 2025","Web Dev Competition — Juara 1"]', '["Best Developer","Google Badge"]', true, true, true, true, NULL, NULL, NULL, NULL, NULL, 'none', NULL, NULL, NULL, false),
  (9, 'Farah Nadia', 'farah@telkom.ac.id', '$2a$10$RSkZRsA7U61f4p9zkOfGR.U../8gzlcw63XpZXDWNokYJJyMEpyyS', 'Telkom University', 'Desain Komunikasi Visual', 'bg-pink-500', 'UI/UX Designer dan Illustrator digital.', 'peserta', '["Redot Design Award 2024","COMPFEST Design — Juara 2"]', '["Best Design","Creative Award"]', false, true, true, true, NULL, NULL, NULL, NULL, NULL, 'none', NULL, NULL, NULL, false),
  (10, 'Galih Permana', 'galih@ub.ac.id', '$2a$10$RSkZRsA7U61f4p9zkOfGR.U../8gzlcw63XpZXDWNokYJJyMEpyyS', 'Universitas Brawijaya', 'Sistem Informasi', 'bg-indigo-500', 'Kandidat Backend Developer yang suka tantangan.', 'peserta', '["Gemastik XVI — Peserta","INAICTA 2024 Finalist"]', '["Inovator Muda"]', true, true, true, true, NULL, NULL, NULL, NULL, NULL, 'none', NULL, NULL, NULL, false),
  (11, 'Hana Kusuma', 'hana@ipb.ac.id', '$2a$10$RSkZRsA7U61f4p9zkOfGR.U../8gzlcw63XpZXDWNokYJJyMEpyyS', 'IPB University', 'Statistika', 'bg-teal-500', 'Data Scientist yang menyukai statistik terapan.', 'peserta', '["National Statistics Olympiad 2025 — Juara 3","Data Analytics Bootcamp"]', '["Statistika Award","Best Analysis"]', false, true, true, true, NULL, NULL, NULL, NULL, NULL, 'none', NULL, NULL, NULL, false),
  (12, 'Ivan Santoso', 'ivan@binus.ac.id', '$2a$10$RSkZRsA7U61f4p9zkOfGR.U../8gzlcw63XpZXDWNokYJJyMEpyyS', 'BINUS University', 'Mobile Application & Technology', 'bg-lime-600', 'Mobile Developer Flutter & Native.', 'peserta', '["Google Play Best App 2024","Mobile Hackathon — Juara 1"]', '["Best App","Google Play Badge"]', true, true, true, true, NULL, NULL, NULL, NULL, NULL, 'none', NULL, NULL, NULL, false),
  (13, 'Jessica Tanaka', 'jessica@unpad.ac.id', '$2a$10$RSkZRsA7U61f4p9zkOfGR.U../8gzlcw63XpZXDWNokYJJyMEpyyS', 'Universitas Padjadjaran', 'Administrasi Bisnis', 'bg-amber-500', 'Business Strategist dengan fokus model keuangan.', 'peserta', '["Young Entrepreneur Award 2025","HIPMI Cup — Finalist"]', '["Best Business Plan"]', true, true, true, true, NULL, NULL, NULL, NULL, NULL, 'none', NULL, NULL, NULL, false),
  (14, 'Kevin Rahmadan', 'kevin@its.ac.id', '$2a$10$RSkZRsA7U61f4p9zkOfGR.U../8gzlcw63XpZXDWNokYJJyMEpyyS', 'ITS Surabaya', 'Teknik Informatika', 'bg-violet-500', 'DevOps & Backend Engineer yang mahir Docker & Go.', 'peserta', '["AWS Cloud Hackathon — Juara 2","ICPC Asia Regional 2024"]', '["Cloud Expert","DevOps Certified"]', false, true, true, true, NULL, NULL, NULL, NULL, NULL, 'none', NULL, NULL, NULL, false),
  (15, 'Lina Maharani', 'lina@undip.ac.id', '$2a$10$RSkZRsA7U61f4p9zkOfGR.U../8gzlcw63XpZXDWNokYJJyMEpyyS', 'Universitas Diponegoro', 'Teknik Informatika', 'bg-rose-500', 'Computer Vision & Deep Learning researcher.', 'peserta', '["GEMASTIK XVII AI Track — Juara 1","IEEE Student Paper Award"]', '["AI Champion","Best Paper"]', true, true, true, true, NULL, NULL, NULL, NULL, NULL, 'none', NULL, NULL, NULL, false),
  (16, 'Maya Putri', 'maya@ui.ac.id', '$2a$10$RSkZRsA7U61f4p9zkOfGR.U../8gzlcw63XpZXDWNokYJJyMEpyyS', 'Universitas Indonesia', 'Ilmu Kesejahteraan Sosial', 'bg-emerald-500', 'Social Innovator yang menyukai community building.', 'peserta', '["Koordinator Volunteer UNDP 2025","Hult Prize Sosial — Juara 1 Campus"]', '["Social Leader Award","Volunteer of the Year"]', true, true, true, true, NULL, NULL, NULL, NULL, NULL, 'none', NULL, NULL, NULL, false),
  (17, 'Naufal Hakim', 'naufal@ugm.ac.id', '$2a$10$RSkZRsA7U61f4p9zkOfGR.U../8gzlcw63XpZXDWNokYJJyMEpyyS', 'UGM Yogyakarta', 'Sociology', 'bg-teal-600', 'Sociopreneur yang menyukai pemberdayaan masyarakat.', 'peserta', '["Youth Changemaker UNICEF 2025","Social Entrepreneurship Program"]', '["Best Impact Project","SDGs Champion"]', false, true, true, true, NULL, NULL, NULL, NULL, NULL, 'none', NULL, NULL, NULL, false),
  (18, 'Olivia Rahma', 'olivia@unpad.ac.id', '$2a$10$RSkZRsA7U61f4p9zkOfGR.U../8gzlcw63XpZXDWNokYJJyMEpyyS', 'UNPAD Bandung', 'Hubungan Internasional', 'bg-lime-500', 'Global youth leader yang aktif di advokasi.', 'peserta', '["MUN Harvard 2025 — Best Delegate","Internship UNFPA Indonesia"]', '["Best Delegate","Global Youth Leader"]', true, true, true, true, NULL, NULL, NULL, NULL, NULL, 'none', NULL, NULL, NULL, false),
  (19, 'Petra Wijaksono', 'petra@unair.ac.id', '$2a$10$RSkZRsA7U61f4p9zkOfGR.U../8gzlcw63XpZXDWNokYJJyMEpyyS', 'Universitas Airlangga', 'Ilmu Komunikasi', 'bg-sky-500', 'TEDx speaker & MC yang menyukai storytelling.', 'peserta', '["Juara 1 Lomba Debat Nasional 2025","TEDx Speaker UI 2024"]', '["Best Speaker","TEDx Alumni"]', true, true, true, true, NULL, NULL, NULL, NULL, NULL, 'none', NULL, NULL, NULL, false),
  (20, 'Qila Ramadhani', 'qila@unhas.ac.id', '$2a$10$RSkZRsA7U61f4p9zkOfGR.U../8gzlcw63XpZXDWNokYJJyMEpyyS', 'Universitas Hasanuddin', 'Sastra Indonesia', 'bg-fuchsia-500', 'Orator & Copywriter yang aktif di Parlemen Debat.', 'peserta', '["Juara 2 Debat Parlemen Nasional 2025","Brand Storytelling Workshop Facilitator"]', '["Best Orator","Juara Debat Regional"]', false, true, true, true, NULL, NULL, NULL, NULL, NULL, 'none', NULL, NULL, NULL, false),
  (21, 'Raka Santanu', 'raka@binus.ac.id', '$2a$10$RSkZRsA7U61f4p9zkOfGR.U../8gzlcw63XpZXDWNokYJJyMEpyyS', 'Universitas Bina Nusantara', 'Marketing Communication', 'bg-orange-600', 'Presenter bisnis & Pitching consultant.', 'peserta', '["Startup Pitch Competition — Juara 1","Marketing Hackathon 2025 Finalist"]', '["Best Pitch","Top Presenter"]', true, true, true, true, NULL, NULL, NULL, NULL, NULL, 'none', NULL, NULL, NULL, false),
  (22, 'Sinta Larasati', 'sinta@ipb.ac.id', '$2a$10$RSkZRsA7U61f4p9zkOfGR.U../8gzlcw63XpZXDWNokYJJyMEpyyS', 'IPB University', 'Biokimia', 'bg-green-700', 'Riset Biokimia & Penulisan Ilmiah.', 'peserta', '["LKTIN ITS 2025 — Juara 2","Riset BRIN Bidang Biokimia"]', '["Best Research Paper","Young Scientist Award"]', false, true, true, true, NULL, NULL, NULL, NULL, NULL, 'none', NULL, NULL, NULL, false),
  (23, 'Taufik Hidayat', 'taufik@itb.ac.id', '$2a$10$RSkZRsA7U61f4p9zkOfGR.U../8gzlcw63XpZXDWNokYJJyMEpyyS', 'ITB Bandung', 'Kimia', 'bg-cyan-700', 'Riset Kimia Analitik & Penulisan Ilmiah.', 'peserta', '["Juara 1 Lomba Kimia Nasional 2025","Publikasi Jurnal Scopus 2024"]', '["Olimpiade Gold","Scopus Author"]', true, true, true, true, NULL, NULL, NULL, NULL, NULL, 'none', NULL, NULL, NULL, false),
  (24, 'Ulfah Mardiyah', 'ulfah@undip.ac.id', '$2a$10$RSkZRsA7U61f4p9zkOfGR.U../8gzlcw63XpZXDWNokYJJyMEpyyS', 'Universitas Diponegoro', 'Fisika', 'bg-blue-700', 'Fisika Komputasi & Simulasi Numerik.', 'peserta', '["Physics Olympiad Nasional — Juara 3","IEEE Student Branch Project"]', '["Physics Award","IEEE Member"]', false, true, true, true, NULL, NULL, NULL, NULL, NULL, 'none', NULL, NULL, NULL, false),
  (25, 'Kemendikbud Ristek', 'kemendikbud@ipb.ac.id', '$2a$10$RSkZRsA7U61f4p9zkOfGR.U../8gzlcw63XpZXDWNokYJJyMEpyyS', 'Kementerian Pendidikan dan Kebudayaan', 'Penyelenggara Lomba Resmi', 'bg-indigo-600', 'Akun resmi Pusat Prestasi Nasional, Kemendikbud Ristek RI.', 'organizer', '[]', '[]', true, true, true, true, NULL, NULL, NULL, NULL, NULL, 'trialing', '2026-05-02 22:45:01.310', '2026-07-31 22:45:01.310', NULL, false),
  (26, 'HIPMI IPB', 'hipmi@ipb.ac.id', '$2a$10$RSkZRsA7U61f4p9zkOfGR.U../8gzlcw63XpZXDWNokYJJyMEpyyS', 'IPB University', 'Himpunan Pengusaha Muda Indonesia', 'bg-orange-600', 'Akun Resmi Badan Pengurus Cabang HIPMI Perguruan Tinggi IPB.', 'organizer', '[]', '[]', true, true, true, true, NULL, NULL, NULL, NULL, NULL, 'trialing', '2026-05-02 22:45:01.310', '2026-07-31 22:45:01.310', NULL, false),
  (27, 'Google DSC IPB', 'dsc@ipb.ac.id', '$2a$10$RSkZRsA7U61f4p9zkOfGR.U../8gzlcw63XpZXDWNokYJJyMEpyyS', 'IPB University', 'Google Developer Student Clubs', 'bg-red-500', 'Komunitas mahasiswa pengembang bentukan Google Developers di IPB.', 'organizer', '[]', '[]', true, true, true, true, NULL, NULL, NULL, NULL, NULL, 'trialing', '2026-05-02 22:45:01.310', '2026-07-31 22:45:01.310', NULL, false),
  (28, 'Moderator SideQuest', 'moderator@sidequest.com', '$2a$10$RSkZRsA7U61f4p9zkOfGR.U../8gzlcw63XpZXDWNokYJJyMEpyyS', 'SideQuest HQ', 'Security & Moderation', 'bg-red-500', 'Akun resmi Moderator untuk pengawasan kualitas konten platform.', 'moderator', NULL, NULL, false, true, true, true, NULL, NULL, NULL, NULL, NULL, 'none', NULL, NULL, NULL, false),
  (29, 'Superadmin SideQuest', 'superadmin@sidequest.com', '$2a$10$RSkZRsA7U61f4p9zkOfGR.U../8gzlcw63XpZXDWNokYJJyMEpyyS', 'SideQuest HQ', 'System Administration', 'bg-yellow-600', 'Akun resmi Super Administrator dengan hak akses sistem penuh.', 'superadmin', NULL, NULL, false, true, true, true, NULL, NULL, NULL, NULL, NULL, 'none', NULL, NULL, NULL, false),
  (30, 'Moderator Kedua', 'moderator2@sidequest.com', '$2a$10$RSkZRsA7U61f4p9zkOfGR.U../8gzlcw63XpZXDWNokYJJyMEpyyS', 'SideQuest HQ', 'Quality Assurance', 'bg-red-600', 'Akun resmi staff moderator kedua untuk pengujian suspensi ganda.', 'moderator', NULL, NULL, false, true, true, true, NULL, NULL, NULL, NULL, NULL, 'none', NULL, NULL, NULL, false),
  (31, 'Panitia Gemastik IPB', 'eo_creative_26178@kemendikbud.go.id', '$2a$10$1vo00hnRcYnpY/rV59TzGurG/h07lVtIrX1vyvYMVfC0lRylWoZJy', 'Institut Pertanian Bogor', NULL, 'bg-blue-500', '', 'organizer', NULL, NULL, false, true, true, true, NULL, NULL, NULL, NULL, NULL, 'trialing', '2026-05-02 22:45:01.310', '2026-07-31 22:45:01.310', NULL, false),
  (32, 'Panitia Gemastik IPB', 'eo_creative_2167@kemendikbud.go.id', '$2a$10$kCtfZnu1BGdHJASssf2EouW9qF5N0tgxnICzW/bX8mjIy6eWiy51a', 'Institut Pertanian Bogor', NULL, 'bg-blue-500', '', 'organizer', NULL, NULL, false, true, true, true, NULL, NULL, NULL, NULL, NULL, 'trialing', '2026-05-02 22:45:01.310', '2026-07-31 22:45:01.310', NULL, false),
  (33, 'Akhirudin Fahmi', 'akhirudinfahmi@gmail.com', '$2a$10$X5tO6vUSFFLVFrFMWxFK.eHr4iWBWBL3d.KuLEnOkB3KTHMqBYraS', 'Lainnya…', 'Manajemen Informatika', 'bg-blue-500', '', 'peserta', NULL, NULL, false, true, true, true, NULL, NULL, NULL, NULL, NULL, 'none', NULL, NULL, NULL, false),
  (34, 'Budi Localhost', 'student_local_60953@ipb.ac.id', '$2a$10$JOf5eY7vFoeTwUgodRB2YeuGhV6KxcXR0djKM.5X3qcHF2pufUOlu', 'Institut Pertanian Bogor (IPB)', 'Ilmu Komputer', 'bg-blue-500', '', 'peserta', NULL, NULL, false, true, true, true, NULL, NULL, NULL, NULL, NULL, 'none', NULL, NULL, NULL, false),
  (35, 'Agus Production', 'student_prod_60953@ipb.ac.id', '$2a$10$BMswwMwwYwLND/YTA4Y2GeafK8Ghke6VRBpP7FdZ9Aba38HzverHW', 'Universitas Indonesia', 'Ilmu Hukum', 'bg-blue-500', '', 'peserta', NULL, NULL, false, true, true, true, NULL, NULL, NULL, NULL, NULL, 'none', NULL, NULL, NULL, false),
  (36, 'Kepanitiaan UI Hackathon', 'eo_prod_60953@kemendikbud.go.id', '$2a$10$p7X6Vh0kbHowVkaMiMg4g.oWs4tht0Nz14XRe3OrGNDccLf0uMbiW', 'Universitas Indonesia BEM', NULL, 'bg-blue-500', '', 'organizer', NULL, NULL, false, true, true, true, NULL, NULL, NULL, 'Gedung Pusgiwa UI Lantai 2, Depok', '081234567890', 'trialing', '2026-05-02 22:45:01.310', '2026-07-31 22:45:01.310', NULL, false),
  (37, 'Panitia Gemastik IPB', 'eo_creative_19765@kemendikbud.go.id', '$2a$10$ImmVmhFy/hAlCfQmWeCHIu03AXcx1Fb5Dv5kmn7Z9pYgcaLle3Wpm', 'Institut Pertanian Bogor', NULL, 'bg-blue-500', '', 'organizer', NULL, NULL, false, true, true, true, NULL, NULL, NULL, NULL, NULL, 'trialing', '2026-05-02 22:45:01.310', '2026-07-31 22:45:01.310', NULL, false),
  (38, 'Akhirudin Fahmi', 'fahmi.akhirudin@doku.com', '$2a$10$BEtyaolw8Pd9a8lShxLUH.WrzKl5Kvu4xrJNP0jK07ywzNPWin3Pm', 'DOKU', NULL, 'bg-blue-500', '', 'organizer', NULL, NULL, false, true, true, true, NULL, NULL, NULL, 'SCBD', '08122168560', 'trialing', '2026-05-02 22:45:01.310', '2026-07-31 22:45:01.310', NULL, false),
  (39, 'Panitia Gemastik IPB', 'eo_creative_71795@kemendikbud.go.id', '$2a$10$OsWC1wa6FNWH8fQjDHq1m.S48SxaMj9wiBpEGDw6x9M36jbUxa1Te', 'Institut Pertanian Bogor', NULL, 'bg-blue-500', '', 'organizer', NULL, NULL, false, true, true, true, NULL, NULL, NULL, NULL, NULL, 'trialing', '2026-05-02 22:45:01.310', '2026-07-31 22:45:01.310', NULL, false),
  (40, 'Panitia Gemastik IPB', 'eo_creative_69228@kemendikbud.go.id', '$2a$10$4WPgD6CBNRXL7u.dGkqAb.kkJda0e1PGXsD8nHU/pVSEwV7eGuCli', 'Institut Pertanian Bogor', NULL, 'bg-blue-500', '', 'organizer', NULL, NULL, false, true, true, true, NULL, NULL, NULL, NULL, NULL, 'trialing', '2026-05-02 22:45:01.310', '2026-07-31 22:45:01.310', NULL, false),
  (41, 'Panitia Gemastik IPB', 'eo_creative_36285@kemendikbud.go.id', '$2a$10$H0lvckGwXThIdd75q3fpc.OMFTKBXIMOGS.fBNzYMrJ6hWOOP.sSq', 'Institut Pertanian Bogor', NULL, 'bg-blue-500', '', 'organizer', NULL, NULL, false, true, true, true, NULL, NULL, NULL, NULL, NULL, 'trialing', '2026-05-02 22:45:01.310', '2026-07-31 22:45:01.310', NULL, false),
  (42, 'Panitia Gemastik IPB', 'eo_creative_5806@kemendikbud.go.id', '$2a$10$q.B40l9K17GA5IA0YDLdQOCo/MXucjCi9XHTUzqatI20OYHnbm6t2', 'Institut Pertanian Bogor', NULL, 'bg-blue-500', '', 'organizer', NULL, NULL, false, true, true, true, NULL, NULL, NULL, NULL, NULL, 'trialing', '2026-05-02 22:45:01.310', '2026-07-31 22:45:01.310', NULL, false),
  (43, 'Panitia Gemastik IPB', 'eo_creative_27655@kemendikbud.go.id', '$2a$10$mcal7Q6ULnTaJ5NVO8M3jOBkhOSWbpDB./l9821CvkGZgDz/hpNqy', 'Institut Pertanian Bogor', NULL, 'bg-blue-500', '', 'organizer', NULL, NULL, false, true, true, true, NULL, NULL, NULL, NULL, NULL, 'trialing', '2026-05-02 22:45:01.310', '2026-07-31 22:45:01.310', NULL, false),
  (44, 'Panitia Gemastik IPB', 'eo_creative_59479@kemendikbud.go.id', '$2a$10$tCmYA4BQE/zqqytKZ25ZTuSTpYvvXWvO9VExiUdlXPlHW.5OGzSkS', 'Institut Pertanian Bogor', NULL, 'bg-blue-500', '', 'organizer', NULL, NULL, false, true, true, true, NULL, NULL, NULL, NULL, NULL, 'trialing', '2026-05-02 22:45:01.310', '2026-07-31 22:45:01.310', NULL, false),
  (45, 'Panitia Gemastik IPB', 'eo_creative_81991@kemendikbud.go.id', '$2a$10$fHf3raCQB1cOsQWcDPqLsuNjzJxMwI/n7cIcAn44kRvFeuX8ahfj2', 'Institut Pertanian Bogor', NULL, 'bg-blue-500', '', 'organizer', NULL, NULL, false, true, true, true, NULL, NULL, NULL, NULL, NULL, 'trialing', '2026-05-02 22:45:01.310', '2026-07-31 22:45:01.310', NULL, false),
  (46, 'Google Indonesia', 'sponsor_1780200805851@ipb.ac.id', '$2a$10$tdjp7JLUDdsaTec97to2AuYKmZMIO2Vj.uUkdiKWz7.gWPpXh3s9y', 'PT Google Indonesia', NULL, NULL, NULL, 'sponsor', NULL, NULL, false, true, true, true, NULL, NULL, NULL, NULL, NULL, 'none', NULL, NULL, NULL, false),
  (47, 'Google Indonesia', 'sponsor_1780201364252@ipb.ac.id', '$2a$10$vXFaxO1eLjfUxKid8c6qLO7ICPA9AXNf1Lh6obzQv8MY8Avtv0NMW', 'PT Google Indonesia', NULL, NULL, NULL, 'sponsor', NULL, NULL, false, true, true, true, NULL, NULL, NULL, NULL, NULL, 'none', NULL, NULL, NULL, false),
  (48, 'Rudi Guru', 'sponsorship@ruangguru.co', '$2a$10$sxypmdY2Hj02UhwJUmy9ceK1nGkmnVyH6UcxjI8cYxLNG63qFTuxK', 'PT. Ruang Guru', NULL, NULL, NULL, 'sponsor', NULL, NULL, false, true, true, true, NULL, NULL, NULL, NULL, NULL, 'none', NULL, NULL, NULL, false),
  (49, 'Google Indonesia', 'sponsor_1780202210155@ipb.ac.id', '$2a$10$ZldRJ/GnYFDNI4VUy7r7JuKxKkzdQtkeYZGCWrrVXMuR0enr2alFu', 'PT Google Indonesia', NULL, NULL, NULL, 'sponsor', NULL, NULL, false, true, true, true, NULL, NULL, NULL, NULL, NULL, 'none', NULL, NULL, NULL, false),
  (50, 'E2E Organizer Ltd', 'test_org_1780285291428@sidequest.com', '$2a$10$E91PDg4nendEXBq5jEC/Ou7GkiqbkRaCoJNdjsgjznDc0ImJf62H2', 'IPB University', 'Web Development EO', 'bg-blue-500', '', 'organizer', NULL, NULL, false, true, true, true, NULL, NULL, NULL, NULL, NULL, 'trialing', '2026-05-02 22:45:01.310', '2026-07-31 22:45:01.310', NULL, false),
  (51, 'Rian Prasetya', 'student_1780285291831@ipb.ac.id', '$2a$10$JZgiuqRavTBO.7JvgJVxb.seKu4vrkoS9uG7tUdBZzoTHAODV.gZu', 'IPB University', 'Teknologi Rekayasa Komputer', 'bg-blue-500', '', 'peserta', NULL, NULL, false, true, true, true, NULL, NULL, NULL, NULL, NULL, 'none', NULL, NULL, NULL, false),
  (52, 'E2E Organizer Ltd', 'test_org_1780285335967@sidequest.com', '$2a$10$BRMoZSQm3BhnHRT2SDXSeOKwOVTvUOgf1PRZvnbrqV3.q08zIYs/.', 'IPB University', 'Web Development EO', 'bg-blue-500', '', 'organizer', NULL, NULL, false, true, true, true, NULL, NULL, NULL, NULL, NULL, 'trialing', '2026-05-02 22:45:01.310', '2026-07-31 22:45:01.310', NULL, false),
  (53, 'Rian Prasetya', 'student_1780285336406@ipb.ac.id', '$2a$10$RqLD56dGIWlTlpoALrdOme8cUYgceSMbV8.e3eMzJDKaLv1dP7e6u', 'IPB University', 'Teknologi Rekayasa Komputer', 'bg-blue-500', '', 'peserta', NULL, NULL, false, true, true, true, NULL, NULL, NULL, NULL, NULL, 'none', NULL, NULL, NULL, false),
  (54, 'E2E Organizer Ltd', 'test_org_1780285361218@sidequest.com', '$2a$10$jOxEbGBfZ4xKODk/6SgCiO.K4dbpWZNAbakPjIviFOUmMnzJWdTeK', 'IPB University', 'Web Development EO', 'bg-blue-500', '', 'organizer', NULL, NULL, false, true, true, true, NULL, NULL, NULL, NULL, NULL, 'trialing', '2026-05-02 22:45:01.310', '2026-07-31 22:45:01.310', NULL, false),
  (55, 'Rian Prasetya', 'student_1780285361628@ipb.ac.id', '$2a$10$.sm94TrrLJNyhgMczuLyeuRKe2hV1534TsgJ8mlwjAa/cfI1VEc6O', 'IPB University', 'Teknologi Rekayasa Komputer', 'bg-blue-500', '', 'peserta', NULL, NULL, false, true, true, true, NULL, NULL, NULL, NULL, NULL, 'none', NULL, NULL, NULL, false),
  (56, 'E2E Organizer Ltd', 'test_org_1780286980982@sidequest.com', '$2a$10$vAJC0KtrC7HhqvOVKhlo4eVrvVZ0jaCKnPaaVGgHme32g1aot5.GC', 'IPB University', 'Web Development EO', 'bg-blue-500', '', 'organizer', NULL, NULL, false, true, true, true, NULL, NULL, NULL, NULL, NULL, 'trialing', '2026-05-02 22:45:01.310', '2026-07-31 22:45:01.310', NULL, false),
  (57, 'Rian Prasetya', 'student_1780286981401@ipb.ac.id', '$2a$10$RAqEbC3qsmRrgG120znC8egr8/oSXMVVzV3ORruknTUdkbtXLsvmm', 'IPB University', 'Teknologi Rekayasa Komputer', 'bg-blue-500', '', 'peserta', NULL, NULL, false, true, true, true, NULL, NULL, NULL, NULL, NULL, 'none', NULL, NULL, NULL, false),
  (58, 'E2E Organizer Ltd', 'test_org_1780287097426@sidequest.com', '$2a$10$jQ7.eD0ApcJs2AeaQx/IsuqyXjkw2XRUizbeuJXjfAvW6IXNnW9hi', 'IPB University', 'Web Development EO', 'bg-blue-500', '', 'organizer', NULL, NULL, false, true, true, true, NULL, NULL, NULL, NULL, NULL, 'trialing', '2026-05-02 22:45:01.310', '2026-07-31 22:45:01.310', NULL, false),
  (59, 'Rian Prasetya', 'student_1780287097850@ipb.ac.id', '$2a$10$NARiGMlOn3EgtAsOD7nzauZBr.UrNFg2qPdSUARulyY2ghf0pLCAG', 'IPB University', 'Teknologi Rekayasa Komputer', 'bg-blue-500', '', 'peserta', NULL, NULL, false, true, true, true, NULL, NULL, NULL, NULL, NULL, 'none', NULL, NULL, NULL, false),
  (60, 'Muhammad Kusuma', 'muhammad.kusuma_1@student.ac.id', '$2a$10$RSkZRsA7U61f4p9zkOfGR.U../8gzlcw63XpZXDWNokYJJyMEpyyS', 'Universitas Indonesia', 'Teknik Komputer', 'bg-purple-500', 'Sangat tertarik dengan proyek berdampak sosial dan startup ramah lingkungan.', 'peserta', '["Lomba Mini Web Universitas Indonesia — Juara 1","Project Bootcamp UI/UX Teknik Komputer — Peserta Terbaik"]', '["Sertifikat Professional Kelulusan Teknik Komputer","Juara Favorit Lomba Ide Solutif"]', false, true, true, true, NULL, NULL, NULL, NULL, NULL, 'none', NULL, NULL, NULL, false),
  (61, 'Andi Kusuma', 'andi.kusuma_2@student.ac.id', '$2a$10$RSkZRsA7U61f4p9zkOfGR.U../8gzlcw63XpZXDWNokYJJyMEpyyS', 'Telkom University', 'Sistem Informasi', 'bg-amber-500', 'Sedang mendalami UI/UX design dan riset pengguna secara praktis.', 'peserta', '["Lomba Mini Web Telkom University — Juara 2","Project Bootcamp UI/UX Sistem Informasi — Peserta Terbaik"]', '["Sertifikat Professional Kelulusan Sistem Informasi","Juara Favorit Lomba Ide Solutif"]', false, true, true, true, NULL, NULL, NULL, NULL, NULL, 'none', NULL, NULL, NULL, false),
  (62, 'Wahyu Lestari', 'wahyu.lestari_3@student.ac.id', '$2a$10$RSkZRsA7U61f4p9zkOfGR.U../8gzlcw63XpZXDWNokYJJyMEpyyS', 'ITS Surabaya', 'Statistika', 'bg-indigo-500', 'UI/UX designer dengan kecintaan pada desain minimalis dan glassmorphism.', 'peserta', '["Lomba Mini Web ITS Surabaya — Juara 2","Project Bootcamp UI/UX Statistika — Peserta Terbaik"]', '["Sertifikat Professional Kelulusan Statistika","Juara Favorit Lomba Ide Solutif"]', false, true, true, true, NULL, NULL, NULL, NULL, NULL, 'none', NULL, NULL, NULL, false),
  (63, 'Zacky Ginting', 'zacky.ginting_4@student.ac.id', '$2a$10$RSkZRsA7U61f4p9zkOfGR.U../8gzlcw63XpZXDWNokYJJyMEpyyS', 'Telkom University', 'Desain Komunikasi Visual', 'bg-cyan-500', 'Full-stack developer yang berfokus pada efisiensi API dan database relational.', 'peserta', '["Lomba Mini Web Telkom University — Juara 2","Project Bootcamp UI/UX Desain Komunikasi Visual — Peserta Terbaik"]', '["Sertifikat Professional Kelulusan Desain Komunikasi Visual","Juara Favorit Lomba Ide Solutif"]', false, true, true, true, NULL, NULL, NULL, NULL, NULL, 'none', NULL, NULL, NULL, false),
  (64, 'Kartika Utami', 'kartika.utami_5@student.ac.id', '$2a$10$RSkZRsA7U61f4p9zkOfGR.U../8gzlcw63XpZXDWNokYJJyMEpyyS', 'Universitas Brawijaya', 'Manajemen', 'bg-orange-500', 'Sangat tertarik dengan proyek berdampak sosial dan startup ramah lingkungan.', 'peserta', '["Lomba Mini Web Universitas Brawijaya — Juara 2","Project Bootcamp UI/UX Manajemen — Peserta Terbaik"]', '["Sertifikat Professional Kelulusan Manajemen","Juara Favorit Lomba Ide Solutif"]', true, true, true, true, NULL, NULL, NULL, NULL, NULL, 'none', NULL, NULL, NULL, false),
  (65, 'Tegar Wijaya', 'tegar.wijaya_6@student.ac.id', '$2a$10$RSkZRsA7U61f4p9zkOfGR.U../8gzlcw63XpZXDWNokYJJyMEpyyS', 'Telkom University', 'Rekayasa Perangkat Lunak', 'bg-cyan-500', 'Antusias dengan kolaborasi riset dan pengembangan software tingkat mahasiswa.', 'peserta', '["Lomba Mini Web Telkom University — Juara 2","Project Bootcamp UI/UX Rekayasa Perangkat Lunak — Peserta Terbaik"]', '["Sertifikat Professional Kelulusan Rekayasa Perangkat Lunak","Juara Favorit Lomba Ide Solutif"]', true, true, true, true, NULL, NULL, NULL, NULL, NULL, 'none', NULL, NULL, NULL, false),
  (66, 'Kartika Tanjung', 'kartika.tanjung_7@student.ac.id', '$2a$10$RSkZRsA7U61f4p9zkOfGR.U../8gzlcw63XpZXDWNokYJJyMEpyyS', 'Telkom University', 'Statistika', 'bg-orange-500', 'Sedang mendalami UI/UX design dan riset pengguna secara praktis.', 'peserta', '["Lomba Mini Web Telkom University — Juara 2","Project Bootcamp UI/UX Statistika — Peserta Terbaik"]', '["Sertifikat Professional Kelulusan Statistika","Juara Favorit Lomba Ide Solutif"]', false, true, true, true, NULL, NULL, NULL, NULL, NULL, 'none', NULL, NULL, NULL, false),
  (67, 'Aditya Simanjuntak', 'aditya.simanjuntak_8@student.ac.id', '$2a$10$RSkZRsA7U61f4p9zkOfGR.U../8gzlcw63XpZXDWNokYJJyMEpyyS', 'ITS Surabaya', 'Teknik Komputer', 'bg-indigo-500', 'Business strategist yang siap membantu merancang pitch deck dan analisis keuangan.', 'peserta', '["Lomba Mini Web ITS Surabaya — Juara 2","Project Bootcamp UI/UX Teknik Komputer — Peserta Terbaik"]', '["Sertifikat Professional Kelulusan Teknik Komputer","Juara Favorit Lomba Ide Solutif"]', false, true, true, true, NULL, NULL, NULL, NULL, NULL, 'none', NULL, NULL, NULL, false),
  (68, 'Tegar Rahmawati', 'tegar.rahmawati_9@student.ac.id', '$2a$10$RSkZRsA7U61f4p9zkOfGR.U../8gzlcw63XpZXDWNokYJJyMEpyyS', 'Universitas Padjadjaran', 'Sistem Informasi', 'bg-cyan-500', 'Machine learning enthusiast yang senang menganalisis pola data statistik.', 'peserta', '["Lomba Mini Web Universitas Padjadjaran — Juara 1","Project Bootcamp UI/UX Sistem Informasi — Peserta Terbaik"]', '["Sertifikat Professional Kelulusan Sistem Informasi","Juara Favorit Lomba Ide Solutif"]', true, true, true, true, NULL, NULL, NULL, NULL, NULL, 'none', NULL, NULL, NULL, false),
  (69, 'Olivia Gunawan', 'olivia.gunawan_10@student.ac.id', '$2a$10$RSkZRsA7U61f4p9zkOfGR.U../8gzlcw63XpZXDWNokYJJyMEpyyS', 'Universitas Gadjah Mada', 'Teknik Komputer', 'bg-violet-500', 'Sedang mendalami UI/UX design dan riset pengguna secara praktis.', 'peserta', '["Lomba Mini Web Universitas Gadjah Mada — Juara 3","Project Bootcamp UI/UX Teknik Komputer — Peserta Terbaik"]', '["Sertifikat Professional Kelulusan Teknik Komputer","Juara Favorit Lomba Ide Solutif"]', false, true, true, true, NULL, NULL, NULL, NULL, NULL, 'none', NULL, NULL, NULL, false),
  (70, 'Mega Indah', 'mega.indah_11@student.ac.id', '$2a$10$RSkZRsA7U61f4p9zkOfGR.U../8gzlcw63XpZXDWNokYJJyMEpyyS', 'Universitas Gadjah Mada', 'Teknik Komputer', 'bg-orange-500', 'Full-stack developer yang berfokus pada efisiensi API dan database relational.', 'peserta', '["Lomba Mini Web Universitas Gadjah Mada — Juara 2","Project Bootcamp UI/UX Teknik Komputer — Peserta Terbaik"]', '["Sertifikat Professional Kelulusan Teknik Komputer","Juara Favorit Lomba Ide Solutif"]', false, true, true, true, NULL, NULL, NULL, NULL, NULL, 'none', NULL, NULL, NULL, false),
  (71, 'Oki Siregar', 'oki.siregar_12@student.ac.id', '$2a$10$RSkZRsA7U61f4p9zkOfGR.U../8gzlcw63XpZXDWNokYJJyMEpyyS', 'Universitas Padjadjaran', 'Informatika', 'bg-violet-500', 'Sangat tertarik dengan proyek berdampak sosial dan startup ramah lingkungan.', 'peserta', '["Lomba Mini Web Universitas Padjadjaran — Juara 3","Project Bootcamp UI/UX Informatika — Peserta Terbaik"]', '["Sertifikat Professional Kelulusan Informatika","Juara Favorit Lomba Ide Solutif"]', true, true, true, true, NULL, NULL, NULL, NULL, NULL, 'none', NULL, NULL, NULL, false),
  (72, 'Andi Nugroho', 'andi.nugroho_13@student.ac.id', '$2a$10$RSkZRsA7U61f4p9zkOfGR.U../8gzlcw63XpZXDWNokYJJyMEpyyS', 'ITB Bandung', 'Sistem Informasi', 'bg-amber-500', 'Sangat tertarik dengan proyek berdampak sosial dan startup ramah lingkungan.', 'peserta', '["Lomba Mini Web ITB Bandung — Juara 2","Project Bootcamp UI/UX Sistem Informasi — Peserta Terbaik"]', '["Sertifikat Professional Kelulusan Sistem Informasi","Juara Favorit Lomba Ide Solutif"]', false, true, true, true, NULL, NULL, NULL, NULL, NULL, 'none', NULL, NULL, NULL, false),
  (73, 'Ketut Indah', 'ketut.indah_14@student.ac.id', '$2a$10$RSkZRsA7U61f4p9zkOfGR.U../8gzlcw63XpZXDWNokYJJyMEpyyS', 'Universitas Diponegoro', 'Desain Komunikasi Visual', 'bg-emerald-500', 'Antusias dengan kolaborasi riset dan pengembangan software tingkat mahasiswa.', 'peserta', '["Lomba Mini Web Universitas Diponegoro — Juara 3","Project Bootcamp UI/UX Desain Komunikasi Visual — Peserta Terbaik"]', '["Sertifikat Professional Kelulusan Desain Komunikasi Visual","Juara Favorit Lomba Ide Solutif"]', true, true, true, true, NULL, NULL, NULL, NULL, NULL, 'none', NULL, NULL, NULL, false),
  (74, 'Dewi Simanjuntak', 'dewi.simanjuntak_15@student.ac.id', '$2a$10$RSkZRsA7U61f4p9zkOfGR.U../8gzlcw63XpZXDWNokYJJyMEpyyS', 'Universitas Padjadjaran', 'Manajemen', 'bg-cyan-500', 'Pembelajar cepat yang berdedikasi mencari pengalaman lomba tingkat nasional.', 'peserta', '["Lomba Mini Web Universitas Padjadjaran — Juara 2","Project Bootcamp UI/UX Manajemen — Peserta Terbaik"]', '["Sertifikat Professional Kelulusan Manajemen","Juara Favorit Lomba Ide Solutif"]', true, true, true, true, NULL, NULL, NULL, NULL, NULL, 'none', NULL, NULL, NULL, false),
  (75, 'Dewi Tanjung', 'dewi.tanjung_16@student.ac.id', '$2a$10$RSkZRsA7U61f4p9zkOfGR.U../8gzlcw63XpZXDWNokYJJyMEpyyS', 'Universitas Padjadjaran', 'Informatika', 'bg-amber-500', 'Business strategist yang siap membantu merancang pitch deck dan analisis keuangan.', 'peserta', '["Lomba Mini Web Universitas Padjadjaran — Juara 3","Project Bootcamp UI/UX Informatika — Peserta Terbaik"]', '["Sertifikat Professional Kelulusan Informatika","Juara Favorit Lomba Ide Solutif"]', false, true, true, true, NULL, NULL, NULL, NULL, NULL, 'none', NULL, NULL, NULL, false),
  (76, 'Rahmat Siregar', 'rahmat.siregar_17@student.ac.id', '$2a$10$RSkZRsA7U61f4p9zkOfGR.U../8gzlcw63XpZXDWNokYJJyMEpyyS', 'ITS Surabaya', 'Sistem Informasi', 'bg-teal-500', 'Sedang mendalami UI/UX design dan riset pengguna secara praktis.', 'peserta', '["Lomba Mini Web ITS Surabaya — Juara 2","Project Bootcamp UI/UX Sistem Informasi — Peserta Terbaik"]', '["Sertifikat Professional Kelulusan Sistem Informasi","Juara Favorit Lomba Ide Solutif"]', false, true, true, true, NULL, NULL, NULL, NULL, NULL, 'none', NULL, NULL, NULL, false),
  (77, 'Mega Sembiring', 'mega.sembiring_18@student.ac.id', '$2a$10$RSkZRsA7U61f4p9zkOfGR.U../8gzlcw63XpZXDWNokYJJyMEpyyS', 'Universitas Airlangga', 'Rekayasa Perangkat Lunak', 'bg-purple-500', 'Pembelajar cepat yang berdedikasi mencari pengalaman lomba tingkat nasional.', 'peserta', '["Lomba Mini Web Universitas Airlangga — Juara 2","Project Bootcamp UI/UX Rekayasa Perangkat Lunak — Peserta Terbaik"]', '["Sertifikat Professional Kelulusan Rekayasa Perangkat Lunak","Juara Favorit Lomba Ide Solutif"]', false, true, true, true, NULL, NULL, NULL, NULL, NULL, 'none', NULL, NULL, NULL, false),
  (78, 'Taufik Sinaga', 'taufik.sinaga_19@student.ac.id', '$2a$10$RSkZRsA7U61f4p9zkOfGR.U../8gzlcw63XpZXDWNokYJJyMEpyyS', 'ITS Surabaya', 'Manajemen', 'bg-blue-500', 'Sangat tertarik dengan proyek berdampak sosial dan startup ramah lingkungan.', 'peserta', '["Lomba Mini Web ITS Surabaya — Juara 2","Project Bootcamp UI/UX Manajemen — Peserta Terbaik"]', '["Sertifikat Professional Kelulusan Manajemen","Juara Favorit Lomba Ide Solutif"]', false, true, true, true, NULL, NULL, NULL, NULL, NULL, 'none', NULL, NULL, NULL, false),
  (79, 'Elsa Pangaribuan', 'elsa.pangaribuan_20@student.ac.id', '$2a$10$RSkZRsA7U61f4p9zkOfGR.U../8gzlcw63XpZXDWNokYJJyMEpyyS', 'Universitas Padjadjaran', 'Desain Komunikasi Visual', 'bg-cyan-500', 'Sedang mendalami UI/UX design dan riset pengguna secara praktis.', 'peserta', '["Lomba Mini Web Universitas Padjadjaran — Juara 2","Project Bootcamp UI/UX Desain Komunikasi Visual — Peserta Terbaik"]', '["Sertifikat Professional Kelulusan Desain Komunikasi Visual","Juara Favorit Lomba Ide Solutif"]', false, true, true, true, NULL, NULL, NULL, NULL, NULL, 'none', NULL, NULL, NULL, false),
  (80, 'Wulan Suryadi', 'wulan.suryadi_21@student.ac.id', '$2a$10$RSkZRsA7U61f4p9zkOfGR.U../8gzlcw63XpZXDWNokYJJyMEpyyS', 'Universitas Brawijaya', 'Informatika', 'bg-blue-500', 'Pembelajar cepat yang berdedikasi mencari pengalaman lomba tingkat nasional.', 'peserta', '["Lomba Mini Web Universitas Brawijaya — Juara 1","Project Bootcamp UI/UX Informatika — Peserta Terbaik"]', '["Sertifikat Professional Kelulusan Informatika","Juara Favorit Lomba Ide Solutif"]', true, true, true, true, NULL, NULL, NULL, NULL, NULL, 'none', NULL, NULL, NULL, false),
  (81, 'Annisa Nugroho', 'annisa.nugroho_22@student.ac.id', '$2a$10$RSkZRsA7U61f4p9zkOfGR.U../8gzlcw63XpZXDWNokYJJyMEpyyS', 'ITS Surabaya', 'Kecerdasan Buatan', 'bg-indigo-500', 'UI/UX designer dengan kecintaan pada desain minimalis dan glassmorphism.', 'peserta', '["Lomba Mini Web ITS Surabaya — Juara 2","Project Bootcamp UI/UX Kecerdasan Buatan — Peserta Terbaik"]', '["Sertifikat Professional Kelulusan Kecerdasan Buatan","Juara Favorit Lomba Ide Solutif"]', true, true, true, true, NULL, NULL, NULL, NULL, NULL, 'none', NULL, NULL, NULL, false),
  (82, 'Farhan Indah', 'farhan.indah_23@student.ac.id', '$2a$10$RSkZRsA7U61f4p9zkOfGR.U../8gzlcw63XpZXDWNokYJJyMEpyyS', 'Telkom University', 'Teknik Komputer', 'bg-amber-500', 'Pembelajar cepat yang berdedikasi mencari pengalaman lomba tingkat nasional.', 'peserta', '["Lomba Mini Web Telkom University — Juara 3","Project Bootcamp UI/UX Teknik Komputer — Peserta Terbaik"]', '["Sertifikat Professional Kelulusan Teknik Komputer","Juara Favorit Lomba Ide Solutif"]', false, true, true, true, NULL, NULL, NULL, NULL, NULL, 'none', NULL, NULL, NULL, false),
  (83, 'Made Nasution', 'made.nasution_24@student.ac.id', '$2a$10$RSkZRsA7U61f4p9zkOfGR.U../8gzlcw63XpZXDWNokYJJyMEpyyS', 'ITS Surabaya', 'Informatika', 'bg-amber-500', 'Sangat tertarik dengan proyek berdampak sosial dan startup ramah lingkungan.', 'peserta', '["Lomba Mini Web ITS Surabaya — Juara 1","Project Bootcamp UI/UX Informatika — Peserta Terbaik"]', '["Sertifikat Professional Kelulusan Informatika","Juara Favorit Lomba Ide Solutif"]', false, true, true, true, NULL, NULL, NULL, NULL, NULL, 'none', NULL, NULL, NULL, false),
  (84, 'Zacky Kusuma', 'zacky.kusuma_25@student.ac.id', '$2a$10$RSkZRsA7U61f4p9zkOfGR.U../8gzlcw63XpZXDWNokYJJyMEpyyS', 'ITS Surabaya', 'Statistika', 'bg-amber-500', 'Sedang mendalami UI/UX design dan riset pengguna secara praktis.', 'peserta', '["Lomba Mini Web ITS Surabaya — Juara 2","Project Bootcamp UI/UX Statistika — Peserta Terbaik"]', '["Sertifikat Professional Kelulusan Statistika","Juara Favorit Lomba Ide Solutif"]', false, true, true, true, NULL, NULL, NULL, NULL, NULL, 'none', NULL, NULL, NULL, false),
  (85, 'Made Harahap', 'made.harahap_26@student.ac.id', '$2a$10$RSkZRsA7U61f4p9zkOfGR.U../8gzlcw63XpZXDWNokYJJyMEpyyS', 'Universitas Indonesia', 'Rekayasa Perangkat Lunak', 'bg-rose-500', 'Business strategist yang siap membantu merancang pitch deck dan analisis keuangan.', 'peserta', '["Lomba Mini Web Universitas Indonesia — Juara 1","Project Bootcamp UI/UX Rekayasa Perangkat Lunak — Peserta Terbaik"]', '["Sertifikat Professional Kelulusan Rekayasa Perangkat Lunak","Juara Favorit Lomba Ide Solutif"]', true, true, true, true, NULL, NULL, NULL, NULL, NULL, 'none', NULL, NULL, NULL, false),
  (86, 'Bella Utami', 'bella.utami_27@student.ac.id', '$2a$10$RSkZRsA7U61f4p9zkOfGR.U../8gzlcw63XpZXDWNokYJJyMEpyyS', 'Universitas Padjadjaran', 'Kecerdasan Buatan', 'bg-cyan-500', 'UI/UX designer dengan kecintaan pada desain minimalis dan glassmorphism.', 'peserta', '["Lomba Mini Web Universitas Padjadjaran — Juara 1","Project Bootcamp UI/UX Kecerdasan Buatan — Peserta Terbaik"]', '["Sertifikat Professional Kelulusan Kecerdasan Buatan","Juara Favorit Lomba Ide Solutif"]', false, true, true, true, NULL, NULL, NULL, NULL, NULL, 'none', NULL, NULL, NULL, false),
  (87, 'Farhan Tanjung', 'farhan.tanjung_28@student.ac.id', '$2a$10$RSkZRsA7U61f4p9zkOfGR.U../8gzlcw63XpZXDWNokYJJyMEpyyS', 'Universitas Airlangga', 'Informatika', 'bg-amber-500', 'Full-stack developer yang berfokus pada efisiensi API dan database relational.', 'peserta', '["Lomba Mini Web Universitas Airlangga — Juara 1","Project Bootcamp UI/UX Informatika — Peserta Terbaik"]', '["Sertifikat Professional Kelulusan Informatika","Juara Favorit Lomba Ide Solutif"]', false, true, true, true, NULL, NULL, NULL, NULL, NULL, 'none', NULL, NULL, NULL, false),
  (88, 'Candra Nugroho', 'candra.nugroho_29@student.ac.id', '$2a$10$RSkZRsA7U61f4p9zkOfGR.U../8gzlcw63XpZXDWNokYJJyMEpyyS', 'Universitas Padjadjaran', 'Teknik Komputer', 'bg-pink-500', 'Business strategist yang siap membantu merancang pitch deck dan analisis keuangan.', 'peserta', '["Lomba Mini Web Universitas Padjadjaran — Juara 3","Project Bootcamp UI/UX Teknik Komputer — Peserta Terbaik"]', '["Sertifikat Professional Kelulusan Teknik Komputer","Juara Favorit Lomba Ide Solutif"]', false, true, true, true, NULL, NULL, NULL, NULL, NULL, 'none', NULL, NULL, NULL, false),
  (89, 'Jihan Fitriani', 'jihan.fitriani_30@student.ac.id', '$2a$10$RSkZRsA7U61f4p9zkOfGR.U../8gzlcw63XpZXDWNokYJJyMEpyyS', 'Universitas Brawijaya', 'Informatika', 'bg-blue-500', 'Pembelajar cepat yang berdedikasi mencari pengalaman lomba tingkat nasional.', 'peserta', '["Lomba Mini Web Universitas Brawijaya — Juara 3","Project Bootcamp UI/UX Informatika — Peserta Terbaik"]', '["Sertifikat Professional Kelulusan Informatika","Juara Favorit Lomba Ide Solutif"]', true, true, true, true, NULL, NULL, NULL, NULL, NULL, 'none', NULL, NULL, NULL, false),
  (90, 'Indah Nugroho', 'indah.nugroho_31@student.ac.id', '$2a$10$RSkZRsA7U61f4p9zkOfGR.U../8gzlcw63XpZXDWNokYJJyMEpyyS', 'Telkom University', 'Teknik Komputer', 'bg-orange-500', 'Machine learning enthusiast yang senang menganalisis pola data statistik.', 'peserta', '["Lomba Mini Web Telkom University — Juara 2","Project Bootcamp UI/UX Teknik Komputer — Peserta Terbaik"]', '["Sertifikat Professional Kelulusan Teknik Komputer","Juara Favorit Lomba Ide Solutif"]', false, true, true, true, NULL, NULL, NULL, NULL, NULL, 'none', NULL, NULL, NULL, false),
  (91, 'Vina Putra', 'vina.putra_32@student.ac.id', '$2a$10$RSkZRsA7U61f4p9zkOfGR.U../8gzlcw63XpZXDWNokYJJyMEpyyS', 'Universitas Hasanuddin', 'Statistika', 'bg-orange-500', 'Sangat tertarik dengan proyek berdampak sosial dan startup ramah lingkungan.', 'peserta', '["Lomba Mini Web Universitas Hasanuddin — Juara 2","Project Bootcamp UI/UX Statistika — Peserta Terbaik"]', '["Sertifikat Professional Kelulusan Statistika","Juara Favorit Lomba Ide Solutif"]', false, true, true, true, NULL, NULL, NULL, NULL, NULL, 'none', NULL, NULL, NULL, false),
  (92, 'Fadilah Setiawan', 'fadilah.setiawan_33@student.ac.id', '$2a$10$RSkZRsA7U61f4p9zkOfGR.U../8gzlcw63XpZXDWNokYJJyMEpyyS', 'Universitas Padjadjaran', 'Statistika', 'bg-indigo-500', 'Full-stack developer yang berfokus pada efisiensi API dan database relational.', 'peserta', '["Lomba Mini Web Universitas Padjadjaran — Juara 3","Project Bootcamp UI/UX Statistika — Peserta Terbaik"]', '["Sertifikat Professional Kelulusan Statistika","Juara Favorit Lomba Ide Solutif"]', true, true, true, true, NULL, NULL, NULL, NULL, NULL, 'none', NULL, NULL, NULL, false),
  (93, 'Bella Sembiring', 'bella.sembiring_34@student.ac.id', '$2a$10$RSkZRsA7U61f4p9zkOfGR.U../8gzlcw63XpZXDWNokYJJyMEpyyS', 'Telkom University', 'Kecerdasan Buatan', 'bg-indigo-500', 'Sedang mendalami UI/UX design dan riset pengguna secara praktis.', 'peserta', '["Lomba Mini Web Telkom University — Juara 1","Project Bootcamp UI/UX Kecerdasan Buatan — Peserta Terbaik"]', '["Sertifikat Professional Kelulusan Kecerdasan Buatan","Juara Favorit Lomba Ide Solutif"]', false, true, true, true, NULL, NULL, NULL, NULL, NULL, 'none', NULL, NULL, NULL, false),
  (94, 'Andi Manurung', 'andi.manurung_35@student.ac.id', '$2a$10$RSkZRsA7U61f4p9zkOfGR.U../8gzlcw63XpZXDWNokYJJyMEpyyS', 'Universitas Brawijaya', 'Kecerdasan Buatan', 'bg-cyan-500', 'Full-stack developer yang berfokus pada efisiensi API dan database relational.', 'peserta', '["Lomba Mini Web Universitas Brawijaya — Juara 2","Project Bootcamp UI/UX Kecerdasan Buatan — Peserta Terbaik"]', '["Sertifikat Professional Kelulusan Kecerdasan Buatan","Juara Favorit Lomba Ide Solutif"]', false, true, true, true, NULL, NULL, NULL, NULL, NULL, 'none', NULL, NULL, NULL, false),
  (95, 'Rina Manurung', 'rina.manurung_36@student.ac.id', '$2a$10$RSkZRsA7U61f4p9zkOfGR.U../8gzlcw63XpZXDWNokYJJyMEpyyS', 'ITS Surabaya', 'Manajemen', 'bg-teal-500', 'Antusias dengan kolaborasi riset dan pengembangan software tingkat mahasiswa.', 'peserta', '["Lomba Mini Web ITS Surabaya — Juara 2","Project Bootcamp UI/UX Manajemen — Peserta Terbaik"]', '["Sertifikat Professional Kelulusan Manajemen","Juara Favorit Lomba Ide Solutif"]', false, true, true, true, NULL, NULL, NULL, NULL, NULL, 'none', NULL, NULL, NULL, false),
  (96, 'Satria Nasution', 'satria.nasution_37@student.ac.id', '$2a$10$RSkZRsA7U61f4p9zkOfGR.U../8gzlcw63XpZXDWNokYJJyMEpyyS', 'ITS Surabaya', 'Sistem Informasi', 'bg-indigo-500', 'Sedang mendalami UI/UX design dan riset pengguna secara praktis.', 'peserta', '["Lomba Mini Web ITS Surabaya — Juara 2","Project Bootcamp UI/UX Sistem Informasi — Peserta Terbaik"]', '["Sertifikat Professional Kelulusan Sistem Informasi","Juara Favorit Lomba Ide Solutif"]', true, true, true, true, NULL, NULL, NULL, NULL, NULL, 'none', NULL, NULL, NULL, false),
  (97, 'Kevin Sari', 'kevin.sari_38@student.ac.id', '$2a$10$RSkZRsA7U61f4p9zkOfGR.U../8gzlcw63XpZXDWNokYJJyMEpyyS', 'Universitas Diponegoro', 'Rekayasa Perangkat Lunak', 'bg-blue-500', 'UI/UX designer dengan kecintaan pada desain minimalis dan glassmorphism.', 'peserta', '["Lomba Mini Web Universitas Diponegoro — Juara 1","Project Bootcamp UI/UX Rekayasa Perangkat Lunak — Peserta Terbaik"]', '["Sertifikat Professional Kelulusan Rekayasa Perangkat Lunak","Juara Favorit Lomba Ide Solutif"]', true, true, true, true, NULL, NULL, NULL, NULL, NULL, 'none', NULL, NULL, NULL, false),
  (98, 'Satria Gunawan', 'satria.gunawan_39@student.ac.id', '$2a$10$RSkZRsA7U61f4p9zkOfGR.U../8gzlcw63XpZXDWNokYJJyMEpyyS', 'Universitas Hasanuddin', 'Manajemen', 'bg-cyan-500', 'Machine learning enthusiast yang senang menganalisis pola data statistik.', 'peserta', '["Lomba Mini Web Universitas Hasanuddin — Juara 2","Project Bootcamp UI/UX Manajemen — Peserta Terbaik"]', '["Sertifikat Professional Kelulusan Manajemen","Juara Favorit Lomba Ide Solutif"]', false, true, true, true, NULL, NULL, NULL, NULL, NULL, 'none', NULL, NULL, NULL, false),
  (99, 'Citra Kusuma', 'citra.kusuma_40@student.ac.id', '$2a$10$RSkZRsA7U61f4p9zkOfGR.U../8gzlcw63XpZXDWNokYJJyMEpyyS', 'Universitas Padjadjaran', 'Desain Komunikasi Visual', 'bg-rose-500', 'Machine learning enthusiast yang senang menganalisis pola data statistik.', 'peserta', '["Lomba Mini Web Universitas Padjadjaran — Juara 1","Project Bootcamp UI/UX Desain Komunikasi Visual — Peserta Terbaik"]', '["Sertifikat Professional Kelulusan Desain Komunikasi Visual","Juara Favorit Lomba Ide Solutif"]', true, true, true, true, NULL, NULL, NULL, NULL, NULL, 'none', NULL, NULL, NULL, false),
  (100, 'Gita Budiman', 'gita.budiman_41@student.ac.id', '$2a$10$RSkZRsA7U61f4p9zkOfGR.U../8gzlcw63XpZXDWNokYJJyMEpyyS', 'ITB Bandung', 'Sistem Informasi', 'bg-pink-500', 'Sedang mendalami UI/UX design dan riset pengguna secara praktis.', 'peserta', '["Lomba Mini Web ITB Bandung — Juara 2","Project Bootcamp UI/UX Sistem Informasi — Peserta Terbaik"]', '["Sertifikat Professional Kelulusan Sistem Informasi","Juara Favorit Lomba Ide Solutif"]', false, true, true, true, NULL, NULL, NULL, NULL, NULL, 'none', NULL, NULL, NULL, false),
  (101, 'Hesti Setiawan', 'hesti.setiawan_42@student.ac.id', '$2a$10$RSkZRsA7U61f4p9zkOfGR.U../8gzlcw63XpZXDWNokYJJyMEpyyS', 'ITB Bandung', 'Manajemen', 'bg-rose-500', 'Full-stack developer yang berfokus pada efisiensi API dan database relational.', 'peserta', '["Lomba Mini Web ITB Bandung — Juara 2","Project Bootcamp UI/UX Manajemen — Peserta Terbaik"]', '["Sertifikat Professional Kelulusan Manajemen","Juara Favorit Lomba Ide Solutif"]', true, true, true, true, NULL, NULL, NULL, NULL, NULL, 'none', NULL, NULL, NULL, false),
  (102, 'Made Nugroho', 'made.nugroho_43@student.ac.id', '$2a$10$RSkZRsA7U61f4p9zkOfGR.U../8gzlcw63XpZXDWNokYJJyMEpyyS', 'BINUS University', 'Teknik Komputer', 'bg-rose-500', 'Antusias dengan kolaborasi riset dan pengembangan software tingkat mahasiswa.', 'peserta', '["Lomba Mini Web BINUS University — Juara 1","Project Bootcamp UI/UX Teknik Komputer — Peserta Terbaik"]', '["Sertifikat Professional Kelulusan Teknik Komputer","Juara Favorit Lomba Ide Solutif"]', false, true, true, true, NULL, NULL, NULL, NULL, NULL, 'none', NULL, NULL, NULL, false),
  (103, 'Andi Tanjung', 'andi.tanjung_44@student.ac.id', '$2a$10$RSkZRsA7U61f4p9zkOfGR.U../8gzlcw63XpZXDWNokYJJyMEpyyS', 'ITS Surabaya', 'Rekayasa Perangkat Lunak', 'bg-rose-500', 'Pembelajar cepat yang berdedikasi mencari pengalaman lomba tingkat nasional.', 'peserta', '["Lomba Mini Web ITS Surabaya — Juara 2","Project Bootcamp UI/UX Rekayasa Perangkat Lunak — Peserta Terbaik"]', '["Sertifikat Professional Kelulusan Rekayasa Perangkat Lunak","Juara Favorit Lomba Ide Solutif"]', true, true, true, true, NULL, NULL, NULL, NULL, NULL, 'none', NULL, NULL, NULL, false),
  (104, 'Indah Pangaribuan', 'indah.pangaribuan_45@student.ac.id', '$2a$10$RSkZRsA7U61f4p9zkOfGR.U../8gzlcw63XpZXDWNokYJJyMEpyyS', 'Universitas Indonesia', 'Rekayasa Perangkat Lunak', 'bg-cyan-500', 'UI/UX designer dengan kecintaan pada desain minimalis dan glassmorphism.', 'peserta', '["Lomba Mini Web Universitas Indonesia — Juara 1","Project Bootcamp UI/UX Rekayasa Perangkat Lunak — Peserta Terbaik"]', '["Sertifikat Professional Kelulusan Rekayasa Perangkat Lunak","Juara Favorit Lomba Ide Solutif"]', false, true, true, true, NULL, NULL, NULL, NULL, NULL, 'none', NULL, NULL, NULL, false),
  (105, 'Gita Wibowo', 'gita.wibowo_46@student.ac.id', '$2a$10$RSkZRsA7U61f4p9zkOfGR.U../8gzlcw63XpZXDWNokYJJyMEpyyS', 'Universitas Diponegoro', 'Manajemen', 'bg-violet-500', 'Sedang mendalami UI/UX design dan riset pengguna secara praktis.', 'peserta', '["Lomba Mini Web Universitas Diponegoro — Juara 1","Project Bootcamp UI/UX Manajemen — Peserta Terbaik"]', '["Sertifikat Professional Kelulusan Manajemen","Juara Favorit Lomba Ide Solutif"]', false, true, true, true, NULL, NULL, NULL, NULL, NULL, 'none', NULL, NULL, NULL, false),
  (106, 'Rina Pratama', 'rina.pratama_47@student.ac.id', '$2a$10$RSkZRsA7U61f4p9zkOfGR.U../8gzlcw63XpZXDWNokYJJyMEpyyS', 'Telkom University', 'Rekayasa Perangkat Lunak', 'bg-purple-500', 'UI/UX designer dengan kecintaan pada desain minimalis dan glassmorphism.', 'peserta', '["Lomba Mini Web Telkom University — Juara 2","Project Bootcamp UI/UX Rekayasa Perangkat Lunak — Peserta Terbaik"]', '["Sertifikat Professional Kelulusan Rekayasa Perangkat Lunak","Juara Favorit Lomba Ide Solutif"]', true, true, true, true, NULL, NULL, NULL, NULL, NULL, 'none', NULL, NULL, NULL, false),
  (107, 'Satria Suryadi', 'satria.suryadi_48@student.ac.id', '$2a$10$RSkZRsA7U61f4p9zkOfGR.U../8gzlcw63XpZXDWNokYJJyMEpyyS', 'ITB Bandung', 'Statistika', 'bg-teal-500', 'Sangat tertarik dengan proyek berdampak sosial dan startup ramah lingkungan.', 'peserta', '["Lomba Mini Web ITB Bandung — Juara 3","Project Bootcamp UI/UX Statistika — Peserta Terbaik"]', '["Sertifikat Professional Kelulusan Statistika","Juara Favorit Lomba Ide Solutif"]', false, true, true, true, NULL, NULL, NULL, NULL, NULL, 'none', NULL, NULL, NULL, false),
  (108, 'Pratama Wijaya', 'pratama.wijaya_49@student.ac.id', '$2a$10$RSkZRsA7U61f4p9zkOfGR.U../8gzlcw63XpZXDWNokYJJyMEpyyS', 'Universitas Hasanuddin', 'Teknik Komputer', 'bg-blue-500', 'Sedang mendalami UI/UX design dan riset pengguna secara praktis.', 'peserta', '["Lomba Mini Web Universitas Hasanuddin — Juara 1","Project Bootcamp UI/UX Teknik Komputer — Peserta Terbaik"]', '["Sertifikat Professional Kelulusan Teknik Komputer","Juara Favorit Lomba Ide Solutif"]', true, true, true, true, NULL, NULL, NULL, NULL, NULL, 'none', NULL, NULL, NULL, false),
  (109, 'Eka Saputra', 'eka.saputra_50@student.ac.id', '$2a$10$RSkZRsA7U61f4p9zkOfGR.U../8gzlcw63XpZXDWNokYJJyMEpyyS', 'Universitas Airlangga', 'Statistika', 'bg-teal-500', 'Machine learning enthusiast yang senang menganalisis pola data statistik.', 'peserta', '["Lomba Mini Web Universitas Airlangga — Juara 1","Project Bootcamp UI/UX Statistika — Peserta Terbaik"]', '["Sertifikat Professional Kelulusan Statistika","Juara Favorit Lomba Ide Solutif"]', false, true, true, true, NULL, NULL, NULL, NULL, NULL, 'none', NULL, NULL, NULL, false),
  (110, 'Indah Sari', 'indah.sari_51@student.ac.id', '$2a$10$RSkZRsA7U61f4p9zkOfGR.U../8gzlcw63XpZXDWNokYJJyMEpyyS', 'Universitas Hasanuddin', 'Rekayasa Perangkat Lunak', 'bg-orange-500', 'Sangat tertarik dengan proyek berdampak sosial dan startup ramah lingkungan.', 'peserta', '["Lomba Mini Web Universitas Hasanuddin — Juara 1","Project Bootcamp UI/UX Rekayasa Perangkat Lunak — Peserta Terbaik"]', '["Sertifikat Professional Kelulusan Rekayasa Perangkat Lunak","Juara Favorit Lomba Ide Solutif"]', true, true, true, true, NULL, NULL, NULL, NULL, NULL, 'none', NULL, NULL, NULL, false),
  (111, 'Mega Pangaribuan', 'mega.pangaribuan_52@student.ac.id', '$2a$10$RSkZRsA7U61f4p9zkOfGR.U../8gzlcw63XpZXDWNokYJJyMEpyyS', 'ITB Bandung', 'Statistika', 'bg-teal-500', 'Antusias dengan kolaborasi riset dan pengembangan software tingkat mahasiswa.', 'peserta', '["Lomba Mini Web ITB Bandung — Juara 1","Project Bootcamp UI/UX Statistika — Peserta Terbaik"]', '["Sertifikat Professional Kelulusan Statistika","Juara Favorit Lomba Ide Solutif"]', true, true, true, true, NULL, NULL, NULL, NULL, NULL, 'none', NULL, NULL, NULL, false),
  (112, 'Daffa Amalia', 'daffa.amalia_53@student.ac.id', '$2a$10$RSkZRsA7U61f4p9zkOfGR.U../8gzlcw63XpZXDWNokYJJyMEpyyS', 'Universitas Indonesia', 'Desain Komunikasi Visual', 'bg-amber-500', 'Antusias dengan kolaborasi riset dan pengembangan software tingkat mahasiswa.', 'peserta', '["Lomba Mini Web Universitas Indonesia — Juara 2","Project Bootcamp UI/UX Desain Komunikasi Visual — Peserta Terbaik"]', '["Sertifikat Professional Kelulusan Desain Komunikasi Visual","Juara Favorit Lomba Ide Solutif"]', true, true, true, true, NULL, NULL, NULL, NULL, NULL, 'none', NULL, NULL, NULL, false),
  (113, 'Kartika Fitriani', 'kartika.fitriani_54@student.ac.id', '$2a$10$RSkZRsA7U61f4p9zkOfGR.U../8gzlcw63XpZXDWNokYJJyMEpyyS', 'Universitas Brawijaya', 'Teknik Komputer', 'bg-cyan-500', 'Sedang mendalami UI/UX design dan riset pengguna secara praktis.', 'peserta', '["Lomba Mini Web Universitas Brawijaya — Juara 2","Project Bootcamp UI/UX Teknik Komputer — Peserta Terbaik"]', '["Sertifikat Professional Kelulusan Teknik Komputer","Juara Favorit Lomba Ide Solutif"]', true, true, true, true, NULL, NULL, NULL, NULL, NULL, 'none', NULL, NULL, NULL, false),
  (114, 'Siti Fitriani', 'siti.fitriani_55@student.ac.id', '$2a$10$RSkZRsA7U61f4p9zkOfGR.U../8gzlcw63XpZXDWNokYJJyMEpyyS', 'Universitas Diponegoro', 'Desain Komunikasi Visual', 'bg-orange-500', 'Business strategist yang siap membantu merancang pitch deck dan analisis keuangan.', 'peserta', '["Lomba Mini Web Universitas Diponegoro — Juara 1","Project Bootcamp UI/UX Desain Komunikasi Visual — Peserta Terbaik"]', '["Sertifikat Professional Kelulusan Desain Komunikasi Visual","Juara Favorit Lomba Ide Solutif"]', false, true, true, true, NULL, NULL, NULL, NULL, NULL, 'none', NULL, NULL, NULL, false),
  (115, 'Putri Lestari', 'putri.lestari_56@student.ac.id', '$2a$10$RSkZRsA7U61f4p9zkOfGR.U../8gzlcw63XpZXDWNokYJJyMEpyyS', 'BINUS University', 'Desain Komunikasi Visual', 'bg-pink-500', 'Sedang mendalami UI/UX design dan riset pengguna secara praktis.', 'peserta', '["Lomba Mini Web BINUS University — Juara 2","Project Bootcamp UI/UX Desain Komunikasi Visual — Peserta Terbaik"]', '["Sertifikat Professional Kelulusan Desain Komunikasi Visual","Juara Favorit Lomba Ide Solutif"]', true, true, true, true, NULL, NULL, NULL, NULL, NULL, 'none', NULL, NULL, NULL, false),
  (116, 'Annisa Amalia', 'annisa.amalia_57@student.ac.id', '$2a$10$RSkZRsA7U61f4p9zkOfGR.U../8gzlcw63XpZXDWNokYJJyMEpyyS', 'ITB Bandung', 'Rekayasa Perangkat Lunak', 'bg-violet-500', 'UI/UX designer dengan kecintaan pada desain minimalis dan glassmorphism.', 'peserta', '["Lomba Mini Web ITB Bandung — Juara 3","Project Bootcamp UI/UX Rekayasa Perangkat Lunak — Peserta Terbaik"]', '["Sertifikat Professional Kelulusan Rekayasa Perangkat Lunak","Juara Favorit Lomba Ide Solutif"]', false, true, true, true, NULL, NULL, NULL, NULL, NULL, 'none', NULL, NULL, NULL, false),
  (117, 'Fajar Sinaga', 'fajar.sinaga_58@student.ac.id', '$2a$10$RSkZRsA7U61f4p9zkOfGR.U../8gzlcw63XpZXDWNokYJJyMEpyyS', 'Universitas Brawijaya', 'Sistem Informasi', 'bg-blue-500', 'Full-stack developer yang berfokus pada efisiensi API dan database relational.', 'peserta', '["Lomba Mini Web Universitas Brawijaya — Juara 2","Project Bootcamp UI/UX Sistem Informasi — Peserta Terbaik"]', '["Sertifikat Professional Kelulusan Sistem Informasi","Juara Favorit Lomba Ide Solutif"]', true, true, true, true, NULL, NULL, NULL, NULL, NULL, 'none', NULL, NULL, NULL, false),
  (118, 'Muhammad Kartika', 'muhammad.kartika_59@student.ac.id', '$2a$10$RSkZRsA7U61f4p9zkOfGR.U../8gzlcw63XpZXDWNokYJJyMEpyyS', 'IPB University', 'Teknik Komputer', 'bg-pink-500', 'Full-stack developer yang berfokus pada efisiensi API dan database relational.', 'peserta', '["Lomba Mini Web IPB University — Juara 2","Project Bootcamp UI/UX Teknik Komputer — Peserta Terbaik"]', '["Sertifikat Professional Kelulusan Teknik Komputer","Juara Favorit Lomba Ide Solutif"]', true, true, true, true, NULL, NULL, NULL, NULL, NULL, 'none', NULL, NULL, NULL, false),
  (119, 'Fitri Fitriani', 'fitri.fitriani_60@student.ac.id', '$2a$10$RSkZRsA7U61f4p9zkOfGR.U../8gzlcw63XpZXDWNokYJJyMEpyyS', 'Universitas Diponegoro', 'Desain Komunikasi Visual', 'bg-violet-500', 'Business strategist yang siap membantu merancang pitch deck dan analisis keuangan.', 'peserta', '["Lomba Mini Web Universitas Diponegoro — Juara 1","Project Bootcamp UI/UX Desain Komunikasi Visual — Peserta Terbaik"]', '["Sertifikat Professional Kelulusan Desain Komunikasi Visual","Juara Favorit Lomba Ide Solutif"]', true, true, true, true, NULL, NULL, NULL, NULL, NULL, 'none', NULL, NULL, NULL, false),
  (120, 'Hendra Lestari', 'hendra.lestari_61@student.ac.id', '$2a$10$RSkZRsA7U61f4p9zkOfGR.U../8gzlcw63XpZXDWNokYJJyMEpyyS', 'Universitas Padjadjaran', 'Informatika', 'bg-emerald-500', 'Sangat tertarik dengan proyek berdampak sosial dan startup ramah lingkungan.', 'peserta', '["Lomba Mini Web Universitas Padjadjaran — Juara 3","Project Bootcamp UI/UX Informatika — Peserta Terbaik"]', '["Sertifikat Professional Kelulusan Informatika","Juara Favorit Lomba Ide Solutif"]', false, true, true, true, NULL, NULL, NULL, NULL, NULL, 'none', NULL, NULL, NULL, false),
  (121, 'Nyoman Indah', 'nyoman.indah_62@student.ac.id', '$2a$10$RSkZRsA7U61f4p9zkOfGR.U../8gzlcw63XpZXDWNokYJJyMEpyyS', 'ITS Surabaya', 'Desain Komunikasi Visual', 'bg-pink-500', 'UI/UX designer dengan kecintaan pada desain minimalis dan glassmorphism.', 'peserta', '["Lomba Mini Web ITS Surabaya — Juara 3","Project Bootcamp UI/UX Desain Komunikasi Visual — Peserta Terbaik"]', '["Sertifikat Professional Kelulusan Desain Komunikasi Visual","Juara Favorit Lomba Ide Solutif"]', true, true, true, true, NULL, NULL, NULL, NULL, NULL, 'none', NULL, NULL, NULL, false),
  (122, 'Elsa Saputra', 'elsa.saputra_63@student.ac.id', '$2a$10$RSkZRsA7U61f4p9zkOfGR.U../8gzlcw63XpZXDWNokYJJyMEpyyS', 'Universitas Diponegoro', 'Rekayasa Perangkat Lunak', 'bg-pink-500', 'Sangat tertarik dengan proyek berdampak sosial dan startup ramah lingkungan.', 'peserta', '["Lomba Mini Web Universitas Diponegoro — Juara 3","Project Bootcamp UI/UX Rekayasa Perangkat Lunak — Peserta Terbaik"]', '["Sertifikat Professional Kelulusan Rekayasa Perangkat Lunak","Juara Favorit Lomba Ide Solutif"]', false, true, true, true, NULL, NULL, NULL, NULL, NULL, 'none', NULL, NULL, NULL, false),
  (123, 'Made Hasibuan', 'made.hasibuan_64@student.ac.id', '$2a$10$RSkZRsA7U61f4p9zkOfGR.U../8gzlcw63XpZXDWNokYJJyMEpyyS', 'Universitas Brawijaya', 'Sistem Informasi', 'bg-emerald-500', 'Pembelajar cepat yang berdedikasi mencari pengalaman lomba tingkat nasional.', 'peserta', '["Lomba Mini Web Universitas Brawijaya — Juara 3","Project Bootcamp UI/UX Sistem Informasi — Peserta Terbaik"]', '["Sertifikat Professional Kelulusan Sistem Informasi","Juara Favorit Lomba Ide Solutif"]', true, true, true, true, NULL, NULL, NULL, NULL, NULL, 'none', NULL, NULL, NULL, false),
  (124, 'Muhammad Simanjuntak', 'muhammad.simanjuntak_65@student.ac.id', '$2a$10$RSkZRsA7U61f4p9zkOfGR.U../8gzlcw63XpZXDWNokYJJyMEpyyS', 'Universitas Indonesia', 'Rekayasa Perangkat Lunak', 'bg-amber-500', 'Pembelajar cepat yang berdedikasi mencari pengalaman lomba tingkat nasional.', 'peserta', '["Lomba Mini Web Universitas Indonesia — Juara 1","Project Bootcamp UI/UX Rekayasa Perangkat Lunak — Peserta Terbaik"]', '["Sertifikat Professional Kelulusan Rekayasa Perangkat Lunak","Juara Favorit Lomba Ide Solutif"]', false, true, true, true, NULL, NULL, NULL, NULL, NULL, 'none', NULL, NULL, NULL, false),
  (125, 'Gita Santoso', 'gita.santoso_66@student.ac.id', '$2a$10$RSkZRsA7U61f4p9zkOfGR.U../8gzlcw63XpZXDWNokYJJyMEpyyS', 'Universitas Diponegoro', 'Teknik Komputer', 'bg-orange-500', 'Business strategist yang siap membantu merancang pitch deck dan analisis keuangan.', 'peserta', '["Lomba Mini Web Universitas Diponegoro — Juara 1","Project Bootcamp UI/UX Teknik Komputer — Peserta Terbaik"]', '["Sertifikat Professional Kelulusan Teknik Komputer","Juara Favorit Lomba Ide Solutif"]', false, true, true, true, NULL, NULL, NULL, NULL, NULL, 'none', NULL, NULL, NULL, false),
  (126, 'Vina Sembiring', 'vina.sembiring_67@student.ac.id', '$2a$10$RSkZRsA7U61f4p9zkOfGR.U../8gzlcw63XpZXDWNokYJJyMEpyyS', 'Universitas Diponegoro', 'Sistem Informasi', 'bg-pink-500', 'Antusias dengan kolaborasi riset dan pengembangan software tingkat mahasiswa.', 'peserta', '["Lomba Mini Web Universitas Diponegoro — Juara 3","Project Bootcamp UI/UX Sistem Informasi — Peserta Terbaik"]', '["Sertifikat Professional Kelulusan Sistem Informasi","Juara Favorit Lomba Ide Solutif"]', false, true, true, true, NULL, NULL, NULL, NULL, NULL, 'none', NULL, NULL, NULL, false),
  (127, 'Dian Saputra', 'dian.saputra_68@student.ac.id', '$2a$10$RSkZRsA7U61f4p9zkOfGR.U../8gzlcw63XpZXDWNokYJJyMEpyyS', 'Universitas Airlangga', 'Sistem Informasi', 'bg-emerald-500', 'Business strategist yang siap membantu merancang pitch deck dan analisis keuangan.', 'peserta', '["Lomba Mini Web Universitas Airlangga — Juara 2","Project Bootcamp UI/UX Sistem Informasi — Peserta Terbaik"]', '["Sertifikat Professional Kelulusan Sistem Informasi","Juara Favorit Lomba Ide Solutif"]', true, true, true, true, NULL, NULL, NULL, NULL, NULL, 'none', NULL, NULL, NULL, false),
  (128, 'Gojek Indonesia', 'info@gojek.com', '$2a$10$RSkZRsA7U61f4p9zkOfGR.U../8gzlcw63XpZXDWNokYJJyMEpyyS', NULL, NULL, NULL, 'Official Corporate Sponsor partner for SideQuest students collaboration platform. PT PT GoTo Gojek Tokopedia.', 'sponsor', NULL, NULL, false, true, true, true, NULL, NULL, NULL, NULL, NULL, 'none', NULL, NULL, NULL, false),
  (129, 'Tokopedia', 'partnership@tokopedia.com', '$2a$10$RSkZRsA7U61f4p9zkOfGR.U../8gzlcw63XpZXDWNokYJJyMEpyyS', NULL, NULL, NULL, 'Official Corporate Sponsor partner for SideQuest students collaboration platform. PT PT Tokopedia.', 'sponsor', NULL, NULL, false, true, true, true, NULL, NULL, NULL, NULL, NULL, 'none', NULL, NULL, NULL, false),
  (130, 'Microsoft Corp', 'contact@microsoft.id', '$2a$10$RSkZRsA7U61f4p9zkOfGR.U../8gzlcw63XpZXDWNokYJJyMEpyyS', NULL, NULL, NULL, 'Official Corporate Sponsor partner for SideQuest students collaboration platform. PT Microsoft Indonesia.', 'sponsor', NULL, NULL, false, true, true, true, NULL, NULL, NULL, NULL, NULL, 'none', NULL, NULL, NULL, false),
  (131, 'Shopee Indonesia', 'cs@shopee.co.id', '$2a$10$RSkZRsA7U61f4p9zkOfGR.U../8gzlcw63XpZXDWNokYJJyMEpyyS', NULL, NULL, NULL, 'Official Corporate Sponsor partner for SideQuest students collaboration platform. PT PT Shopee International.', 'sponsor', NULL, NULL, false, true, true, true, NULL, NULL, NULL, NULL, NULL, 'none', NULL, NULL, NULL, false),
  (241, 'Anak Kusuma', 'anak.kusuma_1@student.ac.id', '$2a$10$RSkZRsA7U61f4p9zkOfGR.U../8gzlcw63XpZXDWNokYJJyMEpyyS', 'ITS Surabaya', 'Informatika', 'bg-green-500', 'Machine learning enthusiast yang senang menganalisis pola data statistik.', 'peserta', '["Lomba Mini Web ITS Surabaya — Juara 2","Project Bootcamp UI/UX Informatika — Peserta Terbaik"]', '["Sertifikat Professional Kelulusan Informatika","Juara Favorit Lomba Ide Solutif"]', false, true, true, true, NULL, NULL, NULL, NULL, NULL, 'none', NULL, NULL, NULL, false),
  (242, 'Hadi Tanjung', 'hadi.tanjung_2@student.ac.id', '$2a$10$RSkZRsA7U61f4p9zkOfGR.U../8gzlcw63XpZXDWNokYJJyMEpyyS', 'Universitas Brawijaya', 'Teknik Komputer', 'bg-blue-500', 'UI/UX designer dengan kecintaan pada desain minimalis dan glassmorphism.', 'peserta', '["Lomba Mini Web Universitas Brawijaya — Juara 1","Project Bootcamp UI/UX Teknik Komputer — Peserta Terbaik"]', '["Sertifikat Professional Kelulusan Teknik Komputer","Juara Favorit Lomba Ide Solutif"]', false, true, true, true, NULL, NULL, NULL, NULL, NULL, 'none', NULL, NULL, NULL, false),
  (243, 'Wahyu Harahap', 'wahyu.harahap_3@student.ac.id', '$2a$10$RSkZRsA7U61f4p9zkOfGR.U../8gzlcw63XpZXDWNokYJJyMEpyyS', 'Universitas Brawijaya', 'Rekayasa Perangkat Lunak', 'bg-indigo-500', 'Machine learning enthusiast yang senang menganalisis pola data statistik.', 'peserta', '["Lomba Mini Web Universitas Brawijaya — Juara 1","Project Bootcamp UI/UX Rekayasa Perangkat Lunak — Peserta Terbaik"]', '["Sertifikat Professional Kelulusan Rekayasa Perangkat Lunak","Juara Favorit Lomba Ide Solutif"]', false, true, true, true, NULL, NULL, NULL, NULL, NULL, 'none', NULL, NULL, NULL, false),
  (244, 'Mega Fitriani', 'mega.fitriani_4@student.ac.id', '$2a$10$RSkZRsA7U61f4p9zkOfGR.U../8gzlcw63XpZXDWNokYJJyMEpyyS', 'Universitas Brawijaya', 'Sistem Informasi', 'bg-amber-500', 'UI/UX designer dengan kecintaan pada desain minimalis dan glassmorphism.', 'peserta', '["Lomba Mini Web Universitas Brawijaya — Juara 1","Project Bootcamp UI/UX Sistem Informasi — Peserta Terbaik"]', '["Sertifikat Professional Kelulusan Sistem Informasi","Juara Favorit Lomba Ide Solutif"]', true, true, true, true, NULL, NULL, NULL, NULL, NULL, 'none', NULL, NULL, NULL, false),
  (245, 'Hadi Siregar', 'hadi.siregar_5@student.ac.id', '$2a$10$RSkZRsA7U61f4p9zkOfGR.U../8gzlcw63XpZXDWNokYJJyMEpyyS', 'Universitas Gadjah Mada', 'Sistem Informasi', 'bg-amber-500', 'Antusias dengan kolaborasi riset dan pengembangan software tingkat mahasiswa.', 'peserta', '["Lomba Mini Web Universitas Gadjah Mada — Juara 3","Project Bootcamp UI/UX Sistem Informasi — Peserta Terbaik"]', '["Sertifikat Professional Kelulusan Sistem Informasi","Juara Favorit Lomba Ide Solutif"]', false, true, true, true, NULL, NULL, NULL, NULL, NULL, 'none', NULL, NULL, NULL, false),
  (246, 'Budi Ginting', 'budi.ginting_6@student.ac.id', '$2a$10$RSkZRsA7U61f4p9zkOfGR.U../8gzlcw63XpZXDWNokYJJyMEpyyS', 'ITS Surabaya', 'Informatika', 'bg-orange-500', 'Sangat tertarik dengan proyek berdampak sosial dan startup ramah lingkungan.', 'peserta', '["Lomba Mini Web ITS Surabaya — Juara 3","Project Bootcamp UI/UX Informatika — Peserta Terbaik"]', '["Sertifikat Professional Kelulusan Informatika","Juara Favorit Lomba Ide Solutif"]', true, true, true, true, NULL, NULL, NULL, NULL, NULL, 'none', NULL, NULL, NULL, false),
  (247, 'Muhammad Budiman', 'muhammad.budiman_7@student.ac.id', '$2a$10$RSkZRsA7U61f4p9zkOfGR.U../8gzlcw63XpZXDWNokYJJyMEpyyS', 'Universitas Gadjah Mada', 'Sistem Informasi', 'bg-green-500', 'Full-stack developer yang berfokus pada efisiensi API dan database relational.', 'peserta', '["Lomba Mini Web Universitas Gadjah Mada — Juara 1","Project Bootcamp UI/UX Sistem Informasi — Peserta Terbaik"]', '["Sertifikat Professional Kelulusan Sistem Informasi","Juara Favorit Lomba Ide Solutif"]', false, true, true, true, NULL, NULL, NULL, NULL, NULL, 'none', NULL, NULL, NULL, false),
  (248, 'Wahyu Tanjung', 'wahyu.tanjung_8@student.ac.id', '$2a$10$RSkZRsA7U61f4p9zkOfGR.U../8gzlcw63XpZXDWNokYJJyMEpyyS', 'ITS Surabaya', 'Manajemen', 'bg-green-500', 'Business strategist yang siap membantu merancang pitch deck dan analisis keuangan.', 'peserta', '["Lomba Mini Web ITS Surabaya — Juara 1","Project Bootcamp UI/UX Manajemen — Peserta Terbaik"]', '["Sertifikat Professional Kelulusan Manajemen","Juara Favorit Lomba Ide Solutif"]', true, true, true, true, NULL, NULL, NULL, NULL, NULL, 'none', NULL, NULL, NULL, false),
  (249, 'Candra Indah', 'candra.indah_9@student.ac.id', '$2a$10$RSkZRsA7U61f4p9zkOfGR.U../8gzlcw63XpZXDWNokYJJyMEpyyS', 'Universitas Diponegoro', 'Manajemen', 'bg-pink-500', 'UI/UX designer dengan kecintaan pada desain minimalis dan glassmorphism.', 'peserta', '["Lomba Mini Web Universitas Diponegoro — Juara 3","Project Bootcamp UI/UX Manajemen — Peserta Terbaik"]', '["Sertifikat Professional Kelulusan Manajemen","Juara Favorit Lomba Ide Solutif"]', false, true, true, true, NULL, NULL, NULL, NULL, NULL, 'none', NULL, NULL, NULL, false),
  (250, 'Ketut Kartika', 'ketut.kartika_10@student.ac.id', '$2a$10$RSkZRsA7U61f4p9zkOfGR.U../8gzlcw63XpZXDWNokYJJyMEpyyS', 'Universitas Brawijaya', 'Kecerdasan Buatan', 'bg-orange-500', 'Sedang mendalami UI/UX design dan riset pengguna secara praktis.', 'peserta', '["Lomba Mini Web Universitas Brawijaya — Juara 1","Project Bootcamp UI/UX Kecerdasan Buatan — Peserta Terbaik"]', '["Sertifikat Professional Kelulusan Kecerdasan Buatan","Juara Favorit Lomba Ide Solutif"]', false, true, true, true, NULL, NULL, NULL, NULL, NULL, 'none', NULL, NULL, NULL, false),
  (251, 'Gusti Saputra', 'gusti.saputra_11@student.ac.id', '$2a$10$RSkZRsA7U61f4p9zkOfGR.U../8gzlcw63XpZXDWNokYJJyMEpyyS', 'Universitas Indonesia', 'Teknik Komputer', 'bg-amber-500', 'Machine learning enthusiast yang senang menganalisis pola data statistik.', 'peserta', '["Lomba Mini Web Universitas Indonesia — Juara 2","Project Bootcamp UI/UX Teknik Komputer — Peserta Terbaik"]', '["Sertifikat Professional Kelulusan Teknik Komputer","Juara Favorit Lomba Ide Solutif"]', true, true, true, true, NULL, NULL, NULL, NULL, NULL, 'none', NULL, NULL, NULL, false),
  (252, 'Fadilah Zulkarnain', 'fadilah.zulkarnain_12@student.ac.id', '$2a$10$RSkZRsA7U61f4p9zkOfGR.U../8gzlcw63XpZXDWNokYJJyMEpyyS', 'Universitas Hasanuddin', 'Sistem Informasi', 'bg-green-500', 'Sangat tertarik dengan proyek berdampak sosial dan startup ramah lingkungan.', 'peserta', '["Lomba Mini Web Universitas Hasanuddin — Juara 2","Project Bootcamp UI/UX Sistem Informasi — Peserta Terbaik"]', '["Sertifikat Professional Kelulusan Sistem Informasi","Juara Favorit Lomba Ide Solutif"]', true, true, true, true, NULL, NULL, NULL, NULL, NULL, 'none', NULL, NULL, NULL, false),
  (253, 'Daffa Amalia', 'daffa.amalia_13@student.ac.id', '$2a$10$RSkZRsA7U61f4p9zkOfGR.U../8gzlcw63XpZXDWNokYJJyMEpyyS', 'Universitas Indonesia', 'Manajemen', 'bg-emerald-500', 'UI/UX designer dengan kecintaan pada desain minimalis dan glassmorphism.', 'peserta', '["Lomba Mini Web Universitas Indonesia — Juara 3","Project Bootcamp UI/UX Manajemen — Peserta Terbaik"]', '["Sertifikat Professional Kelulusan Manajemen","Juara Favorit Lomba Ide Solutif"]', false, true, true, true, NULL, NULL, NULL, NULL, NULL, 'none', NULL, NULL, NULL, false),
  (254, 'Satria Wulandari', 'satria.wulandari_14@student.ac.id', '$2a$10$RSkZRsA7U61f4p9zkOfGR.U../8gzlcw63XpZXDWNokYJJyMEpyyS', 'BINUS University', 'Desain Komunikasi Visual', 'bg-teal-500', 'Full-stack developer yang berfokus pada efisiensi API dan database relational.', 'peserta', '["Lomba Mini Web BINUS University — Juara 2","Project Bootcamp UI/UX Desain Komunikasi Visual — Peserta Terbaik"]', '["Sertifikat Professional Kelulusan Desain Komunikasi Visual","Juara Favorit Lomba Ide Solutif"]', false, true, true, true, NULL, NULL, NULL, NULL, NULL, 'none', NULL, NULL, NULL, false),
  (255, 'Indah Gunawan', 'indah.gunawan_15@student.ac.id', '$2a$10$RSkZRsA7U61f4p9zkOfGR.U../8gzlcw63XpZXDWNokYJJyMEpyyS', 'Universitas Brawijaya', 'Informatika', 'bg-green-500', 'Business strategist yang siap membantu merancang pitch deck dan analisis keuangan.', 'peserta', '["Lomba Mini Web Universitas Brawijaya — Juara 1","Project Bootcamp UI/UX Informatika — Peserta Terbaik"]', '["Sertifikat Professional Kelulusan Informatika","Juara Favorit Lomba Ide Solutif"]', false, true, true, true, NULL, NULL, NULL, NULL, NULL, 'none', NULL, NULL, NULL, false),
  (256, 'Ulfah Lubis', 'ulfah.lubis_16@student.ac.id', '$2a$10$RSkZRsA7U61f4p9zkOfGR.U../8gzlcw63XpZXDWNokYJJyMEpyyS', 'ITS Surabaya', 'Rekayasa Perangkat Lunak', 'bg-indigo-500', 'Pembelajar cepat yang berdedikasi mencari pengalaman lomba tingkat nasional.', 'peserta', '["Lomba Mini Web ITS Surabaya — Juara 2","Project Bootcamp UI/UX Rekayasa Perangkat Lunak — Peserta Terbaik"]', '["Sertifikat Professional Kelulusan Rekayasa Perangkat Lunak","Juara Favorit Lomba Ide Solutif"]', false, true, true, true, NULL, NULL, NULL, NULL, NULL, 'none', NULL, NULL, NULL, false),
  (257, 'Muhammad Habibie', 'muhammad.habibie_17@student.ac.id', '$2a$10$RSkZRsA7U61f4p9zkOfGR.U../8gzlcw63XpZXDWNokYJJyMEpyyS', 'Telkom University', 'Teknik Komputer', 'bg-purple-500', 'Sedang mendalami UI/UX design dan riset pengguna secara praktis.', 'peserta', '["Lomba Mini Web Telkom University — Juara 3","Project Bootcamp UI/UX Teknik Komputer — Peserta Terbaik"]', '["Sertifikat Professional Kelulusan Teknik Komputer","Juara Favorit Lomba Ide Solutif"]', false, true, true, true, NULL, NULL, NULL, NULL, NULL, 'none', NULL, NULL, NULL, false),
  (258, 'Siti Pangestu', 'siti.pangestu_18@student.ac.id', '$2a$10$RSkZRsA7U61f4p9zkOfGR.U../8gzlcw63XpZXDWNokYJJyMEpyyS', 'Universitas Padjadjaran', 'Manajemen', 'bg-cyan-500', 'Pembelajar cepat yang berdedikasi mencari pengalaman lomba tingkat nasional.', 'peserta', '["Lomba Mini Web Universitas Padjadjaran — Juara 2","Project Bootcamp UI/UX Manajemen — Peserta Terbaik"]', '["Sertifikat Professional Kelulusan Manajemen","Juara Favorit Lomba Ide Solutif"]', true, true, true, true, NULL, NULL, NULL, NULL, NULL, 'none', NULL, NULL, NULL, false),
  (259, 'Kevin Tanjung', 'kevin.tanjung_19@student.ac.id', '$2a$10$RSkZRsA7U61f4p9zkOfGR.U../8gzlcw63XpZXDWNokYJJyMEpyyS', 'Universitas Gadjah Mada', 'Desain Komunikasi Visual', 'bg-blue-500', 'Business strategist yang siap membantu merancang pitch deck dan analisis keuangan.', 'peserta', '["Lomba Mini Web Universitas Gadjah Mada — Juara 3","Project Bootcamp UI/UX Desain Komunikasi Visual — Peserta Terbaik"]', '["Sertifikat Professional Kelulusan Desain Komunikasi Visual","Juara Favorit Lomba Ide Solutif"]', false, true, true, true, NULL, NULL, NULL, NULL, NULL, 'none', NULL, NULL, NULL, false),
  (260, 'Made Suharto', 'made.suharto_20@student.ac.id', '$2a$10$RSkZRsA7U61f4p9zkOfGR.U../8gzlcw63XpZXDWNokYJJyMEpyyS', 'Universitas Airlangga', 'Informatika', 'bg-amber-500', 'Full-stack developer yang berfokus pada efisiensi API dan database relational.', 'peserta', '["Lomba Mini Web Universitas Airlangga — Juara 1","Project Bootcamp UI/UX Informatika — Peserta Terbaik"]', '["Sertifikat Professional Kelulusan Informatika","Juara Favorit Lomba Ide Solutif"]', true, true, true, true, NULL, NULL, NULL, NULL, NULL, 'none', NULL, NULL, NULL, false),
  (261, 'Jihan Rahmawati', 'jihan.rahmawati_21@student.ac.id', '$2a$10$RSkZRsA7U61f4p9zkOfGR.U../8gzlcw63XpZXDWNokYJJyMEpyyS', 'Universitas Airlangga', 'Informatika', 'bg-orange-500', 'Antusias dengan kolaborasi riset dan pengembangan software tingkat mahasiswa.', 'peserta', '["Lomba Mini Web Universitas Airlangga — Juara 3","Project Bootcamp UI/UX Informatika — Peserta Terbaik"]', '["Sertifikat Professional Kelulusan Informatika","Juara Favorit Lomba Ide Solutif"]', true, true, true, true, NULL, NULL, NULL, NULL, NULL, 'none', NULL, NULL, NULL, false),
  (262, 'Anak Suryadi', 'anak.suryadi_22@student.ac.id', '$2a$10$RSkZRsA7U61f4p9zkOfGR.U../8gzlcw63XpZXDWNokYJJyMEpyyS', 'ITB Bandung', 'Desain Komunikasi Visual', 'bg-indigo-500', 'Sangat tertarik dengan proyek berdampak sosial dan startup ramah lingkungan.', 'peserta', '["Lomba Mini Web ITB Bandung — Juara 2","Project Bootcamp UI/UX Desain Komunikasi Visual — Peserta Terbaik"]', '["Sertifikat Professional Kelulusan Desain Komunikasi Visual","Juara Favorit Lomba Ide Solutif"]', true, true, true, true, NULL, NULL, NULL, NULL, NULL, 'none', NULL, NULL, NULL, false),
  (263, 'Wahyu Lazuardi', 'wahyu.lazuardi_23@student.ac.id', '$2a$10$RSkZRsA7U61f4p9zkOfGR.U../8gzlcw63XpZXDWNokYJJyMEpyyS', 'Universitas Diponegoro', 'Sistem Informasi', 'bg-teal-500', 'Sangat tertarik dengan proyek berdampak sosial dan startup ramah lingkungan.', 'peserta', '["Lomba Mini Web Universitas Diponegoro — Juara 2","Project Bootcamp UI/UX Sistem Informasi — Peserta Terbaik"]', '["Sertifikat Professional Kelulusan Sistem Informasi","Juara Favorit Lomba Ide Solutif"]', false, true, true, true, NULL, NULL, NULL, NULL, NULL, 'none', NULL, NULL, NULL, false),
  (264, 'Naufal Suryadi', 'naufal.suryadi_24@student.ac.id', '$2a$10$RSkZRsA7U61f4p9zkOfGR.U../8gzlcw63XpZXDWNokYJJyMEpyyS', 'Universitas Brawijaya', 'Desain Komunikasi Visual', 'bg-teal-500', 'Business strategist yang siap membantu merancang pitch deck dan analisis keuangan.', 'peserta', '["Lomba Mini Web Universitas Brawijaya — Juara 2","Project Bootcamp UI/UX Desain Komunikasi Visual — Peserta Terbaik"]', '["Sertifikat Professional Kelulusan Desain Komunikasi Visual","Juara Favorit Lomba Ide Solutif"]', true, true, true, true, NULL, NULL, NULL, NULL, NULL, 'none', NULL, NULL, NULL, false),
  (265, 'Bella Kusuma', 'bella.kusuma_25@student.ac.id', '$2a$10$RSkZRsA7U61f4p9zkOfGR.U../8gzlcw63XpZXDWNokYJJyMEpyyS', 'Universitas Indonesia', 'Statistika', 'bg-indigo-500', 'Antusias dengan kolaborasi riset dan pengembangan software tingkat mahasiswa.', 'peserta', '["Lomba Mini Web Universitas Indonesia — Juara 3","Project Bootcamp UI/UX Statistika — Peserta Terbaik"]', '["Sertifikat Professional Kelulusan Statistika","Juara Favorit Lomba Ide Solutif"]', false, true, true, true, NULL, NULL, NULL, NULL, NULL, 'none', NULL, NULL, NULL, false),
  (266, 'Indah Putra', 'indah.putra_26@student.ac.id', '$2a$10$RSkZRsA7U61f4p9zkOfGR.U../8gzlcw63XpZXDWNokYJJyMEpyyS', 'Universitas Brawijaya', 'Statistika', 'bg-rose-500', 'UI/UX designer dengan kecintaan pada desain minimalis dan glassmorphism.', 'peserta', '["Lomba Mini Web Universitas Brawijaya — Juara 1","Project Bootcamp UI/UX Statistika — Peserta Terbaik"]', '["Sertifikat Professional Kelulusan Statistika","Juara Favorit Lomba Ide Solutif"]', true, true, true, true, NULL, NULL, NULL, NULL, NULL, 'none', NULL, NULL, NULL, false),
  (267, 'Annisa Tanjung', 'annisa.tanjung_27@student.ac.id', '$2a$10$RSkZRsA7U61f4p9zkOfGR.U../8gzlcw63XpZXDWNokYJJyMEpyyS', 'Universitas Padjadjaran', 'Statistika', 'bg-emerald-500', 'Pembelajar cepat yang berdedikasi mencari pengalaman lomba tingkat nasional.', 'peserta', '["Lomba Mini Web Universitas Padjadjaran — Juara 3","Project Bootcamp UI/UX Statistika — Peserta Terbaik"]', '["Sertifikat Professional Kelulusan Statistika","Juara Favorit Lomba Ide Solutif"]', false, true, true, true, NULL, NULL, NULL, NULL, NULL, 'none', NULL, NULL, NULL, false),
  (268, 'Kartika Saputra', 'kartika.saputra_28@student.ac.id', '$2a$10$RSkZRsA7U61f4p9zkOfGR.U../8gzlcw63XpZXDWNokYJJyMEpyyS', 'ITB Bandung', 'Rekayasa Perangkat Lunak', 'bg-violet-500', 'UI/UX designer dengan kecintaan pada desain minimalis dan glassmorphism.', 'peserta', '["Lomba Mini Web ITB Bandung — Juara 3","Project Bootcamp UI/UX Rekayasa Perangkat Lunak — Peserta Terbaik"]', '["Sertifikat Professional Kelulusan Rekayasa Perangkat Lunak","Juara Favorit Lomba Ide Solutif"]', false, true, true, true, NULL, NULL, NULL, NULL, NULL, 'none', NULL, NULL, NULL, false),
  (269, 'Bagus Hasibuan', 'bagus.hasibuan_29@student.ac.id', '$2a$10$RSkZRsA7U61f4p9zkOfGR.U../8gzlcw63XpZXDWNokYJJyMEpyyS', 'Universitas Indonesia', 'Rekayasa Perangkat Lunak', 'bg-pink-500', 'Sangat tertarik dengan proyek berdampak sosial dan startup ramah lingkungan.', 'peserta', '["Lomba Mini Web Universitas Indonesia — Juara 1","Project Bootcamp UI/UX Rekayasa Perangkat Lunak — Peserta Terbaik"]', '["Sertifikat Professional Kelulusan Rekayasa Perangkat Lunak","Juara Favorit Lomba Ide Solutif"]', true, true, true, true, NULL, NULL, NULL, NULL, NULL, 'none', NULL, NULL, NULL, false),
  (270, 'Ketut Fitriani', 'ketut.fitriani_30@student.ac.id', '$2a$10$RSkZRsA7U61f4p9zkOfGR.U../8gzlcw63XpZXDWNokYJJyMEpyyS', 'ITB Bandung', 'Manajemen', 'bg-teal-500', 'UI/UX designer dengan kecintaan pada desain minimalis dan glassmorphism.', 'peserta', '["Lomba Mini Web ITB Bandung — Juara 2","Project Bootcamp UI/UX Manajemen — Peserta Terbaik"]', '["Sertifikat Professional Kelulusan Manajemen","Juara Favorit Lomba Ide Solutif"]', false, true, true, true, NULL, NULL, NULL, NULL, NULL, 'none', NULL, NULL, NULL, false),
  (271, 'Nadia Hadi', 'nadia.hadi_31@student.ac.id', '$2a$10$RSkZRsA7U61f4p9zkOfGR.U../8gzlcw63XpZXDWNokYJJyMEpyyS', 'BINUS University', 'Statistika', 'bg-blue-500', 'Sedang mendalami UI/UX design dan riset pengguna secara praktis.', 'peserta', '["Lomba Mini Web BINUS University — Juara 1","Project Bootcamp UI/UX Statistika — Peserta Terbaik"]', '["Sertifikat Professional Kelulusan Statistika","Juara Favorit Lomba Ide Solutif"]', true, true, true, true, NULL, NULL, NULL, NULL, NULL, 'none', NULL, NULL, NULL, false),
  (272, 'Putri Sari', 'putri.sari_32@student.ac.id', '$2a$10$RSkZRsA7U61f4p9zkOfGR.U../8gzlcw63XpZXDWNokYJJyMEpyyS', 'Universitas Gadjah Mada', 'Statistika', 'bg-violet-500', 'Machine learning enthusiast yang senang menganalisis pola data statistik.', 'peserta', '["Lomba Mini Web Universitas Gadjah Mada — Juara 1","Project Bootcamp UI/UX Statistika — Peserta Terbaik"]', '["Sertifikat Professional Kelulusan Statistika","Juara Favorit Lomba Ide Solutif"]', false, true, true, true, NULL, NULL, NULL, NULL, NULL, 'none', NULL, NULL, NULL, false),
  (273, 'Nyoman Manurung', 'nyoman.manurung_33@student.ac.id', '$2a$10$RSkZRsA7U61f4p9zkOfGR.U../8gzlcw63XpZXDWNokYJJyMEpyyS', 'Universitas Indonesia', 'Teknik Komputer', 'bg-teal-500', 'Full-stack developer yang berfokus pada efisiensi API dan database relational.', 'peserta', '["Lomba Mini Web Universitas Indonesia — Juara 3","Project Bootcamp UI/UX Teknik Komputer — Peserta Terbaik"]', '["Sertifikat Professional Kelulusan Teknik Komputer","Juara Favorit Lomba Ide Solutif"]', false, true, true, true, NULL, NULL, NULL, NULL, NULL, 'none', NULL, NULL, NULL, false),
  (274, 'Muhammad Sinaga', 'muhammad.sinaga_34@student.ac.id', '$2a$10$RSkZRsA7U61f4p9zkOfGR.U../8gzlcw63XpZXDWNokYJJyMEpyyS', 'Universitas Padjadjaran', 'Rekayasa Perangkat Lunak', 'bg-purple-500', 'Sedang mendalami UI/UX design dan riset pengguna secara praktis.', 'peserta', '["Lomba Mini Web Universitas Padjadjaran — Juara 1","Project Bootcamp UI/UX Rekayasa Perangkat Lunak — Peserta Terbaik"]', '["Sertifikat Professional Kelulusan Rekayasa Perangkat Lunak","Juara Favorit Lomba Ide Solutif"]', false, true, true, true, NULL, NULL, NULL, NULL, NULL, 'none', NULL, NULL, NULL, false),
  (275, 'Zahra Dewi', 'zahra.dewi_35@student.ac.id', '$2a$10$RSkZRsA7U61f4p9zkOfGR.U../8gzlcw63XpZXDWNokYJJyMEpyyS', 'Universitas Brawijaya', 'Rekayasa Perangkat Lunak', 'bg-rose-500', 'Sangat tertarik dengan proyek berdampak sosial dan startup ramah lingkungan.', 'peserta', '["Lomba Mini Web Universitas Brawijaya — Juara 2","Project Bootcamp UI/UX Rekayasa Perangkat Lunak — Peserta Terbaik"]', '["Sertifikat Professional Kelulusan Rekayasa Perangkat Lunak","Juara Favorit Lomba Ide Solutif"]', false, true, true, true, NULL, NULL, NULL, NULL, NULL, 'none', NULL, NULL, NULL, false),
  (276, 'Putu Nasution', 'putu.nasution_36@student.ac.id', '$2a$10$RSkZRsA7U61f4p9zkOfGR.U../8gzlcw63XpZXDWNokYJJyMEpyyS', 'Universitas Gadjah Mada', 'Informatika', 'bg-pink-500', 'UI/UX designer dengan kecintaan pada desain minimalis dan glassmorphism.', 'peserta', '["Lomba Mini Web Universitas Gadjah Mada — Juara 1","Project Bootcamp UI/UX Informatika — Peserta Terbaik"]', '["Sertifikat Professional Kelulusan Informatika","Juara Favorit Lomba Ide Solutif"]', true, true, true, true, NULL, NULL, NULL, NULL, NULL, 'none', NULL, NULL, NULL, false),
  (277, 'Yulia Lazuardi', 'yulia.lazuardi_37@student.ac.id', '$2a$10$RSkZRsA7U61f4p9zkOfGR.U../8gzlcw63XpZXDWNokYJJyMEpyyS', 'Universitas Indonesia', 'Teknik Komputer', 'bg-pink-500', 'Business strategist yang siap membantu merancang pitch deck dan analisis keuangan.', 'peserta', '["Lomba Mini Web Universitas Indonesia — Juara 1","Project Bootcamp UI/UX Teknik Komputer — Peserta Terbaik"]', '["Sertifikat Professional Kelulusan Teknik Komputer","Juara Favorit Lomba Ide Solutif"]', false, true, true, true, NULL, NULL, NULL, NULL, NULL, 'none', NULL, NULL, NULL, false),
  (278, 'Naufal Simanjuntak', 'naufal.simanjuntak_38@student.ac.id', '$2a$10$RSkZRsA7U61f4p9zkOfGR.U../8gzlcw63XpZXDWNokYJJyMEpyyS', 'Universitas Hasanuddin', 'Teknik Komputer', 'bg-rose-500', 'Antusias dengan kolaborasi riset dan pengembangan software tingkat mahasiswa.', 'peserta', '["Lomba Mini Web Universitas Hasanuddin — Juara 1","Project Bootcamp UI/UX Teknik Komputer — Peserta Terbaik"]', '["Sertifikat Professional Kelulusan Teknik Komputer","Juara Favorit Lomba Ide Solutif"]', false, true, true, true, NULL, NULL, NULL, NULL, NULL, 'none', NULL, NULL, NULL, false),
  (279, 'Yulia Wibowo', 'yulia.wibowo_39@student.ac.id', '$2a$10$RSkZRsA7U61f4p9zkOfGR.U../8gzlcw63XpZXDWNokYJJyMEpyyS', 'ITB Bandung', 'Kecerdasan Buatan', 'bg-purple-500', 'UI/UX designer dengan kecintaan pada desain minimalis dan glassmorphism.', 'peserta', '["Lomba Mini Web ITB Bandung — Juara 1","Project Bootcamp UI/UX Kecerdasan Buatan — Peserta Terbaik"]', '["Sertifikat Professional Kelulusan Kecerdasan Buatan","Juara Favorit Lomba Ide Solutif"]', true, true, true, true, NULL, NULL, NULL, NULL, NULL, 'none', NULL, NULL, NULL, false),
  (280, 'Rina Amalia', 'rina.amalia_40@student.ac.id', '$2a$10$RSkZRsA7U61f4p9zkOfGR.U../8gzlcw63XpZXDWNokYJJyMEpyyS', 'IPB University', 'Teknik Komputer', 'bg-blue-500', 'Antusias dengan kolaborasi riset dan pengembangan software tingkat mahasiswa.', 'peserta', '["Lomba Mini Web IPB University — Juara 1","Project Bootcamp UI/UX Teknik Komputer — Peserta Terbaik"]', '["Sertifikat Professional Kelulusan Teknik Komputer","Juara Favorit Lomba Ide Solutif"]', true, true, true, true, NULL, NULL, NULL, NULL, NULL, 'none', NULL, NULL, NULL, false),
  (281, 'Ida Manurung', 'ida.manurung_41@student.ac.id', '$2a$10$RSkZRsA7U61f4p9zkOfGR.U../8gzlcw63XpZXDWNokYJJyMEpyyS', 'Universitas Padjadjaran', 'Statistika', 'bg-amber-500', 'Business strategist yang siap membantu merancang pitch deck dan analisis keuangan.', 'peserta', '["Lomba Mini Web Universitas Padjadjaran — Juara 2","Project Bootcamp UI/UX Statistika — Peserta Terbaik"]', '["Sertifikat Professional Kelulusan Statistika","Juara Favorit Lomba Ide Solutif"]', false, true, true, true, NULL, NULL, NULL, NULL, NULL, 'none', NULL, NULL, NULL, false),
  (282, 'Ketut Pangaribuan', 'ketut.pangaribuan_42@student.ac.id', '$2a$10$RSkZRsA7U61f4p9zkOfGR.U../8gzlcw63XpZXDWNokYJJyMEpyyS', 'ITB Bandung', 'Manajemen', 'bg-teal-500', 'Business strategist yang siap membantu merancang pitch deck dan analisis keuangan.', 'peserta', '["Lomba Mini Web ITB Bandung — Juara 3","Project Bootcamp UI/UX Manajemen — Peserta Terbaik"]', '["Sertifikat Professional Kelulusan Manajemen","Juara Favorit Lomba Ide Solutif"]', false, true, true, true, NULL, NULL, NULL, NULL, NULL, 'none', NULL, NULL, NULL, false),
  (283, 'Arif Hasibuan', 'arif.hasibuan_43@student.ac.id', '$2a$10$RSkZRsA7U61f4p9zkOfGR.U../8gzlcw63XpZXDWNokYJJyMEpyyS', 'Universitas Airlangga', 'Statistika', 'bg-cyan-500', 'Sedang mendalami UI/UX design dan riset pengguna secara praktis.', 'peserta', '["Lomba Mini Web Universitas Airlangga — Juara 2","Project Bootcamp UI/UX Statistika — Peserta Terbaik"]', '["Sertifikat Professional Kelulusan Statistika","Juara Favorit Lomba Ide Solutif"]', false, true, true, true, NULL, NULL, NULL, NULL, NULL, 'none', NULL, NULL, NULL, false),
  (284, 'Citra Yudhoyono', 'citra.yudhoyono_44@student.ac.id', '$2a$10$RSkZRsA7U61f4p9zkOfGR.U../8gzlcw63XpZXDWNokYJJyMEpyyS', 'Universitas Brawijaya', 'Rekayasa Perangkat Lunak', 'bg-indigo-500', 'Sangat tertarik dengan proyek berdampak sosial dan startup ramah lingkungan.', 'peserta', '["Lomba Mini Web Universitas Brawijaya — Juara 2","Project Bootcamp UI/UX Rekayasa Perangkat Lunak — Peserta Terbaik"]', '["Sertifikat Professional Kelulusan Rekayasa Perangkat Lunak","Juara Favorit Lomba Ide Solutif"]', true, true, true, true, NULL, NULL, NULL, NULL, NULL, 'none', NULL, NULL, NULL, false),
  (285, 'Satria Hadi', 'satria.hadi_45@student.ac.id', '$2a$10$RSkZRsA7U61f4p9zkOfGR.U../8gzlcw63XpZXDWNokYJJyMEpyyS', 'Universitas Gadjah Mada', 'Informatika', 'bg-violet-500', 'Sedang mendalami UI/UX design dan riset pengguna secara praktis.', 'peserta', '["Lomba Mini Web Universitas Gadjah Mada — Juara 2","Project Bootcamp UI/UX Informatika — Peserta Terbaik"]', '["Sertifikat Professional Kelulusan Informatika","Juara Favorit Lomba Ide Solutif"]', true, true, true, true, NULL, NULL, NULL, NULL, NULL, 'none', NULL, NULL, NULL, false),
  (286, 'Laras Megawati', 'laras.megawati_46@student.ac.id', '$2a$10$RSkZRsA7U61f4p9zkOfGR.U../8gzlcw63XpZXDWNokYJJyMEpyyS', 'ITB Bandung', 'Manajemen', 'bg-amber-500', 'Sangat tertarik dengan proyek berdampak sosial dan startup ramah lingkungan.', 'peserta', '["Lomba Mini Web ITB Bandung — Juara 3","Project Bootcamp UI/UX Manajemen — Peserta Terbaik"]', '["Sertifikat Professional Kelulusan Manajemen","Juara Favorit Lomba Ide Solutif"]', true, true, true, true, NULL, NULL, NULL, NULL, NULL, 'none', NULL, NULL, NULL, false),
  (287, 'Laras Saputra', 'laras.saputra_47@student.ac.id', '$2a$10$RSkZRsA7U61f4p9zkOfGR.U../8gzlcw63XpZXDWNokYJJyMEpyyS', 'Universitas Indonesia', 'Desain Komunikasi Visual', 'bg-pink-500', 'Full-stack developer yang berfokus pada efisiensi API dan database relational.', 'peserta', '["Lomba Mini Web Universitas Indonesia — Juara 3","Project Bootcamp UI/UX Desain Komunikasi Visual — Peserta Terbaik"]', '["Sertifikat Professional Kelulusan Desain Komunikasi Visual","Juara Favorit Lomba Ide Solutif"]', false, true, true, true, NULL, NULL, NULL, NULL, NULL, 'none', NULL, NULL, NULL, false),
  (288, 'Laras Megawati', 'laras.megawati_48@student.ac.id', '$2a$10$RSkZRsA7U61f4p9zkOfGR.U../8gzlcw63XpZXDWNokYJJyMEpyyS', 'Universitas Brawijaya', 'Statistika', 'bg-green-500', 'UI/UX designer dengan kecintaan pada desain minimalis dan glassmorphism.', 'peserta', '["Lomba Mini Web Universitas Brawijaya — Juara 2","Project Bootcamp UI/UX Statistika — Peserta Terbaik"]', '["Sertifikat Professional Kelulusan Statistika","Juara Favorit Lomba Ide Solutif"]', false, true, true, true, NULL, NULL, NULL, NULL, NULL, 'none', NULL, NULL, NULL, false),
  (289, 'Taufik Sinaga', 'taufik.sinaga_49@student.ac.id', '$2a$10$RSkZRsA7U61f4p9zkOfGR.U../8gzlcw63XpZXDWNokYJJyMEpyyS', 'ITS Surabaya', 'Manajemen', 'bg-cyan-500', 'Sedang mendalami UI/UX design dan riset pengguna secara praktis.', 'peserta', '["Lomba Mini Web ITS Surabaya — Juara 3","Project Bootcamp UI/UX Manajemen — Peserta Terbaik"]', '["Sertifikat Professional Kelulusan Manajemen","Juara Favorit Lomba Ide Solutif"]', false, true, true, true, NULL, NULL, NULL, NULL, NULL, 'none', NULL, NULL, NULL, false),
  (290, 'Hendra Hadi', 'hendra.hadi_50@student.ac.id', '$2a$10$RSkZRsA7U61f4p9zkOfGR.U../8gzlcw63XpZXDWNokYJJyMEpyyS', 'ITB Bandung', 'Rekayasa Perangkat Lunak', 'bg-blue-500', 'Sangat tertarik dengan proyek berdampak sosial dan startup ramah lingkungan.', 'peserta', '["Lomba Mini Web ITB Bandung — Juara 1","Project Bootcamp UI/UX Rekayasa Perangkat Lunak — Peserta Terbaik"]', '["Sertifikat Professional Kelulusan Rekayasa Perangkat Lunak","Juara Favorit Lomba Ide Solutif"]', false, true, true, true, NULL, NULL, NULL, NULL, NULL, 'none', NULL, NULL, NULL, false),
  (291, 'Tegar Wijaya', 'tegar.wijaya_51@student.ac.id', '$2a$10$RSkZRsA7U61f4p9zkOfGR.U../8gzlcw63XpZXDWNokYJJyMEpyyS', 'ITB Bandung', 'Statistika', 'bg-orange-500', 'Sangat tertarik dengan proyek berdampak sosial dan startup ramah lingkungan.', 'peserta', '["Lomba Mini Web ITB Bandung — Juara 3","Project Bootcamp UI/UX Statistika — Peserta Terbaik"]', '["Sertifikat Professional Kelulusan Statistika","Juara Favorit Lomba Ide Solutif"]', true, true, true, true, NULL, NULL, NULL, NULL, NULL, 'none', NULL, NULL, NULL, false),
  (292, 'Gilang Zulkarnain', 'gilang.zulkarnain_52@student.ac.id', '$2a$10$RSkZRsA7U61f4p9zkOfGR.U../8gzlcw63XpZXDWNokYJJyMEpyyS', 'Telkom University', 'Sistem Informasi', 'bg-cyan-500', 'Antusias dengan kolaborasi riset dan pengembangan software tingkat mahasiswa.', 'peserta', '["Lomba Mini Web Telkom University — Juara 2","Project Bootcamp UI/UX Sistem Informasi — Peserta Terbaik"]', '["Sertifikat Professional Kelulusan Sistem Informasi","Juara Favorit Lomba Ide Solutif"]', true, true, true, true, NULL, NULL, NULL, NULL, NULL, 'none', NULL, NULL, NULL, false),
  (293, 'Arif Megawati', 'arif.megawati_53@student.ac.id', '$2a$10$RSkZRsA7U61f4p9zkOfGR.U../8gzlcw63XpZXDWNokYJJyMEpyyS', 'BINUS University', 'Informatika', 'bg-pink-500', 'Business strategist yang siap membantu merancang pitch deck dan analisis keuangan.', 'peserta', '["Lomba Mini Web BINUS University — Juara 1","Project Bootcamp UI/UX Informatika — Peserta Terbaik"]', '["Sertifikat Professional Kelulusan Informatika","Juara Favorit Lomba Ide Solutif"]', false, true, true, true, NULL, NULL, NULL, NULL, NULL, 'none', NULL, NULL, NULL, false),
  (294, 'Agung Ginting', 'agung.ginting_54@student.ac.id', '$2a$10$RSkZRsA7U61f4p9zkOfGR.U../8gzlcw63XpZXDWNokYJJyMEpyyS', 'ITS Surabaya', 'Statistika', 'bg-purple-500', 'Antusias dengan kolaborasi riset dan pengembangan software tingkat mahasiswa.', 'peserta', '["Lomba Mini Web ITS Surabaya — Juara 2","Project Bootcamp UI/UX Statistika — Peserta Terbaik"]', '["Sertifikat Professional Kelulusan Statistika","Juara Favorit Lomba Ide Solutif"]', true, true, true, true, NULL, NULL, NULL, NULL, NULL, 'none', NULL, NULL, NULL, false),
  (295, 'Taufik Hadi', 'taufik.hadi_55@student.ac.id', '$2a$10$RSkZRsA7U61f4p9zkOfGR.U../8gzlcw63XpZXDWNokYJJyMEpyyS', 'Universitas Brawijaya', 'Desain Komunikasi Visual', 'bg-violet-500', 'Sedang mendalami UI/UX design dan riset pengguna secara praktis.', 'peserta', '["Lomba Mini Web Universitas Brawijaya — Juara 1","Project Bootcamp UI/UX Desain Komunikasi Visual — Peserta Terbaik"]', '["Sertifikat Professional Kelulusan Desain Komunikasi Visual","Juara Favorit Lomba Ide Solutif"]', true, true, true, true, NULL, NULL, NULL, NULL, NULL, 'none', NULL, NULL, NULL, false),
  (296, 'Indra Sinaga', 'indra.sinaga_56@student.ac.id', '$2a$10$RSkZRsA7U61f4p9zkOfGR.U../8gzlcw63XpZXDWNokYJJyMEpyyS', 'Universitas Diponegoro', 'Rekayasa Perangkat Lunak', 'bg-cyan-500', 'Sedang mendalami UI/UX design dan riset pengguna secara praktis.', 'peserta', '["Lomba Mini Web Universitas Diponegoro — Juara 1","Project Bootcamp UI/UX Rekayasa Perangkat Lunak — Peserta Terbaik"]', '["Sertifikat Professional Kelulusan Rekayasa Perangkat Lunak","Juara Favorit Lomba Ide Solutif"]', true, true, true, true, NULL, NULL, NULL, NULL, NULL, 'none', NULL, NULL, NULL, false),
  (297, 'Farhan Lazuardi', 'farhan.lazuardi_57@student.ac.id', '$2a$10$RSkZRsA7U61f4p9zkOfGR.U../8gzlcw63XpZXDWNokYJJyMEpyyS', 'Universitas Airlangga', 'Sistem Informasi', 'bg-green-500', 'Sangat tertarik dengan proyek berdampak sosial dan startup ramah lingkungan.', 'peserta', '["Lomba Mini Web Universitas Airlangga — Juara 1","Project Bootcamp UI/UX Sistem Informasi — Peserta Terbaik"]', '["Sertifikat Professional Kelulusan Sistem Informasi","Juara Favorit Lomba Ide Solutif"]', true, true, true, true, NULL, NULL, NULL, NULL, NULL, 'none', NULL, NULL, NULL, false),
  (298, 'Aulia Habibie', 'aulia.habibie_58@student.ac.id', '$2a$10$RSkZRsA7U61f4p9zkOfGR.U../8gzlcw63XpZXDWNokYJJyMEpyyS', 'ITB Bandung', 'Informatika', 'bg-pink-500', 'Business strategist yang siap membantu merancang pitch deck dan analisis keuangan.', 'peserta', '["Lomba Mini Web ITB Bandung — Juara 2","Project Bootcamp UI/UX Informatika — Peserta Terbaik"]', '["Sertifikat Professional Kelulusan Informatika","Juara Favorit Lomba Ide Solutif"]', false, true, true, true, NULL, NULL, NULL, NULL, NULL, 'none', NULL, NULL, NULL, false),
  (299, 'Rian Kusuma', 'rian.kusuma_59@student.ac.id', '$2a$10$RSkZRsA7U61f4p9zkOfGR.U../8gzlcw63XpZXDWNokYJJyMEpyyS', 'Universitas Gadjah Mada', 'Statistika', 'bg-blue-500', 'Antusias dengan kolaborasi riset dan pengembangan software tingkat mahasiswa.', 'peserta', '["Lomba Mini Web Universitas Gadjah Mada — Juara 3","Project Bootcamp UI/UX Statistika — Peserta Terbaik"]', '["Sertifikat Professional Kelulusan Statistika","Juara Favorit Lomba Ide Solutif"]', false, true, true, true, NULL, NULL, NULL, NULL, NULL, 'none', NULL, NULL, NULL, false),
  (300, 'Hesti Pratama', 'hesti.pratama_60@student.ac.id', '$2a$10$RSkZRsA7U61f4p9zkOfGR.U../8gzlcw63XpZXDWNokYJJyMEpyyS', 'Telkom University', 'Kecerdasan Buatan', 'bg-green-500', 'UI/UX designer dengan kecintaan pada desain minimalis dan glassmorphism.', 'peserta', '["Lomba Mini Web Telkom University — Juara 3","Project Bootcamp UI/UX Kecerdasan Buatan — Peserta Terbaik"]', '["Sertifikat Professional Kelulusan Kecerdasan Buatan","Juara Favorit Lomba Ide Solutif"]', false, true, true, true, NULL, NULL, NULL, NULL, NULL, 'none', NULL, NULL, NULL, false),
  (301, 'Elsa Pangestu', 'elsa.pangestu_61@student.ac.id', '$2a$10$RSkZRsA7U61f4p9zkOfGR.U../8gzlcw63XpZXDWNokYJJyMEpyyS', 'Universitas Airlangga', 'Desain Komunikasi Visual', 'bg-rose-500', 'Pembelajar cepat yang berdedikasi mencari pengalaman lomba tingkat nasional.', 'peserta', '["Lomba Mini Web Universitas Airlangga — Juara 2","Project Bootcamp UI/UX Desain Komunikasi Visual — Peserta Terbaik"]', '["Sertifikat Professional Kelulusan Desain Komunikasi Visual","Juara Favorit Lomba Ide Solutif"]', true, true, true, true, NULL, NULL, NULL, NULL, NULL, 'none', NULL, NULL, NULL, false),
  (302, 'Made Setiawan', 'made.setiawan_62@student.ac.id', '$2a$10$RSkZRsA7U61f4p9zkOfGR.U../8gzlcw63XpZXDWNokYJJyMEpyyS', 'Universitas Padjadjaran', 'Desain Komunikasi Visual', 'bg-rose-500', 'UI/UX designer dengan kecintaan pada desain minimalis dan glassmorphism.', 'peserta', '["Lomba Mini Web Universitas Padjadjaran — Juara 1","Project Bootcamp UI/UX Desain Komunikasi Visual — Peserta Terbaik"]', '["Sertifikat Professional Kelulusan Desain Komunikasi Visual","Juara Favorit Lomba Ide Solutif"]', false, true, true, true, NULL, NULL, NULL, NULL, NULL, 'none', NULL, NULL, NULL, false),
  (303, 'Mega Harahap', 'mega.harahap_63@student.ac.id', '$2a$10$RSkZRsA7U61f4p9zkOfGR.U../8gzlcw63XpZXDWNokYJJyMEpyyS', 'ITB Bandung', 'Statistika', 'bg-emerald-500', 'Sedang mendalami UI/UX design dan riset pengguna secara praktis.', 'peserta', '["Lomba Mini Web ITB Bandung — Juara 3","Project Bootcamp UI/UX Statistika — Peserta Terbaik"]', '["Sertifikat Professional Kelulusan Statistika","Juara Favorit Lomba Ide Solutif"]', true, true, true, true, NULL, NULL, NULL, NULL, NULL, 'none', NULL, NULL, NULL, false),
  (304, 'Ida Wibowo', 'ida.wibowo_64@student.ac.id', '$2a$10$RSkZRsA7U61f4p9zkOfGR.U../8gzlcw63XpZXDWNokYJJyMEpyyS', 'BINUS University', 'Teknik Komputer', 'bg-indigo-500', 'Sedang mendalami UI/UX design dan riset pengguna secara praktis.', 'peserta', '["Lomba Mini Web BINUS University — Juara 1","Project Bootcamp UI/UX Teknik Komputer — Peserta Terbaik"]', '["Sertifikat Professional Kelulusan Teknik Komputer","Juara Favorit Lomba Ide Solutif"]', false, true, true, true, NULL, NULL, NULL, NULL, NULL, 'none', NULL, NULL, NULL, false),
  (305, 'Pratama Manurung', 'pratama.manurung_65@student.ac.id', '$2a$10$RSkZRsA7U61f4p9zkOfGR.U../8gzlcw63XpZXDWNokYJJyMEpyyS', 'IPB University', 'Teknik Komputer', 'bg-rose-500', 'Full-stack developer yang berfokus pada efisiensi API dan database relational.', 'peserta', '["Lomba Mini Web IPB University — Juara 1","Project Bootcamp UI/UX Teknik Komputer — Peserta Terbaik"]', '["Sertifikat Professional Kelulusan Teknik Komputer","Juara Favorit Lomba Ide Solutif"]', false, true, true, true, NULL, NULL, NULL, NULL, NULL, 'none', NULL, NULL, NULL, false),
  (306, 'Hendra Rahmawati', 'hendra.rahmawati_66@student.ac.id', '$2a$10$RSkZRsA7U61f4p9zkOfGR.U../8gzlcw63XpZXDWNokYJJyMEpyyS', 'Universitas Diponegoro', 'Teknik Komputer', 'bg-emerald-500', 'Pembelajar cepat yang berdedikasi mencari pengalaman lomba tingkat nasional.', 'peserta', '["Lomba Mini Web Universitas Diponegoro — Juara 1","Project Bootcamp UI/UX Teknik Komputer — Peserta Terbaik"]', '["Sertifikat Professional Kelulusan Teknik Komputer","Juara Favorit Lomba Ide Solutif"]', true, true, true, true, NULL, NULL, NULL, NULL, NULL, 'none', NULL, NULL, NULL, false),
  (307, 'Hesti Lazuardi', 'hesti.lazuardi_67@student.ac.id', '$2a$10$RSkZRsA7U61f4p9zkOfGR.U../8gzlcw63XpZXDWNokYJJyMEpyyS', 'Universitas Gadjah Mada', 'Kecerdasan Buatan', 'bg-pink-500', 'Machine learning enthusiast yang senang menganalisis pola data statistik.', 'peserta', '["Lomba Mini Web Universitas Gadjah Mada — Juara 3","Project Bootcamp UI/UX Kecerdasan Buatan — Peserta Terbaik"]', '["Sertifikat Professional Kelulusan Kecerdasan Buatan","Juara Favorit Lomba Ide Solutif"]', false, true, true, true, NULL, NULL, NULL, NULL, NULL, 'none', NULL, NULL, NULL, false),
  (308, 'Elsa Wibowo', 'elsa.wibowo_68@student.ac.id', '$2a$10$RSkZRsA7U61f4p9zkOfGR.U../8gzlcw63XpZXDWNokYJJyMEpyyS', 'Telkom University', 'Rekayasa Perangkat Lunak', 'bg-violet-500', 'Full-stack developer yang berfokus pada efisiensi API dan database relational.', 'peserta', '["Lomba Mini Web Telkom University — Juara 2","Project Bootcamp UI/UX Rekayasa Perangkat Lunak — Peserta Terbaik"]', '["Sertifikat Professional Kelulusan Rekayasa Perangkat Lunak","Juara Favorit Lomba Ide Solutif"]', true, true, true, true, NULL, NULL, NULL, NULL, NULL, 'none', NULL, NULL, NULL, false),
  (309, 'Vina Manurung', 'vina.manurung_69@student.ac.id', '$2a$10$RSkZRsA7U61f4p9zkOfGR.U../8gzlcw63XpZXDWNokYJJyMEpyyS', 'Universitas Indonesia', 'Manajemen', 'bg-cyan-500', 'Sangat tertarik dengan proyek berdampak sosial dan startup ramah lingkungan.', 'peserta', '["Lomba Mini Web Universitas Indonesia — Juara 2","Project Bootcamp UI/UX Manajemen — Peserta Terbaik"]', '["Sertifikat Professional Kelulusan Manajemen","Juara Favorit Lomba Ide Solutif"]', false, true, true, true, NULL, NULL, NULL, NULL, NULL, 'none', NULL, NULL, NULL, false),
  (310, 'Zacky Wijaya', 'zacky.wijaya_70@student.ac.id', '$2a$10$RSkZRsA7U61f4p9zkOfGR.U../8gzlcw63XpZXDWNokYJJyMEpyyS', 'Universitas Airlangga', 'Rekayasa Perangkat Lunak', 'bg-violet-500', 'Pembelajar cepat yang berdedikasi mencari pengalaman lomba tingkat nasional.', 'peserta', '["Lomba Mini Web Universitas Airlangga — Juara 1","Project Bootcamp UI/UX Rekayasa Perangkat Lunak — Peserta Terbaik"]', '["Sertifikat Professional Kelulusan Rekayasa Perangkat Lunak","Juara Favorit Lomba Ide Solutif"]', false, true, true, true, NULL, NULL, NULL, NULL, NULL, 'none', NULL, NULL, NULL, false),
  (311, 'Arif Kartika', 'arif.kartika_71@student.ac.id', '$2a$10$RSkZRsA7U61f4p9zkOfGR.U../8gzlcw63XpZXDWNokYJJyMEpyyS', 'Telkom University', 'Sistem Informasi', 'bg-indigo-500', 'Sangat tertarik dengan proyek berdampak sosial dan startup ramah lingkungan.', 'peserta', '["Lomba Mini Web Telkom University — Juara 1","Project Bootcamp UI/UX Sistem Informasi — Peserta Terbaik"]', '["Sertifikat Professional Kelulusan Sistem Informasi","Juara Favorit Lomba Ide Solutif"]', false, true, true, true, NULL, NULL, NULL, NULL, NULL, 'none', NULL, NULL, NULL, false),
  (312, 'Fadilah Zulkarnain', 'fadilah.zulkarnain_72@student.ac.id', '$2a$10$RSkZRsA7U61f4p9zkOfGR.U../8gzlcw63XpZXDWNokYJJyMEpyyS', 'Universitas Gadjah Mada', 'Informatika', 'bg-teal-500', 'Antusias dengan kolaborasi riset dan pengembangan software tingkat mahasiswa.', 'peserta', '["Lomba Mini Web Universitas Gadjah Mada — Juara 1","Project Bootcamp UI/UX Informatika — Peserta Terbaik"]', '["Sertifikat Professional Kelulusan Informatika","Juara Favorit Lomba Ide Solutif"]', false, true, true, true, NULL, NULL, NULL, NULL, NULL, 'none', NULL, NULL, NULL, false),
  (313, 'Hesti Manurung', 'hesti.manurung_73@student.ac.id', '$2a$10$RSkZRsA7U61f4p9zkOfGR.U../8gzlcw63XpZXDWNokYJJyMEpyyS', 'Telkom University', 'Informatika', 'bg-indigo-500', 'Full-stack developer yang berfokus pada efisiensi API dan database relational.', 'peserta', '["Lomba Mini Web Telkom University — Juara 3","Project Bootcamp UI/UX Informatika — Peserta Terbaik"]', '["Sertifikat Professional Kelulusan Informatika","Juara Favorit Lomba Ide Solutif"]', true, true, true, true, NULL, NULL, NULL, NULL, NULL, 'none', NULL, NULL, NULL, false),
  (314, 'Vina Amalia', 'vina.amalia_74@student.ac.id', '$2a$10$RSkZRsA7U61f4p9zkOfGR.U../8gzlcw63XpZXDWNokYJJyMEpyyS', 'IPB University', 'Kecerdasan Buatan', 'bg-cyan-500', 'Pembelajar cepat yang berdedikasi mencari pengalaman lomba tingkat nasional.', 'peserta', '["Lomba Mini Web IPB University — Juara 2","Project Bootcamp UI/UX Kecerdasan Buatan — Peserta Terbaik"]', '["Sertifikat Professional Kelulusan Kecerdasan Buatan","Juara Favorit Lomba Ide Solutif"]', false, true, true, true, NULL, NULL, NULL, NULL, NULL, 'none', NULL, NULL, NULL, false),
  (315, 'Putu Wulandari', 'putu.wulandari_75@student.ac.id', '$2a$10$RSkZRsA7U61f4p9zkOfGR.U../8gzlcw63XpZXDWNokYJJyMEpyyS', 'IPB University', 'Desain Komunikasi Visual', 'bg-green-500', 'Sedang mendalami UI/UX design dan riset pengguna secara praktis.', 'peserta', '["Lomba Mini Web IPB University — Juara 2","Project Bootcamp UI/UX Desain Komunikasi Visual — Peserta Terbaik"]', '["Sertifikat Professional Kelulusan Desain Komunikasi Visual","Juara Favorit Lomba Ide Solutif"]', false, true, true, true, NULL, NULL, NULL, NULL, NULL, 'none', NULL, NULL, NULL, false),
  (316, 'Fitri Setiawan', 'fitri.setiawan_76@student.ac.id', '$2a$10$RSkZRsA7U61f4p9zkOfGR.U../8gzlcw63XpZXDWNokYJJyMEpyyS', 'Universitas Gadjah Mada', 'Manajemen', 'bg-indigo-500', 'Pembelajar cepat yang berdedikasi mencari pengalaman lomba tingkat nasional.', 'peserta', '["Lomba Mini Web Universitas Gadjah Mada — Juara 1","Project Bootcamp UI/UX Manajemen — Peserta Terbaik"]', '["Sertifikat Professional Kelulusan Manajemen","Juara Favorit Lomba Ide Solutif"]', true, true, true, true, NULL, NULL, NULL, NULL, NULL, 'none', NULL, NULL, NULL, false),
  (317, 'Ulfah Hidayat', 'ulfah.hidayat_77@student.ac.id', '$2a$10$RSkZRsA7U61f4p9zkOfGR.U../8gzlcw63XpZXDWNokYJJyMEpyyS', 'Universitas Padjadjaran', 'Informatika', 'bg-green-500', 'Business strategist yang siap membantu merancang pitch deck dan analisis keuangan.', 'peserta', '["Lomba Mini Web Universitas Padjadjaran — Juara 3","Project Bootcamp UI/UX Informatika — Peserta Terbaik"]', '["Sertifikat Professional Kelulusan Informatika","Juara Favorit Lomba Ide Solutif"]', false, true, true, true, NULL, NULL, NULL, NULL, NULL, 'none', NULL, NULL, NULL, false),
  (318, 'Yulia Hadi', 'yulia.hadi_78@student.ac.id', '$2a$10$RSkZRsA7U61f4p9zkOfGR.U../8gzlcw63XpZXDWNokYJJyMEpyyS', 'BINUS University', 'Manajemen', 'bg-cyan-500', 'Sedang mendalami UI/UX design dan riset pengguna secara praktis.', 'peserta', '["Lomba Mini Web BINUS University — Juara 1","Project Bootcamp UI/UX Manajemen — Peserta Terbaik"]', '["Sertifikat Professional Kelulusan Manajemen","Juara Favorit Lomba Ide Solutif"]', true, true, true, true, NULL, NULL, NULL, NULL, NULL, 'none', NULL, NULL, NULL, false),
  (319, 'Luthfi Wibowo', 'luthfi.wibowo_79@student.ac.id', '$2a$10$RSkZRsA7U61f4p9zkOfGR.U../8gzlcw63XpZXDWNokYJJyMEpyyS', 'Telkom University', 'Kecerdasan Buatan', 'bg-cyan-500', 'Sangat tertarik dengan proyek berdampak sosial dan startup ramah lingkungan.', 'peserta', '["Lomba Mini Web Telkom University — Juara 1","Project Bootcamp UI/UX Kecerdasan Buatan — Peserta Terbaik"]', '["Sertifikat Professional Kelulusan Kecerdasan Buatan","Juara Favorit Lomba Ide Solutif"]', false, true, true, true, NULL, NULL, NULL, NULL, NULL, 'none', NULL, NULL, NULL, false),
  (320, 'Kartika Pangestu', 'kartika.pangestu_80@student.ac.id', '$2a$10$RSkZRsA7U61f4p9zkOfGR.U../8gzlcw63XpZXDWNokYJJyMEpyyS', 'Universitas Brawijaya', 'Sistem Informasi', 'bg-indigo-500', 'Sedang mendalami UI/UX design dan riset pengguna secara praktis.', 'peserta', '["Lomba Mini Web Universitas Brawijaya — Juara 2","Project Bootcamp UI/UX Sistem Informasi — Peserta Terbaik"]', '["Sertifikat Professional Kelulusan Sistem Informasi","Juara Favorit Lomba Ide Solutif"]', true, true, true, true, NULL, NULL, NULL, NULL, NULL, 'none', NULL, NULL, NULL, false),
  (321, 'Arif Amalia', 'arif.amalia_81@student.ac.id', '$2a$10$RSkZRsA7U61f4p9zkOfGR.U../8gzlcw63XpZXDWNokYJJyMEpyyS', 'ITB Bandung', 'Kecerdasan Buatan', 'bg-cyan-500', 'Sangat tertarik dengan proyek berdampak sosial dan startup ramah lingkungan.', 'peserta', '["Lomba Mini Web ITB Bandung — Juara 2","Project Bootcamp UI/UX Kecerdasan Buatan — Peserta Terbaik"]', '["Sertifikat Professional Kelulusan Kecerdasan Buatan","Juara Favorit Lomba Ide Solutif"]', true, true, true, true, NULL, NULL, NULL, NULL, NULL, 'none', NULL, NULL, NULL, false),
  (322, 'Fadilah Hasibuan', 'fadilah.hasibuan_82@student.ac.id', '$2a$10$RSkZRsA7U61f4p9zkOfGR.U../8gzlcw63XpZXDWNokYJJyMEpyyS', 'IPB University', 'Statistika', 'bg-pink-500', 'Business strategist yang siap membantu merancang pitch deck dan analisis keuangan.', 'peserta', '["Lomba Mini Web IPB University — Juara 2","Project Bootcamp UI/UX Statistika — Peserta Terbaik"]', '["Sertifikat Professional Kelulusan Statistika","Juara Favorit Lomba Ide Solutif"]', false, true, true, true, NULL, NULL, NULL, NULL, NULL, 'none', NULL, NULL, NULL, false),
  (323, 'Rina Yudhoyono', 'rina.yudhoyono_83@student.ac.id', '$2a$10$RSkZRsA7U61f4p9zkOfGR.U../8gzlcw63XpZXDWNokYJJyMEpyyS', 'Universitas Gadjah Mada', 'Rekayasa Perangkat Lunak', 'bg-emerald-500', 'Machine learning enthusiast yang senang menganalisis pola data statistik.', 'peserta', '["Lomba Mini Web Universitas Gadjah Mada — Juara 2","Project Bootcamp UI/UX Rekayasa Perangkat Lunak — Peserta Terbaik"]', '["Sertifikat Professional Kelulusan Rekayasa Perangkat Lunak","Juara Favorit Lomba Ide Solutif"]', true, true, true, true, NULL, NULL, NULL, NULL, NULL, 'none', NULL, NULL, NULL, false),
  (324, 'Satria Rahmawati', 'satria.rahmawati_84@student.ac.id', '$2a$10$RSkZRsA7U61f4p9zkOfGR.U../8gzlcw63XpZXDWNokYJJyMEpyyS', 'IPB University', 'Manajemen', 'bg-pink-500', 'Full-stack developer yang berfokus pada efisiensi API dan database relational.', 'peserta', '["Lomba Mini Web IPB University — Juara 2","Project Bootcamp UI/UX Manajemen — Peserta Terbaik"]', '["Sertifikat Professional Kelulusan Manajemen","Juara Favorit Lomba Ide Solutif"]', false, true, true, true, NULL, NULL, NULL, NULL, NULL, 'none', NULL, NULL, NULL, false),
  (325, 'Elsa Gunawan', 'elsa.gunawan_85@student.ac.id', '$2a$10$RSkZRsA7U61f4p9zkOfGR.U../8gzlcw63XpZXDWNokYJJyMEpyyS', 'Universitas Diponegoro', 'Kecerdasan Buatan', 'bg-amber-500', 'Antusias dengan kolaborasi riset dan pengembangan software tingkat mahasiswa.', 'peserta', '["Lomba Mini Web Universitas Diponegoro — Juara 3","Project Bootcamp UI/UX Kecerdasan Buatan — Peserta Terbaik"]', '["Sertifikat Professional Kelulusan Kecerdasan Buatan","Juara Favorit Lomba Ide Solutif"]', false, true, true, true, NULL, NULL, NULL, NULL, NULL, 'none', NULL, NULL, NULL, false),
  (326, 'Rian Nugroho', 'rian.nugroho_86@student.ac.id', '$2a$10$RSkZRsA7U61f4p9zkOfGR.U../8gzlcw63XpZXDWNokYJJyMEpyyS', 'ITS Surabaya', 'Rekayasa Perangkat Lunak', 'bg-indigo-500', 'Antusias dengan kolaborasi riset dan pengembangan software tingkat mahasiswa.', 'peserta', '["Lomba Mini Web ITS Surabaya — Juara 2","Project Bootcamp UI/UX Rekayasa Perangkat Lunak — Peserta Terbaik"]', '["Sertifikat Professional Kelulusan Rekayasa Perangkat Lunak","Juara Favorit Lomba Ide Solutif"]', true, true, true, true, NULL, NULL, NULL, NULL, NULL, 'none', NULL, NULL, NULL, false),
  (327, 'Indra Fitriani', 'indra.fitriani_87@student.ac.id', '$2a$10$RSkZRsA7U61f4p9zkOfGR.U../8gzlcw63XpZXDWNokYJJyMEpyyS', 'Telkom University', 'Statistika', 'bg-cyan-500', 'Sangat tertarik dengan proyek berdampak sosial dan startup ramah lingkungan.', 'peserta', '["Lomba Mini Web Telkom University — Juara 2","Project Bootcamp UI/UX Statistika — Peserta Terbaik"]', '["Sertifikat Professional Kelulusan Statistika","Juara Favorit Lomba Ide Solutif"]', false, true, true, true, NULL, NULL, NULL, NULL, NULL, 'none', NULL, NULL, NULL, false),
  (328, 'Bagus Hadi', 'bagus.hadi_88@student.ac.id', '$2a$10$RSkZRsA7U61f4p9zkOfGR.U../8gzlcw63XpZXDWNokYJJyMEpyyS', 'Universitas Indonesia', 'Teknik Komputer', 'bg-amber-500', 'Full-stack developer yang berfokus pada efisiensi API dan database relational.', 'peserta', '["Lomba Mini Web Universitas Indonesia — Juara 3","Project Bootcamp UI/UX Teknik Komputer — Peserta Terbaik"]', '["Sertifikat Professional Kelulusan Teknik Komputer","Juara Favorit Lomba Ide Solutif"]', true, true, true, true, NULL, NULL, NULL, NULL, NULL, 'none', NULL, NULL, NULL, false),
  (329, 'Elsa Budiman', 'elsa.budiman_89@student.ac.id', '$2a$10$RSkZRsA7U61f4p9zkOfGR.U../8gzlcw63XpZXDWNokYJJyMEpyyS', 'Universitas Padjadjaran', 'Rekayasa Perangkat Lunak', 'bg-purple-500', 'UI/UX designer dengan kecintaan pada desain minimalis dan glassmorphism.', 'peserta', '["Lomba Mini Web Universitas Padjadjaran — Juara 2","Project Bootcamp UI/UX Rekayasa Perangkat Lunak — Peserta Terbaik"]', '["Sertifikat Professional Kelulusan Rekayasa Perangkat Lunak","Juara Favorit Lomba Ide Solutif"]', false, true, true, true, NULL, NULL, NULL, NULL, NULL, 'none', NULL, NULL, NULL, false),
  (330, 'BEM Fasilkom UI (Cluster 1)', 'org.bemfasilkomuicluster1_1@sidequest.id', '$2a$10$RSkZRsA7U61f4p9zkOfGR.U../8gzlcw63XpZXDWNokYJJyMEpyyS', NULL, NULL, 'bg-indigo-600', 'Akun Penyelenggara Kompetisi Resmi untuk BEM Fasilkom UI (Cluster 1).', 'organizer', NULL, NULL, false, true, true, true, NULL, NULL, NULL, NULL, NULL, 'trialing', '2026-05-03 06:52:47.862', '2026-08-01 06:52:47.862', NULL, false),
  (331, 'HIMTI BINUS University (Cluster 1)', 'org.himtibinusuniversitycluster1_2@sidequest.id', '$2a$10$RSkZRsA7U61f4p9zkOfGR.U../8gzlcw63XpZXDWNokYJJyMEpyyS', NULL, NULL, 'bg-indigo-600', 'Akun Penyelenggara Kompetisi Resmi untuk HIMTI BINUS University (Cluster 1).', 'organizer', NULL, NULL, false, true, true, true, NULL, NULL, NULL, NULL, NULL, 'trialing', '2026-05-03 06:52:47.862', '2026-08-01 06:52:47.862', NULL, false),
  (332, 'DSC ITB Bandung (Cluster 1)', 'org.dscitbbandungcluster1_3@sidequest.id', '$2a$10$RSkZRsA7U61f4p9zkOfGR.U../8gzlcw63XpZXDWNokYJJyMEpyyS', NULL, NULL, 'bg-indigo-600', 'Akun Penyelenggara Kompetisi Resmi untuk DSC ITB Bandung (Cluster 1).', 'organizer', NULL, NULL, false, true, true, true, NULL, NULL, NULL, NULL, NULL, 'trialing', '2026-05-03 06:52:47.862', '2026-08-01 06:52:47.862', NULL, false),
  (333, 'Himpunan Statistika IPB (Cluster 1)', 'org.himpunanstatistikaipbcluster1_4@sidequest.id', '$2a$10$RSkZRsA7U61f4p9zkOfGR.U../8gzlcw63XpZXDWNokYJJyMEpyyS', NULL, NULL, 'bg-indigo-600', 'Akun Penyelenggara Kompetisi Resmi untuk Himpunan Statistika IPB (Cluster 1).', 'organizer', NULL, NULL, false, true, true, true, NULL, NULL, NULL, NULL, NULL, 'trialing', '2026-05-03 06:52:47.862', '2026-08-01 06:52:47.862', NULL, false),
  (334, 'Inkubator Bisnis UGM (Cluster 1)', 'org.inkubatorbisnisugmcluster1_5@sidequest.id', '$2a$10$RSkZRsA7U61f4p9zkOfGR.U../8gzlcw63XpZXDWNokYJJyMEpyyS', NULL, NULL, 'bg-indigo-600', 'Akun Penyelenggara Kompetisi Resmi untuk Inkubator Bisnis UGM (Cluster 1).', 'organizer', NULL, NULL, false, true, true, true, NULL, NULL, NULL, NULL, NULL, 'trialing', '2026-05-03 06:52:47.862', '2026-08-01 06:52:47.862', NULL, false),
  (335, 'IEEE Student Branch ITS (Cluster 1)', 'org.ieeestudentbranchitscluster1_6@sidequest.id', '$2a$10$RSkZRsA7U61f4p9zkOfGR.U../8gzlcw63XpZXDWNokYJJyMEpyyS', NULL, NULL, 'bg-indigo-600', 'Akun Penyelenggara Kompetisi Resmi untuk IEEE Student Branch ITS (Cluster 1).', 'organizer', NULL, NULL, false, true, true, true, NULL, NULL, NULL, NULL, NULL, 'trialing', '2026-05-03 06:52:47.862', '2026-08-01 06:52:47.862', NULL, false),
  (336, 'DKV Telkom University (Cluster 1)', 'org.dkvtelkomuniversitycluster1_7@sidequest.id', '$2a$10$RSkZRsA7U61f4p9zkOfGR.U../8gzlcw63XpZXDWNokYJJyMEpyyS', NULL, NULL, 'bg-indigo-600', 'Akun Penyelenggara Kompetisi Resmi untuk DKV Telkom University (Cluster 1).', 'organizer', NULL, NULL, false, true, true, true, NULL, NULL, NULL, NULL, NULL, 'trialing', '2026-05-03 06:52:47.862', '2026-08-01 06:52:47.862', NULL, false),
  (337, 'BEM Undip Semarang (Cluster 1)', 'org.bemundipsemarangcluster1_8@sidequest.id', '$2a$10$RSkZRsA7U61f4p9zkOfGR.U../8gzlcw63XpZXDWNokYJJyMEpyyS', NULL, NULL, 'bg-indigo-600', 'Akun Penyelenggara Kompetisi Resmi untuk BEM Undip Semarang (Cluster 1).', 'organizer', NULL, NULL, false, true, true, true, NULL, NULL, NULL, NULL, NULL, 'trialing', '2026-05-03 06:52:47.862', '2026-08-01 06:52:47.862', NULL, false),
  (338, 'Himpunan Elektro Unhas (Cluster 1)', 'org.himpunanelektrounhascluster1_9@sidequest.id', '$2a$10$RSkZRsA7U61f4p9zkOfGR.U../8gzlcw63XpZXDWNokYJJyMEpyyS', NULL, NULL, 'bg-indigo-600', 'Akun Penyelenggara Kompetisi Resmi untuk Himpunan Elektro Unhas (Cluster 1).', 'organizer', NULL, NULL, false, true, true, true, NULL, NULL, NULL, NULL, NULL, 'trialing', '2026-05-03 06:52:47.862', '2026-08-01 06:52:47.862', NULL, false),
  (339, 'Keluarga Mahasiswa ITB (Cluster 1)', 'org.keluargamahasiswaitbcluster1_10@sidequest.id', '$2a$10$RSkZRsA7U61f4p9zkOfGR.U../8gzlcw63XpZXDWNokYJJyMEpyyS', NULL, NULL, 'bg-indigo-600', 'Akun Penyelenggara Kompetisi Resmi untuk Keluarga Mahasiswa ITB (Cluster 1).', 'organizer', NULL, NULL, false, true, true, true, NULL, NULL, NULL, NULL, NULL, 'trialing', '2026-05-03 06:52:47.862', '2026-08-01 06:52:47.862', NULL, false),
  (340, 'Inkubator Wirausaha Unair (Cluster 1)', 'org.inkubatorwirausahaunaircluster1_11@sidequest.id', '$2a$10$RSkZRsA7U61f4p9zkOfGR.U../8gzlcw63XpZXDWNokYJJyMEpyyS', NULL, NULL, 'bg-indigo-600', 'Akun Penyelenggara Kompetisi Resmi untuk Inkubator Wirausaha Unair (Cluster 1).', 'organizer', NULL, NULL, false, true, true, true, NULL, NULL, NULL, NULL, NULL, 'trialing', '2026-05-03 06:52:47.862', '2026-08-01 06:52:47.862', NULL, false),
  (341, 'BEM Universitas Padjadjaran (Cluster 1)', 'org.bemuniversitaspadjadjarancluster1_12@sidequest.id', '$2a$10$RSkZRsA7U61f4p9zkOfGR.U../8gzlcw63XpZXDWNokYJJyMEpyyS', NULL, NULL, 'bg-indigo-600', 'Akun Penyelenggara Kompetisi Resmi untuk BEM Universitas Padjadjaran (Cluster 1).', 'organizer', NULL, NULL, false, true, true, true, NULL, NULL, NULL, NULL, NULL, 'trialing', '2026-05-03 06:52:47.862', '2026-08-01 06:52:47.862', NULL, false),
  (342, 'Inovator Muda Brawijaya (Cluster 1)', 'org.inovatormudabrawijayacluster1_13@sidequest.id', '$2a$10$RSkZRsA7U61f4p9zkOfGR.U../8gzlcw63XpZXDWNokYJJyMEpyyS', NULL, NULL, 'bg-indigo-600', 'Akun Penyelenggara Kompetisi Resmi untuk Inovator Muda Brawijaya (Cluster 1).', 'organizer', NULL, NULL, false, true, true, true, NULL, NULL, NULL, NULL, NULL, 'trialing', '2026-05-03 06:52:47.862', '2026-08-01 06:52:47.862', NULL, false),
  (343, 'Startup Hub Universitas Indonesia (Cluster 1)', 'org.startuphubuniversitasindonesiacluster1_14@sidequest.id', '$2a$10$RSkZRsA7U61f4p9zkOfGR.U../8gzlcw63XpZXDWNokYJJyMEpyyS', NULL, NULL, 'bg-indigo-600', 'Akun Penyelenggara Kompetisi Resmi untuk Startup Hub Universitas Indonesia (Cluster 1).', 'organizer', NULL, NULL, false, true, true, true, NULL, NULL, NULL, NULL, NULL, 'trialing', '2026-05-03 06:52:47.862', '2026-08-01 06:52:47.862', NULL, false),
  (344, 'Traveloka Indonesia (Partner 1)', 'sponsor.travelokaindonesiapartner1_1@corporate.com', '$2a$10$RSkZRsA7U61f4p9zkOfGR.U../8gzlcw63XpZXDWNokYJJyMEpyyS', NULL, NULL, 'bg-emerald-600', 'Official Premium Corporate Sponsor Partner for SideQuest Platform. Traveloka Indonesia (Partner 1).', 'sponsor', NULL, NULL, false, true, true, true, NULL, NULL, NULL, NULL, NULL, 'none', NULL, NULL, NULL, false),
  (345, 'Bukalapak (Partner 1)', 'sponsor.bukalapakpartner1_2@corporate.com', '$2a$10$RSkZRsA7U61f4p9zkOfGR.U../8gzlcw63XpZXDWNokYJJyMEpyyS', NULL, NULL, 'bg-emerald-600', 'Official Premium Corporate Sponsor Partner for SideQuest Platform. Bukalapak (Partner 1).', 'sponsor', NULL, NULL, false, true, true, true, NULL, NULL, NULL, NULL, NULL, 'none', NULL, NULL, NULL, false),
  (346, 'Dana Wallet (Partner 1)', 'sponsor.danawalletpartner1_3@corporate.com', '$2a$10$RSkZRsA7U61f4p9zkOfGR.U../8gzlcw63XpZXDWNokYJJyMEpyyS', NULL, NULL, 'bg-emerald-600', 'Official Premium Corporate Sponsor Partner for SideQuest Platform. Dana Wallet (Partner 1).', 'sponsor', NULL, NULL, false, true, true, true, NULL, NULL, NULL, NULL, NULL, 'none', NULL, NULL, NULL, false),
  (347, 'OVO Payments (Partner 1)', 'sponsor.ovopaymentspartner1_4@corporate.com', '$2a$10$RSkZRsA7U61f4p9zkOfGR.U../8gzlcw63XpZXDWNokYJJyMEpyyS', NULL, NULL, 'bg-emerald-600', 'Official Premium Corporate Sponsor Partner for SideQuest Platform. OVO Payments (Partner 1).', 'sponsor', NULL, NULL, false, true, true, true, NULL, NULL, NULL, NULL, NULL, 'none', NULL, NULL, NULL, false),
  (348, 'Bank Mandiri (Partner 1)', 'sponsor.bankmandiripartner1_5@corporate.com', '$2a$10$RSkZRsA7U61f4p9zkOfGR.U../8gzlcw63XpZXDWNokYJJyMEpyyS', NULL, NULL, 'bg-emerald-600', 'Official Premium Corporate Sponsor Partner for SideQuest Platform. Bank Mandiri (Partner 1).', 'sponsor', NULL, NULL, false, true, true, true, NULL, NULL, NULL, NULL, NULL, 'none', NULL, NULL, NULL, false),
  (349, 'Bank Central Asia (BCA) (Partner 1)', 'sponsor.bankcentralasiabcapartner1_6@corporate.com', '$2a$10$RSkZRsA7U61f4p9zkOfGR.U../8gzlcw63XpZXDWNokYJJyMEpyyS', NULL, NULL, 'bg-emerald-600', 'Official Premium Corporate Sponsor Partner for SideQuest Platform. Bank Central Asia (BCA) (Partner 1).', 'sponsor', NULL, NULL, false, true, true, true, NULL, NULL, NULL, NULL, NULL, 'none', NULL, NULL, NULL, false);

ALTER SEQUENCE "users_id_seq" RESTART WITH 350;

-- Table: user_skills (748 rows)
INSERT INTO "user_skills" ("user_id", "skill_id") VALUES
  (1, 1),
  (1, 2),
  (1, 3),
  (2, 4),
  (2, 5),
  (3, 3),
  (3, 6),
  (4, 1),
  (4, 2),
  (4, 7),
  (5, 3),
  (5, 6),
  (5, 8),
  (5, 9),
  (6, 10),
  (6, 11),
  (6, 12),
  (7, 13),
  (7, 14),
  (7, 15),
  (8, 16),
  (8, 17),
  (8, 18),
  (8, 19),
  (9, 1),
  (9, 2),
  (9, 20),
  (9, 21),
  (10, 8),
  (10, 22),
  (10, 23),
  (10, 24),
  (11, 14),
  (11, 25),
  (11, 26),
  (11, 27),
  (12, 28),
  (12, 29),
  (12, 30),
  (12, 31),
  (13, 10),
  (13, 32),
  (13, 33),
  (13, 34),
  (14, 35),
  (14, 36),
  (14, 37),
  (14, 38),
  (15, 15),
  (15, 39),
  (15, 40),
  (15, 41),
  (16, 42),
  (16, 43),
  (16, 44),
  (16, 45),
  (17, 46),
  (17, 47),
  (17, 48),
  (17, 49),
  (18, 50),
  (18, 51),
  (18, 52),
  (18, 53),
  (19, 54),
  (19, 55),
  (19, 56),
  (19, 57),
  (20, 11),
  (20, 56),
  (20, 58),
  (20, 59),
  (21, 54),
  (21, 60),
  (21, 61),
  (21, 62),
  (22, 63),
  (22, 64),
  (22, 65),
  (22, 66),
  (23, 67),
  (23, 68),
  (23, 69),
  (23, 70),
  (24, 14),
  (24, 65),
  (24, 71),
  (24, 72),
  (33, 30),
  (33, 32),
  (33, 38),
  (33, 51),
  (34, 3),
  (34, 53),
  (34, 61),
  (35, 22),
  (35, 31),
  (35, 61),
  (35, 64),
  (51, 6),
  (51, 7),
  (51, 29),
  (51, 47),
  (51, 57),
  (53, 1),
  (53, 18),
  (53, 25),
  (53, 36),
  (53, 44),
  (55, 28),
  (55, 35),
  (55, 36),
  (55, 51),
  (55, 56),
  (57, 53),
  (57, 60),
  (57, 72),
  (59, 8),
  (59, 51),
  (59, 62),
  (59, 63),
  (60, 29),
  (60, 46),
  (60, 57),
  (60, 67),
  (61, 29),
  (61, 46),
  (61, 47),
  (61, 59),
  (61, 67),
  (62, 31),
  (62, 57),
  (62, 67),
  (63, 2),
  (63, 20),
  (63, 35),
  (63, 62),
  (64, 18),
  (64, 37),
  (64, 57),
  (65, 9),
  (65, 39),
  (65, 44),
  (65, 55),
  (66, 17),
  (66, 27),
  (66, 60),
  (67, 26),
  (67, 31),
  (67, 54),
  (67, 57),
  (68, 9),
  (68, 30),
  (68, 46),
  (68, 54),
  (68, 66),
  (69, 30),
  (69, 37),
  (69, 52),
  (70, 33),
  (70, 36),
  (70, 45),
  (71, 26),
  (71, 36),
  (71, 47),
  (71, 59),
  (72, 17),
  (72, 26),
  (72, 47),
  (72, 50),
  (73, 11),
  (73, 26),
  (73, 48),
  (74, 26),
  (74, 28),
  (74, 59),
  (75, 28),
  (75, 30),
  (75, 52),
  (75, 61),
  (76, 33),
  (76, 37),
  (76, 48),
  (76, 55),
  (76, 56),
  (77, 4),
  (77, 34),
  (77, 36),
  (78, 1),
  (78, 14),
  (78, 34),
  (79, 2),
  (79, 38),
  (79, 48),
  (79, 65),
  (80, 2),
  (80, 51),
  (80, 66),
  (81, 49),
  (81, 50),
  (81, 53),
  (81, 58),
  (82, 11),
  (82, 54),
  (82, 62),
  (82, 71),
  (83, 23),
  (83, 32),
  (83, 43),
  (83, 45),
  (83, 54),
  (84, 45),
  (84, 50),
  (84, 59),
  (85, 22),
  (85, 25),
  (85, 46),
  (85, 58),
  (85, 63),
  (86, 24),
  (86, 56),
  (86, 69),
  (87, 1),
  (87, 20),
  (87, 28),
  (87, 51),
  (87, 63),
  (88, 33),
  (88, 41),
  (88, 49),
  (89, 10),
  (89, 13),
  (89, 18),
  (90, 21),
  (90, 22),
  (90, 34),
  (90, 39),
  (90, 54),
  (91, 10),
  (91, 12),
  (91, 15),
  (91, 39),
  (92, 12),
  (92, 15),
  (92, 36),
  (92, 37),
  (93, 16),
  (93, 34),
  (93, 42),
  (93, 57),
  (94, 5),
  (94, 15),
  (94, 54),
  (95, 15),
  (95, 29),
  (95, 57),
  (96, 15),
  (96, 20),
  (96, 34),
  (97, 7),
  (97, 28),
  (97, 58),
  (97, 64),
  (98, 4),
  (98, 5),
  (98, 23),
  (98, 27),
  (98, 53),
  (99, 3),
  (99, 24),
  (99, 27),
  (99, 71),
  (100, 16),
  (100, 37),
  (100, 40),
  (100, 41),
  (100, 69),
  (101, 16),
  (101, 34),
  (101, 41),
  (102, 1),
  (102, 15),
  (102, 21),
  (102, 30),
  (102, 38),
  (103, 14),
  (103, 31),
  (103, 66),
  (104, 16),
  (104, 26),
  (104, 31),
  (104, 41),
  (104, 51),
  (105, 14),
  (105, 31),
  (105, 40),
  (105, 53),
  (106, 34),
  (106, 36),
  (106, 53),
  (106, 69),
  (107, 3),
  (107, 41),
  (107, 46),
  (108, 33),
  (108, 35),
  (108, 45),
  (108, 60),
  (109, 5),
  (109, 33),
  (109, 47),
  (109, 63),
  (110, 5),
  (110, 27),
  (110, 39),
  (110, 55),
  (110, 59),
  (111, 54),
  (111, 58),
  (111, 66),
  (112, 2),
  (112, 19),
  (112, 55),
  (112, 58),
  (112, 62),
  (113, 25),
  (113, 30),
  (113, 66),
  (113, 67),
  (114, 1),
  (114, 19),
  (114, 33),
  (114, 38),
  (114, 43),
  (115, 27),
  (115, 37),
  (115, 55),
  (115, 64),
  (116, 16),
  (116, 25),
  (116, 32),
  (116, 62),
  (116, 64),
  (117, 12),
  (117, 17),
  (117, 43),
  (117, 65),
  (118, 28),
  (118, 49),
  (118, 56),
  (119, 5),
  (119, 6),
  (119, 12),
  (119, 56),
  (119, 59),
  (120, 12),
  (120, 24),
  (120, 26),
  (120, 39),
  (120, 50),
  (121, 34),
  (121, 40),
  (121, 60),
  (122, 3),
  (122, 39),
  (122, 61),
  (123, 8),
  (123, 64),
  (123, 67),
  (124, 45),
  (124, 66),
  (124, 70),
  (125, 10),
  (125, 43),
  (125, 44),
  (125, 65),
  (125, 72),
  (126, 10),
  (126, 12),
  (126, 32),
  (126, 56),
  (126, 60),
  (127, 24),
  (127, 50),
  (127, 68),
  (241, 27),
  (241, 43),
  (241, 52),
  (241, 60),
  (241, 70),
  (242, 14),
  (242, 34),
  (242, 55),
  (243, 10),
  (243, 16),
  (243, 17),
  (243, 19),
  (244, 8),
  (244, 9),
  (244, 33),
  (244, 45),
  (244, 52),
  (245, 19),
  (245, 23),
  (245, 32),
  (245, 60),
  (245, 72),
  (246, 4),
  (246, 18),
  (246, 41),
  (247, 7),
  (247, 40),
  (247, 49),
  (247, 51),
  (247, 71),
  (248, 43),
  (248, 51),
  (248, 59),
  (248, 64),
  (248, 71),
  (249, 39),
  (249, 47),
  (249, 57),
  (250, 21),
  (250, 42),
  (250, 44),
  (250, 57),
  (251, 21),
  (251, 28),
  (251, 33),
  (252, 2),
  (252, 12),
  (252, 29),
  (252, 33),
  (252, 40),
  (253, 5),
  (253, 27),
  (253, 48),
  (253, 58),
  (254, 7),
  (254, 17),
  (254, 27),
  (254, 52),
  (254, 62),
  (255, 7),
  (255, 17),
  (255, 35),
  (255, 65),
  (256, 43),
  (256, 57),
  (256, 72),
  (257, 18),
  (257, 24),
  (257, 25),
  (257, 43),
  (257, 48),
  (258, 6),
  (258, 9),
  (258, 48),
  (258, 53),
  (259, 15),
  (259, 38),
  (259, 53),
  (259, 67),
  (260, 6),
  (260, 23),
  (260, 48),
  (260, 49),
  (260, 64),
  (261, 2),
  (261, 21),
  (261, 46),
  (261, 47),
  (261, 71),
  (262, 8),
  (262, 13),
  (262, 38),
  (262, 47),
  (263, 41),
  (263, 52),
  (263, 56),
  (263, 72),
  (264, 9),
  (264, 33),
  (264, 55),
  (264, 70),
  (265, 8),
  (265, 22),
  (265, 32),
  (265, 53),
  (265, 72),
  (266, 4),
  (266, 15),
  (266, 28),
  (266, 39),
  (266, 70),
  (267, 1),
  (267, 8),
  (267, 30),
  (267, 60),
  (267, 61),
  (268, 2),
  (268, 8),
  (268, 38),
  (268, 51),
  (268, 64),
  (269, 31),
  (269, 38),
  (269, 46),
  (269, 54),
  (269, 70),
  (270, 12),
  (270, 19),
  (270, 27),
  (270, 34),
  (270, 39),
  (271, 35),
  (271, 39),
  (271, 47),
  (271, 65),
  (272, 19),
  (272, 36),
  (272, 37),
  (272, 39),
  (273, 27),
  (273, 48),
  (273, 54),
  (273, 72),
  (274, 12),
  (274, 31),
  (274, 41),
  (275, 1),
  (275, 58),
  (275, 64),
  (275, 69),
  (276, 6),
  (276, 16),
  (276, 52),
  (276, 64),
  (277, 2),
  (277, 4),
  (277, 12),
  (278, 14),
  (278, 21),
  (278, 33),
  (278, 64),
  (279, 14),
  (279, 15),
  (279, 24),
  (280, 47),
  (280, 58),
  (280, 64),
  (281, 15),
  (281, 30),
  (281, 34),
  (281, 68),
  (282, 6),
  (282, 12),
  (282, 30),
  (282, 34),
  (283, 3),
  (283, 25),
  (283, 44),
  (283, 53),
  (284, 31),
  (284, 33),
  (284, 50),
  (284, 66),
  (285, 12),
  (285, 14),
  (285, 24),
  (285, 39),
  (285, 64),
  (286, 22),
  (286, 38),
  (286, 60),
  (287, 6),
  (287, 24),
  (287, 50),
  (287, 61),
  (288, 3),
  (288, 19),
  (288, 25),
  (288, 26),
  (288, 70),
  (289, 27),
  (289, 46),
  (289, 59),
  (289, 70),
  (290, 4),
  (290, 32),
  (290, 37),
  (290, 51),
  (291, 5),
  (291, 14),
  (291, 26),
  (291, 34),
  (291, 65),
  (292, 30),
  (292, 32),
  (292, 58),
  (292, 60),
  (293, 5),
  (293, 10),
  (293, 32),
  (293, 38),
  (293, 47),
  (294, 24),
  (294, 36),
  (294, 43),
  (294, 55),
  (295, 46),
  (295, 50),
  (295, 56),
  (295, 60),
  (296, 20),
  (296, 43),
  (296, 61),
  (297, 13),
  (297, 18),
  (297, 25),
  (297, 33),
  (297, 45),
  (298, 25),
  (298, 26),
  (298, 55),
  (298, 60),
  (298, 66),
  (299, 4),
  (299, 12),
  (299, 52),
  (300, 22),
  (300, 35),
  (300, 51),
  (300, 61),
  (301, 13),
  (301, 39),
  (301, 68),
  (301, 70),
  (302, 15),
  (302, 18),
  (302, 51),
  (302, 60),
  (302, 72),
  (303, 40),
  (303, 44),
  (303, 60),
  (304, 28),
  (304, 37),
  (304, 63),
  (305, 5),
  (305, 17),
  (305, 28),
  (305, 44),
  (305, 49),
  (306, 19),
  (306, 31),
  (306, 50),
  (307, 14),
  (307, 24),
  (307, 39),
  (307, 56),
  (308, 11),
  (308, 14),
  (308, 17),
  (308, 31),
  (308, 60),
  (309, 6),
  (309, 32),
  (309, 66),
  (310, 17),
  (310, 37),
  (310, 44),
  (311, 3),
  (311, 9),
  (311, 12),
  (311, 20),
  (311, 44),
  (312, 12),
  (312, 17),
  (312, 45),
  (312, 61),
  (313, 12),
  (313, 53),
  (313, 68),
  (314, 5),
  (314, 14),
  (314, 43),
  (314, 47),
  (315, 22),
  (315, 32),
  (315, 47),
  (315, 52),
  (315, 66),
  (316, 18),
  (316, 19),
  (316, 32),
  (316, 38),
  (316, 55),
  (317, 5),
  (317, 16),
  (317, 42),
  (317, 55),
  (317, 65),
  (318, 22),
  (318, 38),
  (318, 42),
  (318, 51),
  (318, 65),
  (319, 20),
  (319, 47),
  (319, 56),
  (320, 11),
  (320, 33),
  (320, 35),
  (320, 46),
  (320, 63),
  (321, 6),
  (321, 11),
  (321, 35),
  (322, 27),
  (322, 30),
  (322, 47),
  (322, 71),
  (323, 9),
  (323, 11),
  (323, 36),
  (324, 31),
  (324, 36),
  (324, 48),
  (325, 7),
  (325, 43),
  (325, 45),
  (325, 53),
  (326, 29),
  (326, 33),
  (326, 60),
  (327, 3),
  (327, 33),
  (327, 72),
  (328, 20),
  (328, 38),
  (328, 61),
  (329, 33),
  (329, 47),
  (329, 53),
  (329, 57),
  (329, 72);

-- Table: platform_settings (7 rows)
INSERT INTO "platform_settings" ("key", "value") VALUES
  ('feature_competitions', 'active'),
  ('feature_teams', 'active'),
  ('feature_connections', 'active'),
  ('feature_matchmaking', 'active'),
  ('maintenance_mode', 'false'),
  ('feature_premium_organizer', 'active'),
  ('premium_organizer_trial_days', '90');

-- Table: competitions (38 rows)
INSERT INTO "competitions" ("id", "category_id", "title", "organizer", "deadline", "tags", "color_gradient", "emoji", "is_free", "prize", "description", "status", "organizer_id", "min_members", "max_members", "registration_model", "winner_announcement", "is_active") VALUES
  (1, 1, 'Gemastik XVII — Pengembangan Perangkat Lunak', 'Kemendikbud Ristek RI', '2026-05-17 17:00:00.000', '["Teknologi","Nasional"]', 'from-primary to-purple-500', '🏆', true, 'Medali + Uang Pembinaan', 'Kompetisi TIK mahasiswa nasional bidang software development. Sangat bergengsi.', 'draft', NULL, 1, 5, 'non-hosted', '2026-05-24 17:00:00.000', true),
  (2, 1, 'Hackathon Nasional 2026 — Smart City', 'Kemenkominfo', '2026-05-12 17:00:00.000', '["Teknologi","Hackathon"]', 'from-blue-500 to-primary', '🌆', true, 'Rp 25 Juta', 'Hackathon 48 jam membangun solusi smart city inovatif berbasis IoT.', 'draft', NULL, 1, 5, 'non-hosted', '2026-05-19 17:00:00.000', true),
  (3, 1, 'Google Solution Challenge 2026', 'Google Developer Student Clubs', '2026-05-07 17:00:00.000', '["Teknologi","Global"]', 'from-red-400 to-orange-400', '⚡', true, 'Mentoring global & USD 3,000', 'Bangun solusi untuk SDGs PBB menggunakan teknologi Google.', 'draft', NULL, 1, 5, 'non-hosted', '2026-05-14 17:00:00.000', true),
  (4, 1, 'ICPC Asia Regional 2026', 'ACM International Collegiate Programming Contest', '2026-05-02 17:00:00.000', '["Teknologi","Programming"]', 'from-indigo-500 to-blue-600', '💻', false, 'Rp 10 Juta', 'Kompetisi pemrograman kompetitif tingkat Asia Pasifik untuk tim mahasiswa.', 'draft', NULL, 1, 5, 'non-hosted', '2026-05-09 17:00:00.000', true),
  (5, 1, 'Microsoft Imagine Cup 2026', 'Microsoft', '2026-04-27 17:00:00.000', '["Teknologi","Inovasi"]', 'from-blue-400 to-cyan-500', '🪟', true, 'USD 100,000', 'Kompetisi inovasi teknologi terbesar dari Microsoft untuk mahasiswa.', 'draft', NULL, 1, 5, 'non-hosted', '2026-05-04 17:00:00.000', true),
  (6, 1, 'AWS Build On ASEAN 2026', 'Amazon Web Services', '2026-04-22 17:00:00.000', '["Teknologi","Cloud"]', 'from-orange-400 to-yellow-400', '☁️', true, 'USD 25,000', 'Bangun solusi cloud AWS untuk tantangan industri di ASEAN.', 'draft', NULL, 1, 5, 'non-hosted', '2026-04-29 17:00:00.000', true),
  (7, 2, 'ASEAN Business Plan Competition 2026', 'ASEAN Youth Council', '2026-04-17 17:00:00.000', '["Bisnis","ASEAN"]', 'from-orange-400 to-accent', '💼', false, 'Rp 15 Juta', 'Kompetisi rencana bisnis tingkat regional untuk mahasiswa se-ASEAN.', 'draft', NULL, 1, 5, 'non-hosted', '2026-04-24 17:00:00.000', true),
  (8, 2, 'Startup Weekend Jakarta 2026', 'Techstars × ANGIN', '2026-04-12 17:00:00.000', '["Bisnis","Startup"]', 'from-yellow-400 to-orange-400', '🚀', false, 'Mentoring + Pendanaan', '54 jam membangun ide bisnis mentah menjadi prototype siap pitching.', 'draft', NULL, 1, 5, 'non-hosted', '2026-04-19 17:00:00.000', true),
  (9, 2, 'Young Entrepreneur Challenge 2026', 'HIPMI', '2026-04-07 17:00:00.000', '["Bisnis","Wirausaha"]', 'from-emerald-400 to-green-500', '💰', false, 'Rp 50 Juta', 'Pencarian wirausaha muda terbaik nasional dari jaringan HIPMI.', 'draft', NULL, 1, 5, 'non-hosted', '2026-04-14 17:00:00.000', true),
  (10, 2, 'Idea-thon Kewirausahaan Nasional', 'Kemenparekraf', '2026-04-02 17:00:00.000', '["Bisnis","Kreatif"]', 'from-pink-400 to-rose-500', '💡', true, 'Rp 30 Juta', 'Kompetisi ide bisnis inovatif berbasis pariwisata & ekonomi kreatif.', 'draft', NULL, 1, 5, 'non-hosted', '2026-04-09 17:00:00.000', true),
  (11, 3, 'Hult Prize 2026 — Campus Round', 'Hult International Business School', '2026-03-28 17:00:00.000', '["Social Impact","Internasional"]', 'from-green-400 to-teal-500', '🌱', true, 'Golden Ticket to Regional', 'Kompetisi wirausaha sosial bertaraf internasional terbesar di dunia.', 'draft', NULL, 1, 5, 'non-hosted', '2026-04-04 17:00:00.000', true),
  (12, 3, 'Youth Innovation Challenge 2026', 'UNDP Indonesia', '2026-03-23 17:00:00.000', '["Social Impact","SDGs"]', 'from-teal-400 to-cyan-500', '🌍', true, 'USD 5,000', 'Inovasi sosial mahasiswa menjawab tantangan SDGs di Indonesia.', 'draft', NULL, 1, 5, 'non-hosted', '2026-03-30 17:00:00.000', true),
  (13, 3, 'Sociopreneur Competition IYREF 2026', 'Indonesia Youth Renewable Energy Forum', '2026-03-18 17:00:00.000', '["Social Impact","Energi"]', 'from-lime-400 to-green-500', '♻️', true, 'Rp 20 Juta', 'Kompetisi wirausaha sosial berbasis transisi energi terbarukan.', 'draft', NULL, 1, 5, 'non-hosted', '2026-03-25 17:00:00.000', true),
  (14, 4, 'National UI/UX Design Challenge', 'Tokopedia × Google DSC', '2026-06-10 17:00:00.000', '["Desain","UI/UX"]', 'from-pink-400 to-purple-400', '🎨', true, 'Rp 10 Juta', 'Kompetisi mendesain antarmuka & pengalaman pengguna e-commerce masa depan.', 'draft', NULL, 1, 5, 'non-hosted', '2026-06-17 17:00:00.000', true),
  (15, 4, 'Redot Design Award 2026', 'Red Dot GmbH & Co. KG', '2026-06-12 17:00:00.000', '["Desain","Internasional"]', 'from-red-500 to-pink-500', '🔴', false, 'Trophy + Winner Label', 'Penghargaan desain produk & konsep bergengsi tingkat dunia.', 'draft', NULL, 1, 5, 'non-hosted', '2026-06-19 17:00:00.000', true),
  (16, 4, 'Compfest UI Design Competition', 'Fasilkom UI', '2026-06-14 17:00:00.000', '["Desain","UI/UX","Nasional"]', 'from-violet-500 to-purple-600', '🖌️', true, 'Rp 15 Juta', 'Kompetisi desain UI/UX bergengsi skala nasional dari Universitas Indonesia.', 'draft', NULL, 1, 5, 'non-hosted', '2026-06-21 17:00:00.000', true),
  (17, 5, 'Lomba Karya Tulis Ilmiah Nasional', 'ITS Surabaya', '2026-06-16 17:00:00.000', '["Sains","Ilmiah"]', 'from-cyan-500 to-blue-500', '🔬', false, 'Rp 10 Juta', 'LKTIN riset inovatif multidisiplin untuk solusi masa depan.', 'draft', NULL, 1, 5, 'non-hosted', '2026-06-23 17:00:00.000', true),
  (18, 5, 'Physics Olympiad Tingkat Mahasiswa 2026', 'HFI (Himpunan Fisika Indonesia)', '2026-06-18 17:00:00.000', '["Sains","Fisika"]', 'from-sky-400 to-blue-500', '⚛️', false, 'Rp 10 Juta', 'Olimpiade fisika mahasiswa bergengsi untuk menguji batas analitik.', 'draft', NULL, 1, 5, 'non-hosted', '2026-06-25 17:00:00.000', true),
  (19, 5, 'Pagelaran Mahasiswa Nasional (GEMASTIK) Sains Data', 'Kemendikbud', '2026-06-20 17:00:00.000', '["Sains","Data Science"]', 'from-cyan-400 to-teal-400', '📊', true, 'Medali Gemastik', 'Kompetisi nasional pengolahan sains data dalam rangkaian Gemastik.', 'draft', NULL, 1, 5, 'non-hosted', '2026-06-27 17:00:00.000', true),
  (20, 5, 'National Science Bowl Indonesia 2026', 'BRIN (Badan Riset dan Inovasi Nasional)', '2026-06-22 17:00:00.000', '["Sains","Multidisiplin"]', 'from-blue-500 to-indigo-600', '🧪', true, 'Rp 25 Juta', 'Kompetisi trivia & pemecahan kasus sains multidisiplin nasional.', 'draft', NULL, 1, 5, 'non-hosted', '2026-06-29 17:00:00.000', true),
  (21, 1, 'Indonesia Artificial Intelligence Innovation Challenge 2026', 'Google Developer Student Clubs', '2026-06-24 17:00:00.000', '["AI","Python","Machine Learning","API Development"]', 'from-blue-600 to-indigo-600', '🧠', true, 'Rp 25.000.000 + Cloud Credits', 'Kompetisi perancangan aplikasi cerdas berbasis AI tingkat nasional. Seluruh siklus lomba, pengumpulan berkas, form pendaftaran kustom, penilaian dewan juri, hingga pengumuman pemenang diselenggarakan di platform SideQuest.', 'published', 27, 1, 5, 'hosted', '2026-07-01 17:00:00.000', true),
  (22, 2, 'National Startup Business Plan Olympiad 2026', 'HIPMI IPB', '2026-06-26 17:00:00.000', '["Pitch Deck","Business Dev","Financial Modeling","Pitching"]', 'from-orange-500 to-red-500', '💼', true, 'Rp 30.000.000 + Seed Funding', 'Rancang proposal ide bisnis startup yang inovatif dan terukur untuk menjawab tantangan berkelanjutan di Indonesia. Menggunakan form kustom pendaftaran SideQuest dan penjurian token terotentikasi.', 'published', 26, 1, 5, 'hosted', '2026-07-03 17:00:00.000', true),
  (23, 3, 'Sustainable Cities & Green Energy Hackathon 2026', 'UNDP Indonesia', '2026-06-28 17:00:00.000', '["Social Impact","Green Tech","React","UX Design"]', 'from-green-500 to-teal-500', '🌱', true, 'Rp 20.000.000 + Global Mentor Support', 'Program hackathon 48 jam untuk menciptakan solusi teknologi kota ramah lingkungan dan terbarukan guna melestarikan lingkungan perkotaan masa depan.', 'published', 27, 1, 5, 'hosted', '2026-07-05 17:00:00.000', true),
  (24, 4, 'Red Dot UI/UX Design Masterclass & Contest 2026', 'Red Dot GmbH & Co. KG', '2026-06-30 17:00:00.000', '["Figma","UI/UX","User Research","Prototyping"]', 'from-pink-500 to-rose-500', '🎨', true, 'Rp 15.000.000 + Figma Pro License', 'Tantangan perancangan antarmuka aplikasi terpadu berestetika premium, ramah aksesibilitas, dengan pengalaman transisi micro-interaction terbaik.', 'published', 27, 1, 5, 'hosted', '2026-07-07 17:00:00.000', true),
  (25, 5, 'Ksatria Data Nasional — Big Data Analytics Cup 2026', 'Kemendikbud Ristek RI', '2026-07-02 17:00:00.000', '["Statistics","Python","Data Science","SQL"]', 'from-cyan-500 to-blue-500', '🔬', true, 'Rp 20.000.000 + Internship BRIN', 'Kompetisi analisis Big Data nasional untuk menggali wawasan berharga dari data publik guna mendukung kebijakan pembangunan nasional yang presisi.', 'published', 27, 1, 5, 'hosted', '2026-07-09 17:00:00.000', true),
  (39, 1, 'Indonesia IoT Smart Energy Hackathon 2026', 'Kemendikbud Ristek', '2026-07-04 17:00:00.000', '["Teknologi","Nasional"]', 'from-green-600 to-teal-500', '🔋', true, 'Rp 15 Juta + Sertifikat', 'Dukungan kompetisi rancang ide Indonesia IoT Smart Energy Hackathon 2026 tingkat nasional untuk melahirkan inovasi muda terbaik.', 'published', 25, 1, 5, 'hosted', '2026-07-11 17:00:00.000', true),
  (40, 1, 'National Bio-Tech Innovation Summit 2026', 'HIPMI IPB', '2026-07-06 17:00:00.000', '["Teknologi","Nasional"]', 'from-emerald-500 to-lime-600', '🧬', true, 'Rp 15 Juta + Sertifikat', 'Dukungan kompetisi rancang ide National Bio-Tech Innovation Summit 2026 tingkat nasional untuk melahirkan inovasi muda terbaik.', 'published', 26, 1, 5, 'hosted', '2026-07-13 17:00:00.000', true),
  (41, 1, 'Sustainable Agri-Tech Challenge 2026', 'Google DSC IPB', '2026-07-08 17:00:00.000', '["Teknologi","Nasional"]', 'from-orange-500 to-yellow-500', '🌾', true, 'Rp 15 Juta + Sertifikat', 'Dukungan kompetisi rancang ide Sustainable Agri-Tech Challenge 2026 tingkat nasional untuk melahirkan inovasi muda terbaik.', 'published', 27, 1, 5, 'hosted', '2026-07-15 17:00:00.000', true),
  (42, 1, 'ASEAN Fintech Innovation Bowl 2026', 'Panitia Gemastik IPB', '2026-07-16 17:00:00.000', '["Teknologi","Nasional"]', 'from-blue-600 to-indigo-500', '💳', true, 'Rp 15 Juta + Sertifikat', 'Dukungan kompetisi rancang ide ASEAN Fintech Innovation Bowl 2026 tingkat nasional untuk melahirkan inovasi muda terbaik.', 'published', 31, 1, 5, 'hosted', '2026-07-23 17:00:00.000', true),
  (43, 1, 'National Mobile App Developer Contest 2026', 'Panitia Gemastik IPB', '2026-07-19 17:00:00.000', '["Teknologi","Nasional"]', 'from-purple-500 to-pink-500', '📱', true, 'Rp 15 Juta + Sertifikat', 'Dukungan kompetisi rancang ide National Mobile App Developer Contest 2026 tingkat nasional untuk melahirkan inovasi muda terbaik.', 'published', 32, 1, 5, 'hosted', '2026-07-26 17:00:00.000', true),
  (44, 1, 'Figma Creative UI Masterclass Contest 2026', 'Kepanitiaan UI Hackathon', '2026-07-22 17:00:00.000', '["Teknologi","Nasional"]', 'from-pink-500 to-rose-500', '🎨', true, 'Rp 15 Juta + Sertifikat', 'Dukungan kompetisi rancang ide Figma Creative UI Masterclass Contest 2026 tingkat nasional untuk melahirkan inovasi muda terbaik.', 'published', 36, 1, 5, 'hosted', '2026-07-29 17:00:00.000', true),
  (45, 1, 'National AI Health Solutions Challenge 2026', 'Panitia Gemastik IPB', '2026-07-25 17:00:00.000', '["Teknologi","Nasional"]', 'from-cyan-500 to-blue-500', '🏥', true, 'Rp 15 Juta + Sertifikat', 'Dukungan kompetisi rancang ide National AI Health Solutions Challenge 2026 tingkat nasional untuk melahirkan inovasi muda terbaik.', 'published', 37, 1, 5, 'hosted', '2026-08-01 17:00:00.000', true),
  (46, 1, 'Green Energy Startup Olympiad 2026', 'Akhirudin Fahmi', '2026-07-28 17:00:00.000', '["Teknologi","Nasional"]', 'from-teal-600 to-green-500', '🌿', true, 'Rp 15 Juta + Sertifikat', 'Dukungan kompetisi rancang ide Green Energy Startup Olympiad 2026 tingkat nasional untuk melahirkan inovasi muda terbaik.', 'published', 38, 1, 5, 'hosted', '2026-08-04 17:00:00.000', true),
  (47, 1, 'Kemendikbud Cyber Security Olympiad 2026', 'Panitia Gemastik IPB', '2026-07-31 17:00:00.000', '["Teknologi","Nasional"]', 'from-red-500 to-orange-500', '🛡️', true, 'Rp 15 Juta + Sertifikat', 'Dukungan kompetisi rancang ide Kemendikbud Cyber Security Olympiad 2026 tingkat nasional untuk melahirkan inovasi muda terbaik.', 'published', 39, 1, 5, 'hosted', '2026-08-07 17:00:00.000', true),
  (48, 1, 'National Open Data Analytics Cup 2026', 'Panitia Gemastik IPB', '2026-08-03 17:00:00.000', '["Teknologi","Nasional"]', 'from-violet-500 to-purple-600', '📊', true, 'Rp 15 Juta + Sertifikat', 'Dukungan kompetisi rancang ide National Open Data Analytics Cup 2026 tingkat nasional untuk melahirkan inovasi muda terbaik.', 'published', 40, 1, 5, 'hosted', '2026-08-10 17:00:00.000', true),
  (49, 1, 'Smart Logistics Hackathon 2026', 'Panitia Gemastik IPB', '2026-08-06 17:00:00.000', '["Teknologi","Nasional"]', 'from-indigo-600 to-purple-500', '📦', true, 'Rp 15 Juta + Sertifikat', 'Dukungan kompetisi rancang ide Smart Logistics Hackathon 2026 tingkat nasional untuk melahirkan inovasi muda terbaik.', 'published', 41, 1, 5, 'hosted', '2026-08-13 17:00:00.000', true),
  (50, 1, 'Social Entrepreneurship Ideas Challenge 2026', 'Panitia Gemastik IPB', '2026-08-09 17:00:00.000', '["Teknologi","Nasional"]', 'from-green-500 to-emerald-600', '🤝', true, 'Rp 15 Juta + Sertifikat', 'Dukungan kompetisi rancang ide Social Entrepreneurship Ideas Challenge 2026 tingkat nasional untuk melahirkan inovasi muda terbaik.', 'published', 42, 1, 5, 'hosted', '2026-08-16 17:00:00.000', true),
  (51, 1, 'National Product Manager Bootcamp Contest 2026', 'Panitia Gemastik IPB', '2026-08-12 17:00:00.000', '["Teknologi","Nasional"]', 'from-yellow-500 to-orange-600', '📈', true, 'Rp 15 Juta + Sertifikat', 'Dukungan kompetisi rancang ide National Product Manager Bootcamp Contest 2026 tingkat nasional untuk melahirkan inovasi muda terbaik.', 'published', 43, 1, 5, 'hosted', '2026-08-19 17:00:00.000', true);

ALTER SEQUENCE "competitions_id_seq" RESTART WITH 52;

-- Table: teams (64 rows)
INSERT INTO "teams" ("id", "name", "competition_id", "created_by", "created_at", "description", "skills_needed", "recruitment_deadline", "contact", "max_members", "urgency", "avatar_color", "emoji", "is_active", "require_connection_to_apply") VALUES
  (1, 'team Metaverse', 1, 1, '2026-06-01 22:25:02.409', 'Membangun platform metaverse inovatif berskala nasional. Fokus pada interaksi sosial 3D.', '["Next.js","Solidity"]', '2026-06-27 17:00:00.000', 'wa.me/628111', 4, 'normal', 'bg-primary', '🏆', true, false),
  (2, 'Tim Nebula', 1, 8, '2026-06-01 22:25:02.409', 'Tim solid dari UI, sudah punya konsep produk matang. Butuh frontend dev ahli & desainer berpengalaman.', '["Frontend Dev","UI/UX"]', '2026-06-23 17:00:00.000', 'wa.me/628111', 5, 'hot', 'bg-primary', '💻', true, false),
  (3, 'Tim Bisnis Muda', 7, 6, '2026-06-01 22:25:02.409', 'Tim dari FEB UGM. Rencana bisnis bertema sirkular ekonomi. Butuh analis keuangan & presentasi.', '["Financial Analyst","Presenter"]', '2026-06-18 17:00:00.000', 'discord.gg/bizmuda', 4, 'normal', 'bg-orange-500', '💼', true, false),
  (4, 'Tim Hult Hijau', 11, 5, '2026-06-01 22:25:02.409', 'Tim fokus SDGs poin 13 (iklim). Butuh periset sosial dan orang yang jago presentasi/pitching.', '["Social Researcher","Presenter"]', '2026-06-10 17:00:00.000', 'line: hultgreen', 5, 'hot', 'bg-green-500', '🌱', true, false),
  (5, 'Tim Pixel Perfect', 14, 4, '2026-06-01 22:25:02.409', 'UX designer berpengalaman dari Telkom mencari partner UI designer & illustrator digital.', '["UI Designer","Illustrator"]', '2026-06-18 17:00:00.000', 'wa.me/628222', 3, 'normal', 'bg-pink-500', '🎨', true, false),
  (6, 'Tim Quanta', 18, 7, '2026-06-01 22:25:02.409', 'Tim riset fisika dari ITB. Butuh anggota dengan basis teori kuat mekanika & numerik.', '["Fisika","Matematika"]', '2026-07-13 17:00:00.000', 'wa.me/628333', 4, 'normal', 'bg-blue-500', '⚛️', true, false),
  (7, 'Tim DataStorm', 19, 5, '2026-06-01 22:25:02.409', 'Tim ML dari ITS, sudah punya dataset & baseline model. Butuh data engineer & data visualizer.', '["Machine Learning","Python","Data Viz"]', '2026-07-08 17:00:00.000', 'discord.gg/datastorm', 4, 'hot', 'bg-violet-500', '📊', true, false),
  (8, 'Tim Sociopreneur', 12, 9, '2026-06-01 22:25:02.409', 'Tim mahasiswa beda kampus yg peduli isu sosial. Mencari business developer antusias.', '["Community Org","Business Dev","Social Media"]', '2026-07-18 17:00:00.000', 'ig: @sociopreneur.id', 5, 'normal', 'bg-teal-500', '🌍', true, false),
  (9, 'Tim Hackstar', 2, 8, '2026-06-01 22:25:02.409', 'Tim hackathon pemenang 2x kompetisi. Butuh backend engineer yang andal di AWS cloud.', '["Backend Dev","IoT","Cloud AWS"]', '2026-07-03 17:00:00.000', 'wa.me/628444', 4, 'hot', 'bg-cyan-600', '🌆', true, false),
  (10, 'Code Knights', 21, 109, '2026-06-01 22:45:01.310', 'Tim kolaboratif berdedikasi tinggi yang dibentuk untuk bersaing dan memberikan solusi terbaik di ajang Indonesia Artificial Intelligence Innovation Challenge 2026.', '["React","Figma","UI/UX","Node.js","Business Dev"]', '2026-06-10 17:00:00.000', 'wa.me/6281228056881', 5, 'high', 'bg-blue-500', '🚀', true, false),
  (11, 'Figma Wizards', 22, 102, '2026-06-01 22:45:01.310', 'Tim kolaboratif berdedikasi tinggi yang dibentuk untuk bersaing dan memberikan solusi terbaik di ajang National Startup Business Plan Olympiad 2026.', '["React","Figma","UI/UX","Node.js","Business Dev"]', '2026-06-10 17:00:00.000', 'wa.me/6281259420070', 5, 'high', 'bg-purple-500', '⚡', true, false),
  (12, 'Data Spartans', 23, 8, '2026-06-01 22:45:01.310', 'Tim kolaboratif berdedikasi tinggi yang dibentuk untuk bersaing dan memberikan solusi terbaik di ajang Sustainable Cities & Green Energy Hackathon 2026.', '["React","Figma","UI/UX","Node.js","Business Dev"]', '2026-06-10 17:00:00.000', 'wa.me/6281278866987', 5, 'high', 'bg-green-500', '🤖', true, false),
  (13, 'Sustainable Squad', 24, 19, '2026-06-01 22:45:01.310', 'Tim kolaboratif berdedikasi tinggi yang dibentuk untuk bersaing dan memberikan solusi terbaik di ajang Red Dot UI/UX Design Masterclass & Contest 2026.', '["React","Figma","UI/UX","Node.js","Business Dev"]', '2026-06-10 17:00:00.000', 'wa.me/6281299804363', 5, 'high', 'bg-orange-500', '💻', true, false),
  (14, 'Social Titans', 25, 97, '2026-06-01 22:45:01.310', 'Tim kolaboratif berdedikasi tinggi yang dibentuk untuk bersaing dan memberikan solusi terbaik di ajang Ksatria Data Nasional — Big Data Analytics Cup 2026.', '["React","Figma","UI/UX","Node.js","Business Dev"]', '2026-06-10 17:00:00.000', 'wa.me/6281215207017', 5, 'high', 'bg-cyan-500', '💡', true, false),
  (15, 'Cyber Sentinels', 21, 109, '2026-06-01 22:45:01.310', 'Tim kolaboratif berdedikasi tinggi yang dibentuk untuk bersaing dan memberikan solusi terbaik di ajang Indonesia Artificial Intelligence Innovation Challenge 2026.', '["React","Figma","UI/UX","Node.js","Business Dev"]', '2026-06-10 17:00:00.000', 'wa.me/6281237994336', 5, 'high', 'bg-pink-500', '🌱', true, false),
  (16, 'Algorithm Alchemists', 22, 83, '2026-06-01 22:45:01.310', 'Tim kolaboratif berdedikasi tinggi yang dibentuk untuk bersaing dan memberikan solusi terbaik di ajang National Startup Business Plan Olympiad 2026.', '["React","Figma","UI/UX","Node.js","Business Dev"]', '2026-06-10 17:00:00.000', 'wa.me/6281278671246', 5, 'high', 'bg-indigo-500', '📈', true, false),
  (17, 'Creative Sparks', 23, 64, '2026-06-01 22:45:01.310', 'Tim kolaboratif berdedikasi tinggi yang dibentuk untuk bersaing dan memberikan solusi terbaik di ajang Sustainable Cities & Green Energy Hackathon 2026.', '["React","Figma","UI/UX","Node.js","Business Dev"]', '2026-06-10 17:00:00.000', 'wa.me/6281293468766', 5, 'high', 'bg-teal-500', '🔥', true, false),
  (18, 'Bio-Hacker Hub', 24, 59, '2026-06-01 22:45:01.310', 'Tim kolaboratif berdedikasi tinggi yang dibentuk untuk bersaing dan memberikan solusi terbaik di ajang Red Dot UI/UX Design Masterclass & Contest 2026.', '["React","Figma","UI/UX","Node.js","Business Dev"]', '2026-06-10 17:00:00.000', 'wa.me/6281252301141', 5, 'high', 'bg-rose-500', '🏆', true, false),
  (19, 'Physics Frontier', 25, 11, '2026-06-01 22:45:01.310', 'Tim kolaboratif berdedikasi tinggi yang dibentuk untuk bersaing dan memberikan solusi terbaik di ajang Ksatria Data Nasional — Big Data Analytics Cup 2026.', '["React","Figma","UI/UX","Node.js","Business Dev"]', '2026-06-10 17:00:00.000', 'wa.me/6281246810651', 5, 'high', 'bg-emerald-500', '🎯', true, false),
  (20, 'Vanguard Ventures', 21, 98, '2026-06-01 22:45:01.310', 'Tim kolaboratif berdedikasi tinggi yang dibentuk untuk bersaing dan memberikan solusi terbaik di ajang Indonesia Artificial Intelligence Innovation Challenge 2026.', '["React","Figma","UI/UX","Node.js","Business Dev"]', '2026-06-10 17:00:00.000', 'wa.me/6281229522391', 5, 'high', 'bg-violet-500', '✨', true, false),
  (21, 'NextGen Innovators', 22, 125, '2026-06-01 22:45:01.310', 'Tim kolaboratif berdedikasi tinggi yang dibentuk untuk bersaing dan memberikan solusi terbaik di ajang National Startup Business Plan Olympiad 2026.', '["React","Figma","UI/UX","Node.js","Business Dev"]', '2026-06-10 17:00:00.000', 'wa.me/6281253742906', 5, 'high', 'bg-amber-500', '🪐', true, false),
  (22, 'Hyperion Devs', 23, 16, '2026-06-01 22:45:01.310', 'Tim kolaboratif berdedikasi tinggi yang dibentuk untuk bersaing dan memberikan solusi terbaik di ajang Sustainable Cities & Green Energy Hackathon 2026.', '["React","Figma","UI/UX","Node.js","Business Dev"]', '2026-06-10 17:00:00.000', 'wa.me/6281266902997', 5, 'high', 'bg-blue-500', '🚀', true, false),
  (23, 'Eclipse Analytics', 24, 106, '2026-06-01 22:45:01.310', 'Tim kolaboratif berdedikasi tinggi yang dibentuk untuk bersaing dan memberikan solusi terbaik di ajang Red Dot UI/UX Design Masterclass & Contest 2026.', '["React","Figma","UI/UX","Node.js","Business Dev"]', '2026-06-10 17:00:00.000', 'wa.me/6281245207889', 5, 'high', 'bg-purple-500', '⚡', true, false),
  (24, 'Zenith Designers', 25, 22, '2026-06-01 22:45:01.310', 'Tim kolaboratif berdedikasi tinggi yang dibentuk untuk bersaing dan memberikan solusi terbaik di ajang Ksatria Data Nasional — Big Data Analytics Cup 2026.', '["React","Figma","UI/UX","Node.js","Business Dev"]', '2026-06-10 17:00:00.000', 'wa.me/6281251699928', 5, 'high', 'bg-green-500', '🤖', true, false),
  (25, 'Summit Strategists', 21, 21, '2026-06-01 22:45:01.310', 'Tim kolaboratif berdedikasi tinggi yang dibentuk untuk bersaing dan memberikan solusi terbaik di ajang Indonesia Artificial Intelligence Innovation Challenge 2026.', '["React","Figma","UI/UX","Node.js","Business Dev"]', '2026-06-10 17:00:00.000', 'wa.me/6281235463502', 5, 'high', 'bg-orange-500', '💻', true, false),
  (26, 'Aurora Solvers', 22, 5, '2026-06-01 22:45:01.310', 'Tim kolaboratif berdedikasi tinggi yang dibentuk untuk bersaing dan memberikan solusi terbaik di ajang National Startup Business Plan Olympiad 2026.', '["React","Figma","UI/UX","Node.js","Business Dev"]', '2026-06-10 17:00:00.000', 'wa.me/6281227269412', 5, 'high', 'bg-cyan-500', '💡', true, false),
  (27, 'Nebula Makers', 23, 96, '2026-06-01 22:45:01.310', 'Tim kolaboratif berdedikasi tinggi yang dibentuk untuk bersaing dan memberikan solusi terbaik di ajang Sustainable Cities & Green Energy Hackathon 2026.', '["React","Figma","UI/UX","Node.js","Business Dev"]', '2026-06-10 17:00:00.000', 'wa.me/6281251013428', 5, 'high', 'bg-pink-500', '🌱', true, false),
  (28, 'Infinity Hackers', 24, 69, '2026-06-01 22:45:01.310', 'Tim kolaboratif berdedikasi tinggi yang dibentuk untuk bersaing dan memberikan solusi terbaik di ajang Red Dot UI/UX Design Masterclass & Contest 2026.', '["React","Figma","UI/UX","Node.js","Business Dev"]', '2026-06-10 17:00:00.000', 'wa.me/6281263629105', 5, 'high', 'bg-indigo-500', '📈', true, false),
  (29, 'Nexus AI Core', 25, 14, '2026-06-01 22:45:01.310', 'Tim kolaboratif berdedikasi tinggi yang dibentuk untuk bersaing dan memberikan solusi terbaik di ajang Ksatria Data Nasional — Big Data Analytics Cup 2026.', '["React","Figma","UI/UX","Node.js","Business Dev"]', '2026-06-10 17:00:00.000', 'wa.me/6281289340664', 5, 'high', 'bg-teal-500', '🔥', true, false),
  (30, 'Nusantara Tech (Reg 1)', 1, 252, '2026-06-02 06:52:47.862', 'Tim kolaboratif berdedikasi tinggi yang dibentuk untuk bersaing dan memberikan solusi terbaik di ajang Gemastik XVII — Pengembangan Perangkat Lunak.', '["React","Figma","UI/UX","Node.js","Business Dev"]', '2026-06-06 17:00:00.000', 'wa.me/6281282879835', 5, 'high', 'bg-blue-500', '🔋', true, false),
  (31, 'Alpha Devs (Reg 1)', 2, 113, '2026-06-02 06:52:47.862', 'Tim kolaboratif berdedikasi tinggi yang dibentuk untuk bersaing dan memberikan solusi terbaik di ajang Hackathon Nasional 2026 — Smart City.', '["React","Figma","UI/UX","Node.js","Business Dev"]', '2026-06-06 17:00:00.000', 'wa.me/6281273382187', 5, 'high', 'bg-purple-500', '🧬', true, false),
  (32, 'Garuda Hackers (Reg 1)', 3, 263, '2026-06-02 06:52:47.862', 'Tim kolaboratif berdedikasi tinggi yang dibentuk untuk bersaing dan memberikan solusi terbaik di ajang Google Solution Challenge 2026.', '["React","Figma","UI/UX","Node.js","Business Dev"]', '2026-06-06 17:00:00.000', 'wa.me/6281274334732', 5, 'high', 'bg-green-500', '🌾', true, false),
  (33, 'Merdeka ML Team (Reg 1)', 4, 313, '2026-06-02 06:52:47.862', 'Tim kolaboratif berdedikasi tinggi yang dibentuk untuk bersaing dan memberikan solusi terbaik di ajang ICPC Asia Regional 2026.', '["React","Figma","UI/UX","Node.js","Business Dev"]', '2026-06-06 17:00:00.000', 'wa.me/6281231334593', 5, 'high', 'bg-orange-500', '💳', true, false),
  (34, 'Pionir UI/UX (Reg 1)', 5, 114, '2026-06-02 06:52:47.862', 'Tim kolaboratif berdedikasi tinggi yang dibentuk untuk bersaing dan memberikan solusi terbaik di ajang Microsoft Imagine Cup 2026.', '["React","Figma","UI/UX","Node.js","Business Dev"]', '2026-06-06 17:00:00.000', 'wa.me/6281249942532', 5, 'high', 'bg-cyan-500', '📱', true, false),
  (35, 'Digital Knights (Reg 1)', 6, 102, '2026-06-02 06:52:47.862', 'Tim kolaboratif berdedikasi tinggi yang dibentuk untuk bersaing dan memberikan solusi terbaik di ajang AWS Build On ASEAN 2026.', '["React","Figma","UI/UX","Node.js","Business Dev"]', '2026-06-06 17:00:00.000', 'wa.me/6281288467786', 5, 'high', 'bg-pink-500', '🎨', true, false),
  (36, 'E-Agri Champions (Reg 1)', 7, 90, '2026-06-02 06:52:47.862', 'Tim kolaboratif berdedikasi tinggi yang dibentuk untuk bersaing dan memberikan solusi terbaik di ajang ASEAN Business Plan Competition 2026.', '["React","Figma","UI/UX","Node.js","Business Dev"]', '2026-06-06 17:00:00.000', 'wa.me/6281219075343', 5, 'high', 'bg-indigo-500', '🏥', true, false),
  (37, 'Srikandi Tech (Reg 1)', 8, 23, '2026-06-02 06:52:47.862', 'Tim kolaboratif berdedikasi tinggi yang dibentuk untuk bersaing dan memberikan solusi terbaik di ajang Startup Weekend Jakarta 2026.', '["React","Figma","UI/UX","Node.js","Business Dev"]', '2026-06-06 17:00:00.000', 'wa.me/6281221339713', 5, 'high', 'bg-teal-500', '🌿', true, false),
  (38, 'Jaka Tarub AI (Reg 1)', 9, 246, '2026-06-02 06:52:47.862', 'Tim kolaboratif berdedikasi tinggi yang dibentuk untuk bersaing dan memberikan solusi terbaik di ajang Young Entrepreneur Challenge 2026.', '["React","Figma","UI/UX","Node.js","Business Dev"]', '2026-06-06 17:00:00.000', 'wa.me/6281230278499', 5, 'high', 'bg-rose-500', '🛡️', true, false),
  (39, 'Sriwijaya Spartans (Reg 1)', 10, 101, '2026-06-02 06:52:47.862', 'Tim kolaboratif berdedikasi tinggi yang dibentuk untuk bersaing dan memberikan solusi terbaik di ajang Idea-thon Kewirausahaan Nasional.', '["React","Figma","UI/UX","Node.js","Business Dev"]', '2026-06-06 17:00:00.000', 'wa.me/6281292047547', 5, 'high', 'bg-emerald-500', '📊', true, false),
  (40, 'Majapahit Builders (Reg 1)', 11, 328, '2026-06-02 06:52:47.862', 'Tim kolaboratif berdedikasi tinggi yang dibentuk untuk bersaing dan memberikan solusi terbaik di ajang Hult Prize 2026 — Campus Round.', '["React","Figma","UI/UX","Node.js","Business Dev"]', '2026-06-06 17:00:00.000', 'wa.me/6281239139269', 5, 'high', 'bg-violet-500', '📦', true, false),
  (41, 'Batik Pixel Studio (Reg 1)', 12, 10, '2026-06-02 06:52:47.862', 'Tim kolaboratif berdedikasi tinggi yang dibentuk untuk bersaing dan memberikan solusi terbaik di ajang Youth Innovation Challenge 2026.', '["React","Figma","UI/UX","Node.js","Business Dev"]', '2026-06-06 17:00:00.000', 'wa.me/6281213804317', 5, 'high', 'bg-amber-500', '🤝', true, false),
  (42, 'Barong Software (Reg 1)', 13, 82, '2026-06-02 06:52:47.862', 'Tim kolaboratif berdedikasi tinggi yang dibentuk untuk bersaing dan memberikan solusi terbaik di ajang Sociopreneur Competition IYREF 2026.', '["React","Figma","UI/UX","Node.js","Business Dev"]', '2026-06-06 17:00:00.000', 'wa.me/6281219363153', 5, 'high', 'bg-blue-500', '📈', true, false),
  (43, 'Kutilang Core (Reg 1)', 14, 325, '2026-06-02 06:52:47.862', 'Tim kolaboratif berdedikasi tinggi yang dibentuk untuk bersaing dan memberikan solusi terbaik di ajang National UI/UX Design Challenge.', '["React","Figma","UI/UX","Node.js","Business Dev"]', '2026-06-06 17:00:00.000', 'wa.me/6281295778041', 5, 'high', 'bg-purple-500', '🛒', true, false),
  (44, 'Tengger Data Hub (Reg 1)', 15, 251, '2026-06-02 06:52:47.862', 'Tim kolaboratif berdedikasi tinggi yang dibentuk untuk bersaing dan memberikan solusi terbaik di ajang Redot Design Award 2026.', '["React","Figma","UI/UX","Node.js","Business Dev"]', '2026-06-06 17:00:00.000', 'wa.me/6281228274958', 5, 'high', 'bg-green-500', '🔬', true, false),
  (45, 'Badak Backend (Reg 1)', 16, 127, '2026-06-02 06:52:47.862', 'Tim kolaboratif berdedikasi tinggi yang dibentuk untuk bersaing dan memberikan solusi terbaik di ajang Compfest UI Design Competition.', '["React","Figma","UI/UX","Node.js","Business Dev"]', '2026-06-06 17:00:00.000', 'wa.me/6281263288270', 5, 'high', 'bg-orange-500', '🔋', true, false),
  (46, 'Komodo Devs (Reg 1)', 17, 288, '2026-06-02 06:52:47.862', 'Tim kolaboratif berdedikasi tinggi yang dibentuk untuk bersaing dan memberikan solusi terbaik di ajang Lomba Karya Tulis Ilmiah Nasional.', '["React","Figma","UI/UX","Node.js","Business Dev"]', '2026-06-06 17:00:00.000', 'wa.me/6281251935793', 5, 'high', 'bg-cyan-500', '🧬', true, false),
  (47, 'Rinjani Hackers (Reg 1)', 18, 18, '2026-06-02 06:52:47.862', 'Tim kolaboratif berdedikasi tinggi yang dibentuk untuk bersaing dan memberikan solusi terbaik di ajang Physics Olympiad Tingkat Mahasiswa 2026.', '["React","Figma","UI/UX","Node.js","Business Dev"]', '2026-06-06 17:00:00.000', 'wa.me/6281210105653', 5, 'high', 'bg-pink-500', '🌾', true, false),
  (48, 'Kelud Data Science (Reg 1)', 19, 301, '2026-06-02 06:52:47.862', 'Tim kolaboratif berdedikasi tinggi yang dibentuk untuk bersaing dan memberikan solusi terbaik di ajang Pagelaran Mahasiswa Nasional (GEMASTIK) Sains Data.', '["React","Figma","UI/UX","Node.js","Business Dev"]', '2026-06-06 17:00:00.000', 'wa.me/6281269626302', 5, 'high', 'bg-indigo-500', '💳', true, false),
  (49, 'Bromo Tech (Reg 1)', 20, 246, '2026-06-02 06:52:47.862', 'Tim kolaboratif berdedikasi tinggi yang dibentuk untuk bersaing dan memberikan solusi terbaik di ajang National Science Bowl Indonesia 2026.', '["React","Figma","UI/UX","Node.js","Business Dev"]', '2026-06-06 17:00:00.000', 'wa.me/6281231222889', 5, 'high', 'bg-teal-500', '📱', true, false),
  (50, 'Merapi Solutions (Reg 1)', 21, 103, '2026-06-02 06:52:47.862', 'Tim kolaboratif berdedikasi tinggi yang dibentuk untuk bersaing dan memberikan solusi terbaik di ajang Indonesia Artificial Intelligence Innovation Challenge 2026.', '["React","Figma","UI/UX","Node.js","Business Dev"]', '2026-06-06 17:00:00.000', 'wa.me/6281252055125', 5, 'high', 'bg-rose-500', '🎨', true, false),
  (51, 'Semeru Innovators (Reg 1)', 22, 62, '2026-06-02 06:52:47.862', 'Tim kolaboratif berdedikasi tinggi yang dibentuk untuk bersaing dan memberikan solusi terbaik di ajang National Startup Business Plan Olympiad 2026.', '["React","Figma","UI/UX","Node.js","Business Dev"]', '2026-06-06 17:00:00.000', 'wa.me/6281212697275', 5, 'high', 'bg-emerald-500', '🏥', true, false),
  (52, 'Singasari Lab (Reg 1)', 23, 4, '2026-06-02 06:52:47.862', 'Tim kolaboratif berdedikasi tinggi yang dibentuk untuk bersaing dan memberikan solusi terbaik di ajang Sustainable Cities & Green Energy Hackathon 2026.', '["React","Figma","UI/UX","Node.js","Business Dev"]', '2026-06-06 17:00:00.000', 'wa.me/6281269593312', 5, 'high', 'bg-violet-500', '🌿', true, false),
  (53, 'Padjadjaran Dev (Reg 1)', 24, 297, '2026-06-02 06:52:47.862', 'Tim kolaboratif berdedikasi tinggi yang dibentuk untuk bersaing dan memberikan solusi terbaik di ajang Red Dot UI/UX Design Masterclass & Contest 2026.', '["React","Figma","UI/UX","Node.js","Business Dev"]', '2026-06-06 17:00:00.000', 'wa.me/6281298926378', 5, 'high', 'bg-amber-500', '🛡️', true, false),
  (54, 'Gajah Mada Hackers (Reg 1)', 25, 270, '2026-06-02 06:52:47.862', 'Tim kolaboratif berdedikasi tinggi yang dibentuk untuk bersaing dan memberikan solusi terbaik di ajang Ksatria Data Nasional — Big Data Analytics Cup 2026.', '["React","Figma","UI/UX","Node.js","Business Dev"]', '2026-06-06 17:00:00.000', 'wa.me/6281293200093', 5, 'high', 'bg-blue-500', '📊', true, false),
  (55, 'Krakatau Systems (Reg 1)', 39, 111, '2026-06-02 06:52:47.862', 'Tim kolaboratif berdedikasi tinggi yang dibentuk untuk bersaing dan memberikan solusi terbaik di ajang Indonesia IoT Smart Energy Hackathon 2026.', '["React","Figma","UI/UX","Node.js","Business Dev"]', '2026-06-06 17:00:00.000', 'wa.me/6281273178802', 5, 'high', 'bg-purple-500', '📦', true, false),
  (56, 'Sunda Tech (Reg 1)', 40, 306, '2026-06-02 06:52:47.862', 'Tim kolaboratif berdedikasi tinggi yang dibentuk untuk bersaing dan memberikan solusi terbaik di ajang National Bio-Tech Innovation Summit 2026.', '["React","Figma","UI/UX","Node.js","Business Dev"]', '2026-06-06 17:00:00.000', 'wa.me/6281275852903', 5, 'high', 'bg-green-500', '🤝', true, false),
  (57, 'Toba Analytics (Reg 1)', 41, 19, '2026-06-02 06:52:47.862', 'Tim kolaboratif berdedikasi tinggi yang dibentuk untuk bersaing dan memberikan solusi terbaik di ajang Sustainable Agri-Tech Challenge 2026.', '["React","Figma","UI/UX","Node.js","Business Dev"]', '2026-06-06 17:00:00.000', 'wa.me/6281217152879', 5, 'high', 'bg-orange-500', '📈', true, false),
  (58, 'Borobudur Architects (Reg 1)', 42, 69, '2026-06-02 06:52:47.862', 'Tim kolaboratif berdedikasi tinggi yang dibentuk untuk bersaing dan memberikan solusi terbaik di ajang ASEAN Fintech Innovation Bowl 2026.', '["React","Figma","UI/UX","Node.js","Business Dev"]', '2026-06-06 17:00:00.000', 'wa.me/6281271675872', 5, 'high', 'bg-cyan-500', '🛒', true, false),
  (59, 'Prambanan Coders (Reg 1)', 43, 249, '2026-06-02 06:52:47.862', 'Tim kolaboratif berdedikasi tinggi yang dibentuk untuk bersaing dan memberikan solusi terbaik di ajang National Mobile App Developer Contest 2026.', '["React","Figma","UI/UX","Node.js","Business Dev"]', '2026-06-06 17:00:00.000', 'wa.me/6281267374400', 5, 'high', 'bg-pink-500', '🔬', true, false),
  (60, 'Equator Tech (Reg 1)', 44, 324, '2026-06-02 06:52:47.862', 'Tim kolaboratif berdedikasi tinggi yang dibentuk untuk bersaing dan memberikan solusi terbaik di ajang Figma Creative UI Masterclass Contest 2026.', '["React","Figma","UI/UX","Node.js","Business Dev"]', '2026-06-06 17:00:00.000', 'wa.me/6281291740342', 5, 'high', 'bg-indigo-500', '🔋', true, false),
  (61, 'Cendrawasih Mobile (Reg 1)', 45, 98, '2026-06-02 06:52:47.862', 'Tim kolaboratif berdedikasi tinggi yang dibentuk untuk bersaing dan memberikan solusi terbaik di ajang National AI Health Solutions Challenge 2026.', '["React","Figma","UI/UX","Node.js","Business Dev"]', '2026-06-06 17:00:00.000', 'wa.me/6281214331975', 5, 'high', 'bg-teal-500', '🧬', true, false),
  (62, 'Pesut Devs (Reg 1)', 46, 117, '2026-06-02 06:52:47.862', 'Tim kolaboratif berdedikasi tinggi yang dibentuk untuk bersaing dan memberikan solusi terbaik di ajang Green Energy Startup Olympiad 2026.', '["React","Figma","UI/UX","Node.js","Business Dev"]', '2026-06-06 17:00:00.000', 'wa.me/6281271725147', 5, 'high', 'bg-rose-500', '🌾', true, false),
  (63, 'Mahakam Code (Reg 1)', 47, 61, '2026-06-02 06:52:47.862', 'Tim kolaboratif berdedikasi tinggi yang dibentuk untuk bersaing dan memberikan solusi terbaik di ajang Kemendikbud Cyber Security Olympiad 2026.', '["React","Figma","UI/UX","Node.js","Business Dev"]', '2026-06-06 17:00:00.000', 'wa.me/6281256812321', 5, 'high', 'bg-emerald-500', '💳', true, false),
  (64, 'Katulistiwa Green (Reg 1)', 48, 319, '2026-06-02 06:52:47.862', 'Tim kolaboratif berdedikasi tinggi yang dibentuk untuk bersaing dan memberikan solusi terbaik di ajang National Open Data Analytics Cup 2026.', '["React","Figma","UI/UX","Node.js","Business Dev"]', '2026-06-06 17:00:00.000', 'wa.me/6281295905248', 5, 'high', 'bg-violet-500', '📱', true, false);

ALTER SEQUENCE "teams_id_seq" RESTART WITH 65;

-- Table: team_members (262 rows)
INSERT INTO "team_members" ("team_id", "user_id", "role", "status") VALUES
  (1, 1, 'owner', 'joined'),
  (1, 3, 'member', 'invited'),
  (1, 10, 'member', 'joined'),
  (1, 21, 'member', 'joined'),
  (1, 250, 'member', 'joined'),
  (2, 8, 'owner', 'joined'),
  (2, 65, 'member', 'joined'),
  (2, 84, 'member', 'joined'),
  (2, 124, 'member', 'joined'),
  (2, 245, 'member', 'joined'),
  (3, 6, 'owner', 'joined'),
  (3, 83, 'member', 'joined'),
  (3, 114, 'member', 'joined'),
  (3, 127, 'member', 'joined'),
  (3, 296, 'member', 'joined'),
  (4, 5, 'owner', 'joined'),
  (4, 34, 'member', 'joined'),
  (4, 81, 'member', 'joined'),
  (4, 294, 'member', 'joined'),
  (4, 314, 'member', 'joined'),
  (5, 4, 'owner', 'joined'),
  (5, 35, 'member', 'joined'),
  (5, 71, 'member', 'joined'),
  (5, 298, 'member', 'applied'),
  (6, 1, 'member', 'joined'),
  (6, 7, 'owner', 'joined'),
  (6, 105, 'member', 'applied'),
  (6, 109, 'member', 'joined'),
  (7, 5, 'owner', 'joined'),
  (7, 93, 'member', 'joined'),
  (7, 262, 'member', 'applied'),
  (7, 298, 'member', 'joined'),
  (8, 9, 'owner', 'joined'),
  (8, 126, 'member', 'joined'),
  (8, 266, 'member', 'joined'),
  (8, 283, 'member', 'joined'),
  (9, 8, 'owner', 'joined'),
  (9, 15, 'member', 'joined'),
  (9, 55, 'member', 'joined'),
  (9, 75, 'member', 'joined'),
  (9, 292, 'member', 'joined'),
  (10, 79, 'member', 'joined'),
  (10, 109, 'owner', 'joined'),
  (10, 278, 'member', 'joined'),
  (10, 280, 'member', 'applied'),
  (11, 78, 'member', 'applied'),
  (11, 98, 'member', 'joined'),
  (11, 102, 'owner', 'joined'),
  (11, 110, 'member', 'joined'),
  (12, 8, 'owner', 'joined'),
  (12, 96, 'member', 'applied'),
  (12, 121, 'member', 'joined'),
  (12, 265, 'member', 'joined'),
  (13, 19, 'owner', 'joined'),
  (13, 21, 'member', 'joined'),
  (13, 59, 'member', 'joined'),
  (13, 273, 'member', 'applied'),
  (14, 97, 'owner', 'joined'),
  (14, 102, 'member', 'joined'),
  (14, 116, 'member', 'applied'),
  (14, 250, 'member', 'joined'),
  (15, 76, 'member', 'joined'),
  (15, 101, 'member', 'applied'),
  (15, 102, 'member', 'joined'),
  (15, 109, 'owner', 'joined'),
  (16, 53, 'member', 'applied'),
  (16, 72, 'member', 'joined'),
  (16, 83, 'owner', 'joined'),
  (16, 282, 'member', 'joined'),
  (17, 64, 'owner', 'joined'),
  (17, 263, 'member', 'joined'),
  (17, 287, 'member', 'applied'),
  (17, 290, 'member', 'joined'),
  (18, 23, 'member', 'applied'),
  (18, 59, 'owner', 'joined'),
  (18, 63, 'member', 'joined'),
  (18, 284, 'member', 'joined'),
  (19, 11, 'owner', 'joined'),
  (19, 261, 'member', 'joined'),
  (19, 305, 'member', 'applied'),
  (19, 325, 'member', 'joined'),
  (20, 81, 'member', 'joined'),
  (20, 98, 'owner', 'joined'),
  (20, 110, 'member', 'applied'),
  (20, 286, 'member', 'joined'),
  (21, 120, 'member', 'joined'),
  (21, 125, 'owner', 'joined'),
  (21, 272, 'member', 'joined'),
  (21, 291, 'member', 'applied'),
  (22, 7, 'member', 'joined'),
  (22, 12, 'member', 'joined'),
  (22, 16, 'owner', 'joined'),
  (22, 20, 'member', 'applied'),
  (23, 75, 'member', 'applied'),
  (23, 76, 'member', 'joined'),
  (23, 106, 'owner', 'joined'),
  (23, 307, 'member', 'joined'),
  (24, 22, 'owner', 'joined'),
  (24, 76, 'member', 'applied'),
  (24, 101, 'member', 'joined'),
  (24, 279, 'member', 'joined'),
  (25, 21, 'owner', 'joined'),
  (25, 255, 'member', 'applied'),
  (25, 270, 'member', 'joined'),
  (25, 303, 'member', 'joined'),
  (26, 5, 'owner', 'joined'),
  (26, 79, 'member', 'joined'),
  (26, 94, 'member', 'applied'),
  (26, 251, 'member', 'joined'),
  (27, 96, 'owner', 'joined'),
  (27, 107, 'member', 'joined'),
  (27, 251, 'member', 'joined'),
  (27, 290, 'member', 'applied'),
  (28, 23, 'member', 'joined'),
  (28, 69, 'owner', 'joined'),
  (28, 248, 'member', 'joined'),
  (28, 299, 'member', 'applied'),
  (29, 4, 'member', 'joined'),
  (29, 14, 'owner', 'joined'),
  (29, 244, 'member', 'applied'),
  (29, 323, 'member', 'joined'),
  (30, 5, 'member', 'joined'),
  (30, 112, 'member', 'joined'),
  (30, 125, 'member', 'joined'),
  (30, 252, 'owner', 'joined'),
  (31, 94, 'member', 'joined'),
  (31, 113, 'owner', 'joined'),
  (31, 270, 'member', 'joined'),
  (31, 271, 'member', 'joined'),
  (32, 17, 'member', 'joined'),
  (32, 125, 'member', 'joined'),
  (32, 248, 'member', 'joined'),
  (32, 252, 'member', 'joined'),
  (32, 263, 'owner', 'joined'),
  (33, 83, 'member', 'joined'),
  (33, 94, 'member', 'joined'),
  (33, 268, 'member', 'joined'),
  (33, 313, 'owner', 'joined'),
  (34, 11, 'member', 'joined'),
  (34, 76, 'member', 'joined'),
  (34, 103, 'member', 'joined'),
  (34, 114, 'owner', 'joined'),
  (34, 320, 'member', 'joined'),
  (35, 8, 'member', 'joined'),
  (35, 69, 'member', 'joined'),
  (35, 101, 'member', 'joined'),
  (35, 102, 'owner', 'joined'),
  (35, 115, 'member', 'joined'),
  (36, 4, 'member', 'joined'),
  (36, 33, 'member', 'joined'),
  (36, 63, 'member', 'joined'),
  (36, 90, 'owner', 'joined'),
  (36, 241, 'member', 'joined'),
  (37, 23, 'owner', 'joined'),
  (37, 60, 'member', 'joined'),
  (37, 121, 'member', 'joined'),
  (37, 259, 'member', 'joined'),
  (37, 321, 'member', 'joined'),
  (38, 9, 'member', 'joined'),
  (38, 246, 'owner', 'joined'),
  (38, 249, 'member', 'joined'),
  (38, 286, 'member', 'joined'),
  (39, 73, 'member', 'joined'),
  (39, 101, 'owner', 'joined'),
  (39, 113, 'member', 'joined'),
  (39, 288, 'member', 'joined'),
  (39, 321, 'member', 'joined'),
  (40, 125, 'member', 'joined'),
  (40, 280, 'member', 'joined'),
  (40, 282, 'member', 'joined'),
  (40, 328, 'owner', 'joined'),
  (41, 10, 'owner', 'joined'),
  (41, 23, 'member', 'joined'),
  (41, 85, 'member', 'joined'),
  (41, 99, 'member', 'joined'),
  (41, 300, 'member', 'joined'),
  (42, 6, 'member', 'joined'),
  (42, 7, 'member', 'joined'),
  (42, 82, 'owner', 'joined'),
  (42, 243, 'member', 'joined'),
  (42, 273, 'member', 'joined'),
  (43, 8, 'member', 'joined'),
  (43, 9, 'member', 'applied'),
  (43, 125, 'member', 'joined'),
  (43, 325, 'owner', 'joined'),
  (44, 251, 'owner', 'joined'),
  (44, 257, 'member', 'joined'),
  (44, 260, 'member', 'joined'),
  (44, 289, 'member', 'applied'),
  (45, 81, 'member', 'joined'),
  (45, 95, 'member', 'joined'),
  (45, 99, 'member', 'applied'),
  (45, 127, 'owner', 'joined'),
  (46, 81, 'member', 'joined'),
  (46, 251, 'member', 'joined'),
  (46, 288, 'owner', 'joined'),
  (46, 323, 'member', 'applied'),
  (47, 18, 'owner', 'joined'),
  (47, 80, 'member', 'applied'),
  (47, 89, 'member', 'joined'),
  (47, 97, 'member', 'joined'),
  (48, 71, 'member', 'joined'),
  (48, 98, 'member', 'joined'),
  (48, 248, 'member', 'applied'),
  (48, 301, 'owner', 'joined'),
  (49, 77, 'member', 'joined'),
  (49, 104, 'member', 'applied'),
  (49, 244, 'member', 'joined'),
  (49, 246, 'owner', 'joined'),
  (50, 7, 'member', 'joined'),
  (50, 89, 'member', 'joined'),
  (50, 103, 'owner', 'joined'),
  (50, 116, 'member', 'applied'),
  (51, 17, 'member', 'joined'),
  (51, 62, 'owner', 'joined'),
  (51, 69, 'member', 'joined'),
  (51, 123, 'member', 'applied'),
  (52, 4, 'owner', 'joined'),
  (52, 10, 'member', 'applied'),
  (52, 14, 'member', 'joined'),
  (52, 261, 'member', 'joined'),
  (53, 113, 'member', 'joined'),
  (53, 248, 'member', 'applied'),
  (53, 297, 'owner', 'joined'),
  (53, 313, 'member', 'joined'),
  (54, 21, 'member', 'joined'),
  (54, 88, 'member', 'applied'),
  (54, 124, 'member', 'joined'),
  (54, 270, 'owner', 'joined'),
  (55, 86, 'member', 'joined'),
  (55, 111, 'owner', 'joined'),
  (55, 113, 'member', 'applied'),
  (55, 114, 'member', 'joined'),
  (56, 124, 'member', 'joined'),
  (56, 243, 'member', 'applied'),
  (56, 291, 'member', 'joined'),
  (56, 306, 'owner', 'joined'),
  (57, 3, 'member', 'joined'),
  (57, 19, 'owner', 'joined'),
  (57, 20, 'member', 'applied'),
  (57, 83, 'member', 'joined'),
  (58, 69, 'owner', 'joined'),
  (58, 260, 'member', 'invited'),
  (58, 314, 'member', 'applied'),
  (59, 242, 'member', 'invited'),
  (59, 249, 'owner', 'joined'),
  (59, 299, 'member', 'applied'),
  (60, 244, 'member', 'invited'),
  (60, 294, 'member', 'applied'),
  (60, 324, 'owner', 'joined'),
  (61, 98, 'owner', 'joined'),
  (61, 283, 'member', 'invited'),
  (61, 297, 'member', 'applied'),
  (62, 117, 'owner', 'joined'),
  (62, 281, 'member', 'applied'),
  (62, 305, 'member', 'invited'),
  (63, 33, 'member', 'applied'),
  (63, 61, 'owner', 'joined'),
  (63, 317, 'member', 'invited'),
  (64, 7, 'member', 'invited'),
  (64, 15, 'member', 'applied'),
  (64, 319, 'owner', 'joined');

-- Table: competition_registrations (378 rows)
INSERT INTO "competition_registrations" ("user_id", "competition_id", "registered_at", "status", "portfolio_url", "motivation", "contact", "team_id") VALUES
  (1, 15, '2026-06-02 06:58:08.621', 'approved', 'https://drive.google.com/file/d/cv_1/view', 'Sangat termotivasi untuk mengasah keahlian di bidang ini dan berkolaborasi secara produktif.', '081239578120', NULL),
  (1, 42, '2026-06-02 06:58:08.621', 'approved', 'https://drive.google.com/file/d/cv_1/view', 'Sangat termotivasi untuk mengasah keahlian di bidang ini dan berkolaborasi secara produktif.', '081297447899', NULL),
  (2, 46, '2026-06-02 06:58:08.621', 'approved', 'https://drive.google.com/file/d/cv_2/view', 'Sangat termotivasi untuk mengasah keahlian di bidang ini dan berkolaborasi secara produktif.', '081226185963', NULL),
  (2, 51, '2026-06-02 06:58:08.621', 'approved', 'https://drive.google.com/file/d/cv_2/view', 'Sangat termotivasi untuk mengasah keahlian di bidang ini dan berkolaborasi secara produktif.', '081278404462', NULL),
  (3, 4, '2026-06-02 06:58:08.621', 'approved', 'https://drive.google.com/file/d/cv_3/view', 'Sangat termotivasi untuk mengasah keahlian di bidang ini dan berkolaborasi secara produktif.', '081252104500', NULL),
  (3, 50, '2026-06-02 06:58:08.621', 'approved', 'https://drive.google.com/file/d/cv_3/view', 'Sangat termotivasi untuk mengasah keahlian di bidang ini dan berkolaborasi secara produktif.', '081249740412', NULL),
  (4, 40, '2026-06-02 06:58:08.621', 'approved', 'https://drive.google.com/file/d/cv_4/view', 'Sangat termotivasi untuk mengasah keahlian di bidang ini dan berkolaborasi secara produktif.', '081259349004', NULL),
  (4, 49, '2026-06-02 06:58:08.621', 'approved', 'https://drive.google.com/file/d/cv_4/view', 'Sangat termotivasi untuk mengasah keahlian di bidang ini dan berkolaborasi secara produktif.', '081243426789', NULL),
  (5, 21, '2026-06-02 06:58:08.621', 'approved', 'https://drive.google.com/file/d/cv_5/view', 'Sangat termotivasi untuk mengasah keahlian di bidang ini dan berkolaborasi secara produktif.', '081291252136', NULL),
  (5, 48, '2026-06-02 06:58:08.621', 'approved', 'https://drive.google.com/file/d/cv_5/view', 'Sangat termotivasi untuk mengasah keahlian di bidang ini dan berkolaborasi secara produktif.', '081263805402', NULL),
  (6, 3, '2026-06-02 06:58:08.621', 'approved', 'https://drive.google.com/file/d/cv_6/view', 'Sangat termotivasi untuk mengasah keahlian di bidang ini dan berkolaborasi secara produktif.', '081282863491', NULL),
  (6, 19, '2026-06-02 06:58:08.621', 'approved', 'https://drive.google.com/file/d/cv_6/view', 'Sangat termotivasi untuk mengasah keahlian di bidang ini dan berkolaborasi secara produktif.', '081237166037', NULL),
  (7, 3, '2026-06-02 06:58:08.621', 'approved', 'https://drive.google.com/file/d/cv_7/view', 'Sangat termotivasi untuk mengasah keahlian di bidang ini dan berkolaborasi secara produktif.', '081252151702', NULL),
  (7, 11, '2026-06-02 06:58:08.621', 'approved', 'https://drive.google.com/file/d/cv_7/view', 'Sangat termotivasi untuk mengasah keahlian di bidang ini dan berkolaborasi secara produktif.', '081277924001', NULL),
  (8, 3, '2026-06-02 06:58:08.621', 'approved', 'https://drive.google.com/file/d/cv_8/view', 'Sangat termotivasi untuk mengasah keahlian di bidang ini dan berkolaborasi secara produktif.', '081262939904', NULL),
  (8, 10, '2026-06-02 06:58:08.621', 'approved', 'https://drive.google.com/file/d/cv_8/view', 'Sangat termotivasi untuk mengasah keahlian di bidang ini dan berkolaborasi secara produktif.', '081224192931', NULL),
  (9, 13, '2026-06-02 06:58:08.621', 'approved', 'https://drive.google.com/file/d/cv_9/view', 'Sangat termotivasi untuk mengasah keahlian di bidang ini dan berkolaborasi secara produktif.', '081220396499', NULL),
  (9, 49, '2026-06-02 06:58:08.621', 'approved', 'https://drive.google.com/file/d/cv_9/view', 'Sangat termotivasi untuk mengasah keahlian di bidang ini dan berkolaborasi secara produktif.', '081253629327', NULL),
  (10, 14, '2026-06-02 06:58:08.621', 'approved', 'https://drive.google.com/file/d/cv_10/view', 'Sangat termotivasi untuk mengasah keahlian di bidang ini dan berkolaborasi secara produktif.', '081294571920', NULL),
  (10, 48, '2026-06-02 06:58:08.621', 'approved', 'https://drive.google.com/file/d/cv_10/view', 'Sangat termotivasi untuk mengasah keahlian di bidang ini dan berkolaborasi secara produktif.', '081281305159', NULL),
  (11, 43, '2026-06-02 06:58:08.621', 'approved', 'https://drive.google.com/file/d/cv_11/view', 'Sangat termotivasi untuk mengasah keahlian di bidang ini dan berkolaborasi secara produktif.', '081294050691', NULL),
  (11, 46, '2026-06-02 06:58:08.621', 'approved', 'https://drive.google.com/file/d/cv_11/view', 'Sangat termotivasi untuk mengasah keahlian di bidang ini dan berkolaborasi secara produktif.', '081276431413', NULL),
  (12, 19, '2026-06-02 06:58:08.621', 'approved', 'https://drive.google.com/file/d/cv_12/view', 'Sangat termotivasi untuk mengasah keahlian di bidang ini dan berkolaborasi secara produktif.', '081296931494', NULL),
  (12, 45, '2026-06-02 06:58:08.621', 'approved', 'https://drive.google.com/file/d/cv_12/view', 'Sangat termotivasi untuk mengasah keahlian di bidang ini dan berkolaborasi secara produktif.', '081284589228', NULL),
  (13, 7, '2026-06-02 06:58:08.621', 'approved', 'https://drive.google.com/file/d/cv_13/view', 'Sangat termotivasi untuk mengasah keahlian di bidang ini dan berkolaborasi secara produktif.', '081232274959', NULL),
  (13, 15, '2026-06-02 06:58:08.621', 'approved', 'https://drive.google.com/file/d/cv_13/view', 'Sangat termotivasi untuk mengasah keahlian di bidang ini dan berkolaborasi secara produktif.', '081273255672', NULL),
  (14, 12, '2026-06-02 06:58:08.621', 'approved', 'https://drive.google.com/file/d/cv_14/view', 'Sangat termotivasi untuk mengasah keahlian di bidang ini dan berkolaborasi secara produktif.', '081246837706', NULL),
  (14, 48, '2026-06-02 06:58:08.621', 'approved', 'https://drive.google.com/file/d/cv_14/view', 'Sangat termotivasi untuk mengasah keahlian di bidang ini dan berkolaborasi secara produktif.', '081220267639', NULL),
  (15, 9, '2026-06-02 06:58:08.621', 'approved', 'https://drive.google.com/file/d/cv_15/view', 'Sangat termotivasi untuk mengasah keahlian di bidang ini dan berkolaborasi secara produktif.', '081238099384', NULL),
  (15, 46, '2026-06-02 06:58:08.621', 'approved', 'https://drive.google.com/file/d/cv_15/view', 'Sangat termotivasi untuk mengasah keahlian di bidang ini dan berkolaborasi secara produktif.', '081221001539', NULL),
  (16, 19, '2026-06-02 06:58:08.621', 'approved', 'https://drive.google.com/file/d/cv_16/view', 'Sangat termotivasi untuk mengasah keahlian di bidang ini dan berkolaborasi secara produktif.', '081283403661', NULL),
  (16, 46, '2026-06-02 06:58:08.621', 'approved', 'https://drive.google.com/file/d/cv_16/view', 'Sangat termotivasi untuk mengasah keahlian di bidang ini dan berkolaborasi secara produktif.', '081260884569', NULL),
  (17, 39, '2026-06-02 06:58:08.621', 'approved', 'https://drive.google.com/file/d/cv_17/view', 'Sangat termotivasi untuk mengasah keahlian di bidang ini dan berkolaborasi secara produktif.', '081229748672', NULL),
  (17, 51, '2026-06-02 06:58:08.621', 'approved', 'https://drive.google.com/file/d/cv_17/view', 'Sangat termotivasi untuk mengasah keahlian di bidang ini dan berkolaborasi secara produktif.', '081240881090', NULL),
  (18, 40, '2026-06-02 06:58:08.621', 'approved', 'https://drive.google.com/file/d/cv_18/view', 'Sangat termotivasi untuk mengasah keahlian di bidang ini dan berkolaborasi secara produktif.', '081285889781', NULL),
  (18, 41, '2026-06-02 06:58:08.621', 'approved', 'https://drive.google.com/file/d/cv_18/view', 'Sangat termotivasi untuk mengasah keahlian di bidang ini dan berkolaborasi secara produktif.', '081273137087', NULL),
  (19, 4, '2026-06-02 06:58:08.621', 'approved', 'https://drive.google.com/file/d/cv_19/view', 'Sangat termotivasi untuk mengasah keahlian di bidang ini dan berkolaborasi secara produktif.', '081216818218', NULL),
  (19, 45, '2026-06-02 06:58:08.621', 'approved', 'https://drive.google.com/file/d/cv_19/view', 'Sangat termotivasi untuk mengasah keahlian di bidang ini dan berkolaborasi secara produktif.', '081260647659', NULL),
  (20, 2, '2026-06-02 06:58:08.621', 'approved', 'https://drive.google.com/file/d/cv_20/view', 'Sangat termotivasi untuk mengasah keahlian di bidang ini dan berkolaborasi secara produktif.', '081287959121', NULL),
  (20, 7, '2026-06-02 06:58:08.621', 'approved', 'https://drive.google.com/file/d/cv_20/view', 'Sangat termotivasi untuk mengasah keahlian di bidang ini dan berkolaborasi secara produktif.', '081279287015', NULL),
  (21, 2, '2026-06-02 06:58:08.621', 'approved', 'https://drive.google.com/file/d/cv_21/view', 'Sangat termotivasi untuk mengasah keahlian di bidang ini dan berkolaborasi secara produktif.', '081247424260', NULL),
  (21, 9, '2026-06-02 06:58:08.621', 'approved', 'https://drive.google.com/file/d/cv_21/view', 'Sangat termotivasi untuk mengasah keahlian di bidang ini dan berkolaborasi secara produktif.', '081288243080', NULL),
  (22, 9, '2026-06-02 06:58:08.621', 'approved', 'https://drive.google.com/file/d/cv_22/view', 'Sangat termotivasi untuk mengasah keahlian di bidang ini dan berkolaborasi secara produktif.', '081257887058', NULL),
  (22, 18, '2026-06-02 06:58:08.621', 'approved', 'https://drive.google.com/file/d/cv_22/view', 'Sangat termotivasi untuk mengasah keahlian di bidang ini dan berkolaborasi secara produktif.', '081218501573', NULL),
  (23, 41, '2026-06-02 06:58:08.621', 'approved', 'https://drive.google.com/file/d/cv_23/view', 'Sangat termotivasi untuk mengasah keahlian di bidang ini dan berkolaborasi secara produktif.', '081222888713', NULL),
  (23, 46, '2026-06-02 06:58:08.621', 'approved', 'https://drive.google.com/file/d/cv_23/view', 'Sangat termotivasi untuk mengasah keahlian di bidang ini dan berkolaborasi secara produktif.', '081292938070', NULL),
  (24, 12, '2026-06-02 06:58:08.621', 'approved', 'https://drive.google.com/file/d/cv_24/view', 'Sangat termotivasi untuk mengasah keahlian di bidang ini dan berkolaborasi secara produktif.', '081251016224', NULL),
  (24, 39, '2026-06-02 06:58:08.621', 'approved', 'https://drive.google.com/file/d/cv_24/view', 'Sangat termotivasi untuk mengasah keahlian di bidang ini dan berkolaborasi secara produktif.', '081292095161', NULL),
  (33, 14, '2026-06-02 06:58:08.621', 'approved', 'https://drive.google.com/file/d/cv_33/view', 'Sangat termotivasi untuk mengasah keahlian di bidang ini dan berkolaborasi secara produktif.', '081249034905', NULL),
  (33, 16, '2026-06-02 06:58:08.621', 'approved', 'https://drive.google.com/file/d/cv_33/view', 'Sangat termotivasi untuk mengasah keahlian di bidang ini dan berkolaborasi secara produktif.', '081291748514', NULL),
  (34, 16, '2026-06-02 06:58:08.621', 'approved', 'https://drive.google.com/file/d/cv_34/view', 'Sangat termotivasi untuk mengasah keahlian di bidang ini dan berkolaborasi secara produktif.', '081265947480', NULL),
  (34, 17, '2026-06-02 06:58:08.621', 'approved', 'https://drive.google.com/file/d/cv_34/view', 'Sangat termotivasi untuk mengasah keahlian di bidang ini dan berkolaborasi secara produktif.', '081290798583', NULL),
  (35, 21, '2026-06-02 06:58:08.621', 'approved', 'https://drive.google.com/file/d/cv_35/view', 'Sangat termotivasi untuk mengasah keahlian di bidang ini dan berkolaborasi secara produktif.', '081230812688', NULL),
  (35, 24, '2026-06-02 06:58:08.621', 'approved', 'https://drive.google.com/file/d/cv_35/view', 'Sangat termotivasi untuk mengasah keahlian di bidang ini dan berkolaborasi secara produktif.', '081240224798', NULL),
  (51, 14, '2026-06-02 06:58:08.621', 'approved', 'https://drive.google.com/file/d/cv_51/view', 'Sangat termotivasi untuk mengasah keahlian di bidang ini dan berkolaborasi secara produktif.', '081220035197', NULL),
  (51, 15, '2026-06-02 06:58:08.621', 'approved', 'https://drive.google.com/file/d/cv_51/view', 'Sangat termotivasi untuk mengasah keahlian di bidang ini dan berkolaborasi secara produktif.', '081232270280', NULL),
  (53, 9, '2026-06-02 06:58:08.621', 'approved', 'https://drive.google.com/file/d/cv_53/view', 'Sangat termotivasi untuk mengasah keahlian di bidang ini dan berkolaborasi secara produktif.', '081222014337', NULL),
  (53, 49, '2026-06-02 06:58:08.621', 'approved', 'https://drive.google.com/file/d/cv_53/view', 'Sangat termotivasi untuk mengasah keahlian di bidang ini dan berkolaborasi secara produktif.', '081260020268', NULL),
  (55, 8, '2026-06-02 06:58:08.621', 'approved', 'https://drive.google.com/file/d/cv_55/view', 'Sangat termotivasi untuk mengasah keahlian di bidang ini dan berkolaborasi secara produktif.', '081289377508', NULL),
  (55, 51, '2026-06-02 06:58:08.621', 'approved', 'https://drive.google.com/file/d/cv_55/view', 'Sangat termotivasi untuk mengasah keahlian di bidang ini dan berkolaborasi secara produktif.', '081287506970', NULL),
  (57, 7, '2026-06-02 06:58:08.621', 'approved', 'https://drive.google.com/file/d/cv_57/view', 'Sangat termotivasi untuk mengasah keahlian di bidang ini dan berkolaborasi secara produktif.', '081256644295', NULL),
  (57, 16, '2026-06-02 06:58:08.621', 'approved', 'https://drive.google.com/file/d/cv_57/view', 'Sangat termotivasi untuk mengasah keahlian di bidang ini dan berkolaborasi secara produktif.', '081280079142', NULL),
  (59, 20, '2026-06-02 06:58:08.621', 'approved', 'https://drive.google.com/file/d/cv_59/view', 'Sangat termotivasi untuk mengasah keahlian di bidang ini dan berkolaborasi secara produktif.', '081240231491', NULL),
  (59, 48, '2026-06-02 06:58:08.621', 'approved', 'https://drive.google.com/file/d/cv_59/view', 'Sangat termotivasi untuk mengasah keahlian di bidang ini dan berkolaborasi secara produktif.', '081290443257', NULL),
  (60, 14, '2026-06-02 06:58:08.621', 'approved', 'https://drive.google.com/file/d/cv_60/view', 'Sangat termotivasi untuk mengasah keahlian di bidang ini dan berkolaborasi secara produktif.', '081284491557', NULL),
  (60, 20, '2026-06-02 06:58:08.621', 'approved', 'https://drive.google.com/file/d/cv_60/view', 'Sangat termotivasi untuk mengasah keahlian di bidang ini dan berkolaborasi secara produktif.', '081237860568', NULL),
  (61, 23, '2026-06-02 06:58:08.621', 'approved', 'https://drive.google.com/file/d/cv_61/view', 'Sangat termotivasi untuk mengasah keahlian di bidang ini dan berkolaborasi secara produktif.', '081229103278', NULL),
  (61, 50, '2026-06-02 06:58:08.621', 'approved', 'https://drive.google.com/file/d/cv_61/view', 'Sangat termotivasi untuk mengasah keahlian di bidang ini dan berkolaborasi secara produktif.', '081242352718', NULL),
  (62, 7, '2026-06-02 06:58:08.621', 'approved', 'https://drive.google.com/file/d/cv_62/view', 'Sangat termotivasi untuk mengasah keahlian di bidang ini dan berkolaborasi secara produktif.', '081266712974', NULL),
  (62, 21, '2026-06-02 06:58:08.621', 'approved', 'https://drive.google.com/file/d/cv_62/view', 'Sangat termotivasi untuk mengasah keahlian di bidang ini dan berkolaborasi secara produktif.', '081291858190', NULL),
  (63, 13, '2026-06-02 06:58:08.621', 'approved', 'https://drive.google.com/file/d/cv_63/view', 'Sangat termotivasi untuk mengasah keahlian di bidang ini dan berkolaborasi secara produktif.', '081231833178', NULL),
  (63, 48, '2026-06-02 06:58:08.621', 'approved', 'https://drive.google.com/file/d/cv_63/view', 'Sangat termotivasi untuk mengasah keahlian di bidang ini dan berkolaborasi secara produktif.', '081276240484', NULL),
  (64, 42, '2026-06-02 06:58:08.621', 'approved', 'https://drive.google.com/file/d/cv_64/view', 'Sangat termotivasi untuk mengasah keahlian di bidang ini dan berkolaborasi secara produktif.', '081258093866', NULL),
  (64, 50, '2026-06-02 06:58:08.621', 'approved', 'https://drive.google.com/file/d/cv_64/view', 'Sangat termotivasi untuk mengasah keahlian di bidang ini dan berkolaborasi secara produktif.', '081210833005', NULL),
  (65, 7, '2026-06-02 06:58:08.621', 'approved', 'https://drive.google.com/file/d/cv_65/view', 'Sangat termotivasi untuk mengasah keahlian di bidang ini dan berkolaborasi secara produktif.', '081247875385', NULL),
  (65, 18, '2026-06-02 06:58:08.621', 'approved', 'https://drive.google.com/file/d/cv_65/view', 'Sangat termotivasi untuk mengasah keahlian di bidang ini dan berkolaborasi secara produktif.', '081237674846', NULL),
  (66, 5, '2026-06-02 06:58:08.621', 'approved', 'https://drive.google.com/file/d/cv_66/view', 'Sangat termotivasi untuk mengasah keahlian di bidang ini dan berkolaborasi secara produktif.', '081222824075', NULL),
  (66, 6, '2026-06-02 06:58:08.621', 'approved', 'https://drive.google.com/file/d/cv_66/view', 'Sangat termotivasi untuk mengasah keahlian di bidang ini dan berkolaborasi secara produktif.', '081238949587', NULL),
  (67, 8, '2026-06-02 06:58:08.621', 'approved', 'https://drive.google.com/file/d/cv_67/view', 'Sangat termotivasi untuk mengasah keahlian di bidang ini dan berkolaborasi secara produktif.', '081296397712', NULL),
  (67, 9, '2026-06-02 06:58:08.621', 'approved', 'https://drive.google.com/file/d/cv_67/view', 'Sangat termotivasi untuk mengasah keahlian di bidang ini dan berkolaborasi secara produktif.', '081265058018', NULL),
  (68, 15, '2026-06-02 06:58:08.621', 'approved', 'https://drive.google.com/file/d/cv_68/view', 'Sangat termotivasi untuk mengasah keahlian di bidang ini dan berkolaborasi secara produktif.', '081254797527', NULL),
  (68, 45, '2026-06-02 06:58:08.621', 'approved', 'https://drive.google.com/file/d/cv_68/view', 'Sangat termotivasi untuk mengasah keahlian di bidang ini dan berkolaborasi secara produktif.', '081226220280', NULL),
  (69, 43, '2026-06-02 06:58:08.621', 'approved', 'https://drive.google.com/file/d/cv_69/view', 'Sangat termotivasi untuk mengasah keahlian di bidang ini dan berkolaborasi secara produktif.', '081234278971', NULL),
  (69, 50, '2026-06-02 06:58:08.621', 'approved', 'https://drive.google.com/file/d/cv_69/view', 'Sangat termotivasi untuk mengasah keahlian di bidang ini dan berkolaborasi secara produktif.', '081215513042', NULL),
  (70, 10, '2026-06-02 06:58:08.621', 'approved', 'https://drive.google.com/file/d/cv_70/view', 'Sangat termotivasi untuk mengasah keahlian di bidang ini dan berkolaborasi secara produktif.', '081292712075', NULL),
  (70, 47, '2026-06-02 06:58:08.621', 'approved', 'https://drive.google.com/file/d/cv_70/view', 'Sangat termotivasi untuk mengasah keahlian di bidang ini dan berkolaborasi secara produktif.', '081287414159', NULL),
  (71, 2, '2026-06-02 06:58:08.621', 'approved', 'https://drive.google.com/file/d/cv_71/view', 'Sangat termotivasi untuk mengasah keahlian di bidang ini dan berkolaborasi secara produktif.', '081259851397', NULL),
  (71, 41, '2026-06-02 06:58:08.621', 'approved', 'https://drive.google.com/file/d/cv_71/view', 'Sangat termotivasi untuk mengasah keahlian di bidang ini dan berkolaborasi secara produktif.', '081215954790', NULL),
  (72, 4, '2026-06-02 06:58:08.621', 'approved', 'https://drive.google.com/file/d/cv_72/view', 'Sangat termotivasi untuk mengasah keahlian di bidang ini dan berkolaborasi secara produktif.', '081263735720', NULL),
  (72, 19, '2026-06-02 06:58:08.621', 'approved', 'https://drive.google.com/file/d/cv_72/view', 'Sangat termotivasi untuk mengasah keahlian di bidang ini dan berkolaborasi secara produktif.', '081228974405', NULL),
  (73, 4, '2026-06-02 06:58:08.621', 'approved', 'https://drive.google.com/file/d/cv_73/view', 'Sangat termotivasi untuk mengasah keahlian di bidang ini dan berkolaborasi secara produktif.', '081284653147', NULL),
  (73, 17, '2026-06-02 06:58:08.621', 'approved', 'https://drive.google.com/file/d/cv_73/view', 'Sangat termotivasi untuk mengasah keahlian di bidang ini dan berkolaborasi secara produktif.', '081213056951', NULL),
  (74, 13, '2026-06-02 06:58:08.621', 'approved', 'https://drive.google.com/file/d/cv_74/view', 'Sangat termotivasi untuk mengasah keahlian di bidang ini dan berkolaborasi secara produktif.', '081231838390', NULL),
  (74, 45, '2026-06-02 06:58:08.621', 'approved', 'https://drive.google.com/file/d/cv_74/view', 'Sangat termotivasi untuk mengasah keahlian di bidang ini dan berkolaborasi secara produktif.', '081263500720', NULL),
  (75, 22, '2026-06-02 06:58:08.621', 'approved', 'https://drive.google.com/file/d/cv_75/view', 'Sangat termotivasi untuk mengasah keahlian di bidang ini dan berkolaborasi secara produktif.', '081262374713', NULL),
  (75, 25, '2026-06-02 06:58:08.621', 'approved', 'https://drive.google.com/file/d/cv_75/view', 'Sangat termotivasi untuk mengasah keahlian di bidang ini dan berkolaborasi secara produktif.', '081236856356', NULL),
  (76, 11, '2026-06-02 06:58:08.621', 'approved', 'https://drive.google.com/file/d/cv_76/view', 'Sangat termotivasi untuk mengasah keahlian di bidang ini dan berkolaborasi secara produktif.', '081224453518', NULL),
  (76, 47, '2026-06-02 06:58:08.621', 'approved', 'https://drive.google.com/file/d/cv_76/view', 'Sangat termotivasi untuk mengasah keahlian di bidang ini dan berkolaborasi secara produktif.', '081294052665', NULL),
  (77, 14, '2026-06-02 06:58:08.621', 'approved', 'https://drive.google.com/file/d/cv_77/view', 'Sangat termotivasi untuk mengasah keahlian di bidang ini dan berkolaborasi secara produktif.', '081225589248', NULL),
  (77, 25, '2026-06-02 06:58:08.621', 'approved', 'https://drive.google.com/file/d/cv_77/view', 'Sangat termotivasi untuk mengasah keahlian di bidang ini dan berkolaborasi secara produktif.', '081218104435', NULL),
  (78, 10, '2026-06-02 06:58:08.621', 'approved', 'https://drive.google.com/file/d/cv_78/view', 'Sangat termotivasi untuk mengasah keahlian di bidang ini dan berkolaborasi secara produktif.', '081216020085', NULL),
  (78, 49, '2026-06-02 06:58:08.621', 'approved', 'https://drive.google.com/file/d/cv_78/view', 'Sangat termotivasi untuk mengasah keahlian di bidang ini dan berkolaborasi secara produktif.', '081268673938', NULL),
  (79, 25, '2026-06-02 06:58:08.621', 'approved', 'https://drive.google.com/file/d/cv_79/view', 'Sangat termotivasi untuk mengasah keahlian di bidang ini dan berkolaborasi secara produktif.', '081258515162', NULL),
  (79, 44, '2026-06-02 06:58:08.621', 'approved', 'https://drive.google.com/file/d/cv_79/view', 'Sangat termotivasi untuk mengasah keahlian di bidang ini dan berkolaborasi secara produktif.', '081295527115', NULL),
  (80, 5, '2026-06-02 06:58:08.621', 'approved', 'https://drive.google.com/file/d/cv_80/view', 'Sangat termotivasi untuk mengasah keahlian di bidang ini dan berkolaborasi secara produktif.', '081290905905', NULL),
  (80, 15, '2026-06-02 06:58:08.621', 'approved', 'https://drive.google.com/file/d/cv_80/view', 'Sangat termotivasi untuk mengasah keahlian di bidang ini dan berkolaborasi secara produktif.', '081262468341', NULL),
  (81, 20, '2026-06-02 06:58:08.621', 'approved', 'https://drive.google.com/file/d/cv_81/view', 'Sangat termotivasi untuk mengasah keahlian di bidang ini dan berkolaborasi secara produktif.', '081234697634', NULL),
  (81, 23, '2026-06-02 06:58:08.621', 'approved', 'https://drive.google.com/file/d/cv_81/view', 'Sangat termotivasi untuk mengasah keahlian di bidang ini dan berkolaborasi secara produktif.', '081277792000', NULL),
  (82, 1, '2026-06-02 06:58:08.621', 'approved', 'https://drive.google.com/file/d/cv_82/view', 'Sangat termotivasi untuk mengasah keahlian di bidang ini dan berkolaborasi secara produktif.', '081293967070', NULL),
  (82, 10, '2026-06-02 06:58:08.621', 'approved', 'https://drive.google.com/file/d/cv_82/view', 'Sangat termotivasi untuk mengasah keahlian di bidang ini dan berkolaborasi secara produktif.', '081224898474', NULL),
  (83, 10, '2026-06-02 06:58:08.621', 'approved', 'https://drive.google.com/file/d/cv_83/view', 'Sangat termotivasi untuk mengasah keahlian di bidang ini dan berkolaborasi secara produktif.', '081219467076', NULL),
  (83, 13, '2026-06-02 06:58:08.621', 'approved', 'https://drive.google.com/file/d/cv_83/view', 'Sangat termotivasi untuk mengasah keahlian di bidang ini dan berkolaborasi secara produktif.', '081211012510', NULL),
  (84, 17, '2026-06-02 06:58:08.621', 'approved', 'https://drive.google.com/file/d/cv_84/view', 'Sangat termotivasi untuk mengasah keahlian di bidang ini dan berkolaborasi secara produktif.', '081264152434', NULL),
  (84, 19, '2026-06-02 06:58:08.621', 'approved', 'https://drive.google.com/file/d/cv_84/view', 'Sangat termotivasi untuk mengasah keahlian di bidang ini dan berkolaborasi secara produktif.', '081250549793', NULL),
  (85, 18, '2026-06-02 06:58:08.621', 'approved', 'https://drive.google.com/file/d/cv_85/view', 'Sangat termotivasi untuk mengasah keahlian di bidang ini dan berkolaborasi secara produktif.', '081219149570', NULL),
  (85, 51, '2026-06-02 06:58:08.621', 'approved', 'https://drive.google.com/file/d/cv_85/view', 'Sangat termotivasi untuk mengasah keahlian di bidang ini dan berkolaborasi secara produktif.', '081299886495', NULL),
  (86, 5, '2026-06-02 06:58:08.621', 'approved', 'https://drive.google.com/file/d/cv_86/view', 'Sangat termotivasi untuk mengasah keahlian di bidang ini dan berkolaborasi secara produktif.', '081279500249', NULL),
  (86, 18, '2026-06-02 06:58:08.621', 'approved', 'https://drive.google.com/file/d/cv_86/view', 'Sangat termotivasi untuk mengasah keahlian di bidang ini dan berkolaborasi secara produktif.', '081226202554', NULL),
  (87, 4, '2026-06-02 06:58:08.621', 'approved', 'https://drive.google.com/file/d/cv_87/view', 'Sangat termotivasi untuk mengasah keahlian di bidang ini dan berkolaborasi secara produktif.', '081244560504', NULL),
  (87, 9, '2026-06-02 06:58:08.621', 'approved', 'https://drive.google.com/file/d/cv_87/view', 'Sangat termotivasi untuk mengasah keahlian di bidang ini dan berkolaborasi secara produktif.', '081230845967', NULL),
  (88, 20, '2026-06-02 06:58:08.621', 'approved', 'https://drive.google.com/file/d/cv_88/view', 'Sangat termotivasi untuk mengasah keahlian di bidang ini dan berkolaborasi secara produktif.', '081256872236', NULL),
  (88, 42, '2026-06-02 06:58:08.621', 'approved', 'https://drive.google.com/file/d/cv_88/view', 'Sangat termotivasi untuk mengasah keahlian di bidang ini dan berkolaborasi secara produktif.', '081237171515', NULL),
  (89, 3, '2026-06-02 06:58:08.621', 'approved', 'https://drive.google.com/file/d/cv_89/view', 'Sangat termotivasi untuk mengasah keahlian di bidang ini dan berkolaborasi secara produktif.', '081210072348', NULL),
  (89, 14, '2026-06-02 06:58:08.621', 'approved', 'https://drive.google.com/file/d/cv_89/view', 'Sangat termotivasi untuk mengasah keahlian di bidang ini dan berkolaborasi secara produktif.', '081279144365', NULL),
  (90, 12, '2026-06-02 06:58:08.621', 'approved', 'https://drive.google.com/file/d/cv_90/view', 'Sangat termotivasi untuk mengasah keahlian di bidang ini dan berkolaborasi secara produktif.', '081268919527', NULL),
  (90, 19, '2026-06-02 06:58:08.621', 'approved', 'https://drive.google.com/file/d/cv_90/view', 'Sangat termotivasi untuk mengasah keahlian di bidang ini dan berkolaborasi secara produktif.', '081216377033', NULL),
  (91, 1, '2026-06-02 06:58:08.621', 'approved', 'https://drive.google.com/file/d/cv_91/view', 'Sangat termotivasi untuk mengasah keahlian di bidang ini dan berkolaborasi secara produktif.', '081244121798', NULL),
  (91, 23, '2026-06-02 06:58:08.621', 'approved', 'https://drive.google.com/file/d/cv_91/view', 'Sangat termotivasi untuk mengasah keahlian di bidang ini dan berkolaborasi secara produktif.', '081212980031', NULL),
  (92, 10, '2026-06-02 06:58:08.621', 'approved', 'https://drive.google.com/file/d/cv_92/view', 'Sangat termotivasi untuk mengasah keahlian di bidang ini dan berkolaborasi secara produktif.', '081269989688', NULL),
  (92, 50, '2026-06-02 06:58:08.621', 'approved', 'https://drive.google.com/file/d/cv_92/view', 'Sangat termotivasi untuk mengasah keahlian di bidang ini dan berkolaborasi secara produktif.', '081254299434', NULL),
  (93, 39, '2026-06-02 06:58:08.621', 'approved', 'https://drive.google.com/file/d/cv_93/view', 'Sangat termotivasi untuk mengasah keahlian di bidang ini dan berkolaborasi secara produktif.', '081226757339', NULL),
  (93, 48, '2026-06-02 06:58:08.621', 'approved', 'https://drive.google.com/file/d/cv_93/view', 'Sangat termotivasi untuk mengasah keahlian di bidang ini dan berkolaborasi secara produktif.', '081284216172', NULL),
  (94, 8, '2026-06-02 06:58:08.621', 'approved', 'https://drive.google.com/file/d/cv_94/view', 'Sangat termotivasi untuk mengasah keahlian di bidang ini dan berkolaborasi secara produktif.', '081247810032', NULL),
  (94, 40, '2026-06-02 06:58:08.621', 'approved', 'https://drive.google.com/file/d/cv_94/view', 'Sangat termotivasi untuk mengasah keahlian di bidang ini dan berkolaborasi secara produktif.', '081215722931', NULL),
  (95, 42, '2026-06-02 06:58:08.621', 'approved', 'https://drive.google.com/file/d/cv_95/view', 'Sangat termotivasi untuk mengasah keahlian di bidang ini dan berkolaborasi secara produktif.', '081263909205', NULL),
  (95, 49, '2026-06-02 06:58:08.621', 'approved', 'https://drive.google.com/file/d/cv_95/view', 'Sangat termotivasi untuk mengasah keahlian di bidang ini dan berkolaborasi secara produktif.', '081241783515', NULL),
  (96, 41, '2026-06-02 06:58:08.621', 'approved', 'https://drive.google.com/file/d/cv_96/view', 'Sangat termotivasi untuk mengasah keahlian di bidang ini dan berkolaborasi secara produktif.', '081297421444', NULL),
  (96, 46, '2026-06-02 06:58:08.621', 'approved', 'https://drive.google.com/file/d/cv_96/view', 'Sangat termotivasi untuk mengasah keahlian di bidang ini dan berkolaborasi secara produktif.', '081263975872', NULL),
  (97, 19, '2026-06-02 06:58:08.621', 'approved', 'https://drive.google.com/file/d/cv_97/view', 'Sangat termotivasi untuk mengasah keahlian di bidang ini dan berkolaborasi secara produktif.', '081272082858', NULL),
  (97, 44, '2026-06-02 06:58:08.621', 'approved', 'https://drive.google.com/file/d/cv_97/view', 'Sangat termotivasi untuk mengasah keahlian di bidang ini dan berkolaborasi secara produktif.', '081286362018', NULL),
  (98, 24, '2026-06-02 06:58:08.621', 'approved', 'https://drive.google.com/file/d/cv_98/view', 'Sangat termotivasi untuk mengasah keahlian di bidang ini dan berkolaborasi secara produktif.', '081263314623', NULL),
  (98, 44, '2026-06-02 06:58:08.621', 'approved', 'https://drive.google.com/file/d/cv_98/view', 'Sangat termotivasi untuk mengasah keahlian di bidang ini dan berkolaborasi secara produktif.', '081262673601', NULL),
  (99, 6, '2026-06-02 06:58:08.621', 'approved', 'https://drive.google.com/file/d/cv_99/view', 'Sangat termotivasi untuk mengasah keahlian di bidang ini dan berkolaborasi secara produktif.', '081246640768', NULL),
  (99, 41, '2026-06-02 06:58:08.621', 'approved', 'https://drive.google.com/file/d/cv_99/view', 'Sangat termotivasi untuk mengasah keahlian di bidang ini dan berkolaborasi secara produktif.', '081254973762', NULL),
  (100, 24, '2026-06-02 06:58:08.621', 'approved', 'https://drive.google.com/file/d/cv_100/view', 'Sangat termotivasi untuk mengasah keahlian di bidang ini dan berkolaborasi secara produktif.', '081252591928', NULL),
  (100, 25, '2026-06-02 06:58:08.621', 'approved', 'https://drive.google.com/file/d/cv_100/view', 'Sangat termotivasi untuk mengasah keahlian di bidang ini dan berkolaborasi secara produktif.', '081295244551', NULL),
  (101, 12, '2026-06-02 06:58:08.621', 'approved', 'https://drive.google.com/file/d/cv_101/view', 'Sangat termotivasi untuk mengasah keahlian di bidang ini dan berkolaborasi secara produktif.', '081299548938', NULL),
  (101, 13, '2026-06-02 06:58:08.621', 'approved', 'https://drive.google.com/file/d/cv_101/view', 'Sangat termotivasi untuk mengasah keahlian di bidang ini dan berkolaborasi secara produktif.', '081258405467', NULL),
  (102, 40, '2026-06-02 06:58:08.621', 'approved', 'https://drive.google.com/file/d/cv_102/view', 'Sangat termotivasi untuk mengasah keahlian di bidang ini dan berkolaborasi secara produktif.', '081239370050', NULL),
  (102, 48, '2026-06-02 06:58:08.621', 'approved', 'https://drive.google.com/file/d/cv_102/view', 'Sangat termotivasi untuk mengasah keahlian di bidang ini dan berkolaborasi secara produktif.', '081262176977', NULL),
  (103, 7, '2026-06-02 06:58:08.621', 'approved', 'https://drive.google.com/file/d/cv_103/view', 'Sangat termotivasi untuk mengasah keahlian di bidang ini dan berkolaborasi secara produktif.', '081278337333', NULL),
  (103, 43, '2026-06-02 06:58:08.621', 'approved', 'https://drive.google.com/file/d/cv_103/view', 'Sangat termotivasi untuk mengasah keahlian di bidang ini dan berkolaborasi secara produktif.', '081261103406', NULL),
  (104, 9, '2026-06-02 06:58:08.621', 'approved', 'https://drive.google.com/file/d/cv_104/view', 'Sangat termotivasi untuk mengasah keahlian di bidang ini dan berkolaborasi secara produktif.', '081240952146', NULL),
  (104, 15, '2026-06-02 06:58:08.621', 'approved', 'https://drive.google.com/file/d/cv_104/view', 'Sangat termotivasi untuk mengasah keahlian di bidang ini dan berkolaborasi secara produktif.', '081250762813', NULL),
  (105, 13, '2026-06-02 06:58:08.621', 'approved', 'https://drive.google.com/file/d/cv_105/view', 'Sangat termotivasi untuk mengasah keahlian di bidang ini dan berkolaborasi secara produktif.', '081232211852', NULL),
  (105, 50, '2026-06-02 06:58:08.621', 'approved', 'https://drive.google.com/file/d/cv_105/view', 'Sangat termotivasi untuk mengasah keahlian di bidang ini dan berkolaborasi secara produktif.', '081227761967', NULL),
  (106, 2, '2026-06-02 06:58:08.621', 'approved', 'https://drive.google.com/file/d/cv_106/view', 'Sangat termotivasi untuk mengasah keahlian di bidang ini dan berkolaborasi secara produktif.', '081288526805', NULL),
  (106, 22, '2026-06-02 06:58:08.621', 'approved', 'https://drive.google.com/file/d/cv_106/view', 'Sangat termotivasi untuk mengasah keahlian di bidang ini dan berkolaborasi secara produktif.', '081218922458', NULL),
  (107, 9, '2026-06-02 06:58:08.621', 'approved', 'https://drive.google.com/file/d/cv_107/view', 'Sangat termotivasi untuk mengasah keahlian di bidang ini dan berkolaborasi secara produktif.', '081239924501', NULL),
  (107, 17, '2026-06-02 06:58:08.621', 'approved', 'https://drive.google.com/file/d/cv_107/view', 'Sangat termotivasi untuk mengasah keahlian di bidang ini dan berkolaborasi secara produktif.', '081244698768', NULL),
  (108, 7, '2026-06-02 06:58:08.621', 'approved', 'https://drive.google.com/file/d/cv_108/view', 'Sangat termotivasi untuk mengasah keahlian di bidang ini dan berkolaborasi secara produktif.', '081277676395', NULL),
  (108, 51, '2026-06-02 06:58:08.621', 'approved', 'https://drive.google.com/file/d/cv_108/view', 'Sangat termotivasi untuk mengasah keahlian di bidang ini dan berkolaborasi secara produktif.', '081277866647', NULL),
  (109, 9, '2026-06-02 06:58:08.621', 'approved', 'https://drive.google.com/file/d/cv_109/view', 'Sangat termotivasi untuk mengasah keahlian di bidang ini dan berkolaborasi secara produktif.', '081271007796', NULL),
  (109, 47, '2026-06-02 06:58:08.621', 'approved', 'https://drive.google.com/file/d/cv_109/view', 'Sangat termotivasi untuk mengasah keahlian di bidang ini dan berkolaborasi secara produktif.', '081217806896', NULL),
  (110, 18, '2026-06-02 06:58:08.621', 'approved', 'https://drive.google.com/file/d/cv_110/view', 'Sangat termotivasi untuk mengasah keahlian di bidang ini dan berkolaborasi secara produktif.', '081294381889', NULL),
  (110, 19, '2026-06-02 06:58:08.621', 'approved', 'https://drive.google.com/file/d/cv_110/view', 'Sangat termotivasi untuk mengasah keahlian di bidang ini dan berkolaborasi secara produktif.', '081295317084', NULL),
  (111, 1, '2026-06-02 06:58:08.621', 'approved', 'https://drive.google.com/file/d/cv_111/view', 'Sangat termotivasi untuk mengasah keahlian di bidang ini dan berkolaborasi secara produktif.', '081295434659', NULL),
  (111, 16, '2026-06-02 06:58:08.621', 'approved', 'https://drive.google.com/file/d/cv_111/view', 'Sangat termotivasi untuk mengasah keahlian di bidang ini dan berkolaborasi secara produktif.', '081298355353', NULL),
  (112, 3, '2026-06-02 06:58:08.621', 'approved', 'https://drive.google.com/file/d/cv_112/view', 'Sangat termotivasi untuk mengasah keahlian di bidang ini dan berkolaborasi secara produktif.', '081289794655', NULL),
  (112, 48, '2026-06-02 06:58:08.621', 'approved', 'https://drive.google.com/file/d/cv_112/view', 'Sangat termotivasi untuk mengasah keahlian di bidang ini dan berkolaborasi secara produktif.', '081228678925', NULL),
  (113, 7, '2026-06-02 06:58:08.621', 'approved', 'https://drive.google.com/file/d/cv_113/view', 'Sangat termotivasi untuk mengasah keahlian di bidang ini dan berkolaborasi secara produktif.', '081280187108', NULL),
  (113, 18, '2026-06-02 06:58:08.621', 'approved', 'https://drive.google.com/file/d/cv_113/view', 'Sangat termotivasi untuk mengasah keahlian di bidang ini dan berkolaborasi secara produktif.', '081254682573', NULL),
  (114, 40, '2026-06-02 06:58:08.621', 'approved', 'https://drive.google.com/file/d/cv_114/view', 'Sangat termotivasi untuk mengasah keahlian di bidang ini dan berkolaborasi secara produktif.', '081267240660', NULL),
  (114, 46, '2026-06-02 06:58:08.621', 'approved', 'https://drive.google.com/file/d/cv_114/view', 'Sangat termotivasi untuk mengasah keahlian di bidang ini dan berkolaborasi secara produktif.', '081265664342', NULL),
  (115, 43, '2026-06-02 06:58:08.621', 'approved', 'https://drive.google.com/file/d/cv_115/view', 'Sangat termotivasi untuk mengasah keahlian di bidang ini dan berkolaborasi secara produktif.', '081298765162', NULL),
  (115, 46, '2026-06-02 06:58:08.621', 'approved', 'https://drive.google.com/file/d/cv_115/view', 'Sangat termotivasi untuk mengasah keahlian di bidang ini dan berkolaborasi secara produktif.', '081226696018', NULL),
  (116, 19, '2026-06-02 06:58:08.621', 'approved', 'https://drive.google.com/file/d/cv_116/view', 'Sangat termotivasi untuk mengasah keahlian di bidang ini dan berkolaborasi secara produktif.', '081261354189', NULL),
  (116, 48, '2026-06-02 06:58:08.621', 'approved', 'https://drive.google.com/file/d/cv_116/view', 'Sangat termotivasi untuk mengasah keahlian di bidang ini dan berkolaborasi secara produktif.', '081245413424', NULL),
  (117, 8, '2026-06-02 06:58:08.621', 'approved', 'https://drive.google.com/file/d/cv_117/view', 'Sangat termotivasi untuk mengasah keahlian di bidang ini dan berkolaborasi secara produktif.', '081241122213', NULL),
  (117, 48, '2026-06-02 06:58:08.621', 'approved', 'https://drive.google.com/file/d/cv_117/view', 'Sangat termotivasi untuk mengasah keahlian di bidang ini dan berkolaborasi secara produktif.', '081250522367', NULL),
  (118, 17, '2026-06-02 06:58:08.621', 'approved', 'https://drive.google.com/file/d/cv_118/view', 'Sangat termotivasi untuk mengasah keahlian di bidang ini dan berkolaborasi secara produktif.', '081266336927', NULL),
  (118, 23, '2026-06-02 06:58:08.621', 'approved', 'https://drive.google.com/file/d/cv_118/view', 'Sangat termotivasi untuk mengasah keahlian di bidang ini dan berkolaborasi secara produktif.', '081245747283', NULL),
  (119, 3, '2026-06-02 06:58:08.621', 'approved', 'https://drive.google.com/file/d/cv_119/view', 'Sangat termotivasi untuk mengasah keahlian di bidang ini dan berkolaborasi secara produktif.', '081238992378', NULL),
  (119, 48, '2026-06-02 06:58:08.621', 'approved', 'https://drive.google.com/file/d/cv_119/view', 'Sangat termotivasi untuk mengasah keahlian di bidang ini dan berkolaborasi secara produktif.', '081271638440', NULL),
  (120, 10, '2026-06-02 06:58:08.621', 'approved', 'https://drive.google.com/file/d/cv_120/view', 'Sangat termotivasi untuk mengasah keahlian di bidang ini dan berkolaborasi secara produktif.', '081229433230', NULL),
  (120, 20, '2026-06-02 06:58:08.621', 'approved', 'https://drive.google.com/file/d/cv_120/view', 'Sangat termotivasi untuk mengasah keahlian di bidang ini dan berkolaborasi secara produktif.', '081286279014', NULL),
  (121, 14, '2026-06-02 06:58:08.621', 'approved', 'https://drive.google.com/file/d/cv_121/view', 'Sangat termotivasi untuk mengasah keahlian di bidang ini dan berkolaborasi secara produktif.', '081238592100', NULL),
  (121, 16, '2026-06-02 06:58:08.621', 'approved', 'https://drive.google.com/file/d/cv_121/view', 'Sangat termotivasi untuk mengasah keahlian di bidang ini dan berkolaborasi secara produktif.', '081299674926', NULL),
  (122, 14, '2026-06-02 06:58:08.621', 'approved', 'https://drive.google.com/file/d/cv_122/view', 'Sangat termotivasi untuk mengasah keahlian di bidang ini dan berkolaborasi secara produktif.', '081239159633', NULL),
  (122, 48, '2026-06-02 06:58:08.621', 'approved', 'https://drive.google.com/file/d/cv_122/view', 'Sangat termotivasi untuk mengasah keahlian di bidang ini dan berkolaborasi secara produktif.', '081211620459', NULL),
  (123, 7, '2026-06-02 06:58:08.621', 'approved', 'https://drive.google.com/file/d/cv_123/view', 'Sangat termotivasi untuk mengasah keahlian di bidang ini dan berkolaborasi secara produktif.', '081279030964', NULL),
  (123, 18, '2026-06-02 06:58:08.621', 'approved', 'https://drive.google.com/file/d/cv_123/view', 'Sangat termotivasi untuk mengasah keahlian di bidang ini dan berkolaborasi secara produktif.', '081293909811', NULL),
  (124, 5, '2026-06-02 06:58:08.621', 'approved', 'https://drive.google.com/file/d/cv_124/view', 'Sangat termotivasi untuk mengasah keahlian di bidang ini dan berkolaborasi secara produktif.', '081272377015', NULL),
  (124, 23, '2026-06-02 06:58:08.621', 'approved', 'https://drive.google.com/file/d/cv_124/view', 'Sangat termotivasi untuk mengasah keahlian di bidang ini dan berkolaborasi secara produktif.', '081288607999', NULL),
  (125, 5, '2026-06-02 06:58:08.621', 'approved', 'https://drive.google.com/file/d/cv_125/view', 'Sangat termotivasi untuk mengasah keahlian di bidang ini dan berkolaborasi secara produktif.', '081272289264', NULL),
  (125, 11, '2026-06-02 06:58:08.621', 'approved', 'https://drive.google.com/file/d/cv_125/view', 'Sangat termotivasi untuk mengasah keahlian di bidang ini dan berkolaborasi secara produktif.', '081292830056', NULL),
  (126, 2, '2026-06-02 06:58:08.621', 'approved', 'https://drive.google.com/file/d/cv_126/view', 'Sangat termotivasi untuk mengasah keahlian di bidang ini dan berkolaborasi secara produktif.', '081283732714', NULL),
  (126, 46, '2026-06-02 06:58:08.621', 'approved', 'https://drive.google.com/file/d/cv_126/view', 'Sangat termotivasi untuk mengasah keahlian di bidang ini dan berkolaborasi secara produktif.', '081270741233', NULL),
  (127, 10, '2026-06-02 06:58:08.621', 'approved', 'https://drive.google.com/file/d/cv_127/view', 'Sangat termotivasi untuk mengasah keahlian di bidang ini dan berkolaborasi secara produktif.', '081267606912', NULL),
  (127, 50, '2026-06-02 06:58:08.621', 'approved', 'https://drive.google.com/file/d/cv_127/view', 'Sangat termotivasi untuk mengasah keahlian di bidang ini dan berkolaborasi secara produktif.', '081240786870', NULL),
  (241, 3, '2026-06-02 06:58:08.621', 'approved', 'https://drive.google.com/file/d/cv_241/view', 'Sangat termotivasi untuk mengasah keahlian di bidang ini dan berkolaborasi secara produktif.', '081278247690', NULL),
  (241, 6, '2026-06-02 06:58:08.621', 'approved', 'https://drive.google.com/file/d/cv_241/view', 'Sangat termotivasi untuk mengasah keahlian di bidang ini dan berkolaborasi secara produktif.', '081211844135', NULL),
  (242, 8, '2026-06-02 06:58:08.621', 'approved', 'https://drive.google.com/file/d/cv_242/view', 'Sangat termotivasi untuk mengasah keahlian di bidang ini dan berkolaborasi secara produktif.', '081255917905', NULL),
  (242, 22, '2026-06-02 06:58:08.621', 'approved', 'https://drive.google.com/file/d/cv_242/view', 'Sangat termotivasi untuk mengasah keahlian di bidang ini dan berkolaborasi secara produktif.', '081211494254', NULL),
  (243, 5, '2026-06-02 06:58:08.621', 'approved', 'https://drive.google.com/file/d/cv_243/view', 'Sangat termotivasi untuk mengasah keahlian di bidang ini dan berkolaborasi secara produktif.', '081278838894', NULL),
  (243, 49, '2026-06-02 06:58:08.621', 'approved', 'https://drive.google.com/file/d/cv_243/view', 'Sangat termotivasi untuk mengasah keahlian di bidang ini dan berkolaborasi secara produktif.', '081226170772', NULL),
  (244, 2, '2026-06-02 06:58:08.621', 'approved', 'https://drive.google.com/file/d/cv_244/view', 'Sangat termotivasi untuk mengasah keahlian di bidang ini dan berkolaborasi secara produktif.', '081239051545', NULL),
  (244, 25, '2026-06-02 06:58:08.621', 'approved', 'https://drive.google.com/file/d/cv_244/view', 'Sangat termotivasi untuk mengasah keahlian di bidang ini dan berkolaborasi secara produktif.', '081299204209', NULL),
  (245, 10, '2026-06-02 06:58:08.621', 'approved', 'https://drive.google.com/file/d/cv_245/view', 'Sangat termotivasi untuk mengasah keahlian di bidang ini dan berkolaborasi secara produktif.', '081241899050', NULL),
  (245, 19, '2026-06-02 06:58:08.621', 'approved', 'https://drive.google.com/file/d/cv_245/view', 'Sangat termotivasi untuk mengasah keahlian di bidang ini dan berkolaborasi secara produktif.', '081266925191', NULL),
  (246, 1, '2026-06-02 06:58:08.621', 'approved', 'https://drive.google.com/file/d/cv_246/view', 'Sangat termotivasi untuk mengasah keahlian di bidang ini dan berkolaborasi secara produktif.', '081214817700', NULL),
  (246, 18, '2026-06-02 06:58:08.621', 'approved', 'https://drive.google.com/file/d/cv_246/view', 'Sangat termotivasi untuk mengasah keahlian di bidang ini dan berkolaborasi secara produktif.', '081281690046', NULL),
  (247, 2, '2026-06-02 06:58:08.621', 'approved', 'https://drive.google.com/file/d/cv_247/view', 'Sangat termotivasi untuk mengasah keahlian di bidang ini dan berkolaborasi secara produktif.', '081273199931', NULL),
  (247, 6, '2026-06-02 06:58:08.621', 'approved', 'https://drive.google.com/file/d/cv_247/view', 'Sangat termotivasi untuk mengasah keahlian di bidang ini dan berkolaborasi secara produktif.', '081293645558', NULL),
  (248, 2, '2026-06-02 06:58:08.621', 'approved', 'https://drive.google.com/file/d/cv_248/view', 'Sangat termotivasi untuk mengasah keahlian di bidang ini dan berkolaborasi secara produktif.', '081222834221', NULL),
  (248, 45, '2026-06-02 06:58:08.621', 'approved', 'https://drive.google.com/file/d/cv_248/view', 'Sangat termotivasi untuk mengasah keahlian di bidang ini dan berkolaborasi secara produktif.', '081298293224', NULL),
  (249, 7, '2026-06-02 06:58:08.621', 'approved', 'https://drive.google.com/file/d/cv_249/view', 'Sangat termotivasi untuk mengasah keahlian di bidang ini dan berkolaborasi secara produktif.', '081227395490', NULL),
  (249, 48, '2026-06-02 06:58:08.621', 'approved', 'https://drive.google.com/file/d/cv_249/view', 'Sangat termotivasi untuk mengasah keahlian di bidang ini dan berkolaborasi secara produktif.', '081215052020', NULL),
  (250, 15, '2026-06-02 06:58:08.621', 'approved', 'https://drive.google.com/file/d/cv_250/view', 'Sangat termotivasi untuk mengasah keahlian di bidang ini dan berkolaborasi secara produktif.', '081287273895', NULL),
  (250, 16, '2026-06-02 06:58:08.621', 'approved', 'https://drive.google.com/file/d/cv_250/view', 'Sangat termotivasi untuk mengasah keahlian di bidang ini dan berkolaborasi secara produktif.', '081261339572', NULL),
  (251, 16, '2026-06-02 06:58:08.621', 'approved', 'https://drive.google.com/file/d/cv_251/view', 'Sangat termotivasi untuk mengasah keahlian di bidang ini dan berkolaborasi secara produktif.', '081243023599', NULL),
  (251, 23, '2026-06-02 06:58:08.621', 'approved', 'https://drive.google.com/file/d/cv_251/view', 'Sangat termotivasi untuk mengasah keahlian di bidang ini dan berkolaborasi secara produktif.', '081272475136', NULL),
  (252, 25, '2026-06-02 06:58:08.621', 'approved', 'https://drive.google.com/file/d/cv_252/view', 'Sangat termotivasi untuk mengasah keahlian di bidang ini dan berkolaborasi secara produktif.', '081286962315', NULL),
  (252, 50, '2026-06-02 06:58:08.621', 'approved', 'https://drive.google.com/file/d/cv_252/view', 'Sangat termotivasi untuk mengasah keahlian di bidang ini dan berkolaborasi secara produktif.', '081228931864', NULL),
  (253, 7, '2026-06-02 06:58:08.621', 'approved', 'https://drive.google.com/file/d/cv_253/view', 'Sangat termotivasi untuk mengasah keahlian di bidang ini dan berkolaborasi secara produktif.', '081247619889', NULL),
  (253, 15, '2026-06-02 06:58:08.621', 'approved', 'https://drive.google.com/file/d/cv_253/view', 'Sangat termotivasi untuk mengasah keahlian di bidang ini dan berkolaborasi secara produktif.', '081277287498', NULL),
  (254, 44, '2026-06-02 06:58:08.621', 'approved', 'https://drive.google.com/file/d/cv_254/view', 'Sangat termotivasi untuk mengasah keahlian di bidang ini dan berkolaborasi secara produktif.', '081221285059', NULL),
  (254, 45, '2026-06-02 06:58:08.621', 'approved', 'https://drive.google.com/file/d/cv_254/view', 'Sangat termotivasi untuk mengasah keahlian di bidang ini dan berkolaborasi secara produktif.', '081287402239', NULL),
  (255, 5, '2026-06-02 06:58:08.621', 'approved', 'https://drive.google.com/file/d/cv_255/view', 'Sangat termotivasi untuk mengasah keahlian di bidang ini dan berkolaborasi secara produktif.', '081237370359', NULL),
  (255, 19, '2026-06-02 06:58:08.621', 'approved', 'https://drive.google.com/file/d/cv_255/view', 'Sangat termotivasi untuk mengasah keahlian di bidang ini dan berkolaborasi secara produktif.', '081220375656', NULL),
  (256, 19, '2026-06-02 06:58:08.621', 'approved', 'https://drive.google.com/file/d/cv_256/view', 'Sangat termotivasi untuk mengasah keahlian di bidang ini dan berkolaborasi secara produktif.', '081285579992', NULL),
  (256, 47, '2026-06-02 06:58:08.621', 'approved', 'https://drive.google.com/file/d/cv_256/view', 'Sangat termotivasi untuk mengasah keahlian di bidang ini dan berkolaborasi secara produktif.', '081287517285', NULL),
  (257, 10, '2026-06-02 06:58:08.621', 'approved', 'https://drive.google.com/file/d/cv_257/view', 'Sangat termotivasi untuk mengasah keahlian di bidang ini dan berkolaborasi secara produktif.', '081297756415', NULL),
  (257, 43, '2026-06-02 06:58:08.621', 'approved', 'https://drive.google.com/file/d/cv_257/view', 'Sangat termotivasi untuk mengasah keahlian di bidang ini dan berkolaborasi secara produktif.', '081293301176', NULL),
  (258, 4, '2026-06-02 06:58:08.621', 'approved', 'https://drive.google.com/file/d/cv_258/view', 'Sangat termotivasi untuk mengasah keahlian di bidang ini dan berkolaborasi secara produktif.', '081233368905', NULL),
  (258, 5, '2026-06-02 06:58:08.621', 'approved', 'https://drive.google.com/file/d/cv_258/view', 'Sangat termotivasi untuk mengasah keahlian di bidang ini dan berkolaborasi secara produktif.', '081271729777', NULL),
  (259, 10, '2026-06-02 06:58:08.621', 'approved', 'https://drive.google.com/file/d/cv_259/view', 'Sangat termotivasi untuk mengasah keahlian di bidang ini dan berkolaborasi secara produktif.', '081215191127', NULL),
  (259, 41, '2026-06-02 06:58:08.621', 'approved', 'https://drive.google.com/file/d/cv_259/view', 'Sangat termotivasi untuk mengasah keahlian di bidang ini dan berkolaborasi secara produktif.', '081234177180', NULL),
  (260, 11, '2026-06-02 06:58:08.621', 'approved', 'https://drive.google.com/file/d/cv_260/view', 'Sangat termotivasi untuk mengasah keahlian di bidang ini dan berkolaborasi secara produktif.', '081270206474', NULL),
  (260, 44, '2026-06-02 06:58:08.621', 'approved', 'https://drive.google.com/file/d/cv_260/view', 'Sangat termotivasi untuk mengasah keahlian di bidang ini dan berkolaborasi secara produktif.', '081259523821', NULL),
  (261, 3, '2026-06-02 06:58:08.621', 'approved', 'https://drive.google.com/file/d/cv_261/view', 'Sangat termotivasi untuk mengasah keahlian di bidang ini dan berkolaborasi secara produktif.', '081227047889', NULL),
  (261, 13, '2026-06-02 06:58:08.621', 'approved', 'https://drive.google.com/file/d/cv_261/view', 'Sangat termotivasi untuk mengasah keahlian di bidang ini dan berkolaborasi secara produktif.', '081298862349', NULL),
  (262, 10, '2026-06-02 06:58:08.621', 'approved', 'https://drive.google.com/file/d/cv_262/view', 'Sangat termotivasi untuk mengasah keahlian di bidang ini dan berkolaborasi secara produktif.', '081215389438', NULL),
  (262, 49, '2026-06-02 06:58:08.621', 'approved', 'https://drive.google.com/file/d/cv_262/view', 'Sangat termotivasi untuk mengasah keahlian di bidang ini dan berkolaborasi secara produktif.', '081287309858', NULL),
  (263, 20, '2026-06-02 06:58:08.621', 'approved', 'https://drive.google.com/file/d/cv_263/view', 'Sangat termotivasi untuk mengasah keahlian di bidang ini dan berkolaborasi secara produktif.', '081277263616', NULL),
  (263, 21, '2026-06-02 06:58:08.621', 'approved', 'https://drive.google.com/file/d/cv_263/view', 'Sangat termotivasi untuk mengasah keahlian di bidang ini dan berkolaborasi secara produktif.', '081229142282', NULL),
  (264, 5, '2026-06-02 06:58:08.621', 'approved', 'https://drive.google.com/file/d/cv_264/view', 'Sangat termotivasi untuk mengasah keahlian di bidang ini dan berkolaborasi secara produktif.', '081243591355', NULL),
  (264, 22, '2026-06-02 06:58:08.621', 'approved', 'https://drive.google.com/file/d/cv_264/view', 'Sangat termotivasi untuk mengasah keahlian di bidang ini dan berkolaborasi secara produktif.', '081240581703', NULL),
  (265, 11, '2026-06-02 06:58:08.621', 'approved', 'https://drive.google.com/file/d/cv_265/view', 'Sangat termotivasi untuk mengasah keahlian di bidang ini dan berkolaborasi secara produktif.', '081271060158', NULL),
  (265, 19, '2026-06-02 06:58:08.621', 'approved', 'https://drive.google.com/file/d/cv_265/view', 'Sangat termotivasi untuk mengasah keahlian di bidang ini dan berkolaborasi secara produktif.', '081250053992', NULL),
  (266, 1, '2026-06-02 06:58:08.621', 'approved', 'https://drive.google.com/file/d/cv_266/view', 'Sangat termotivasi untuk mengasah keahlian di bidang ini dan berkolaborasi secara produktif.', '081292472019', NULL),
  (266, 51, '2026-06-02 06:58:08.621', 'approved', 'https://drive.google.com/file/d/cv_266/view', 'Sangat termotivasi untuk mengasah keahlian di bidang ini dan berkolaborasi secara produktif.', '081279285960', NULL),
  (267, 8, '2026-06-02 06:58:08.621', 'approved', 'https://drive.google.com/file/d/cv_267/view', 'Sangat termotivasi untuk mengasah keahlian di bidang ini dan berkolaborasi secara produktif.', '081252738374', NULL),
  (267, 39, '2026-06-02 06:58:08.621', 'approved', 'https://drive.google.com/file/d/cv_267/view', 'Sangat termotivasi untuk mengasah keahlian di bidang ini dan berkolaborasi secara produktif.', '081284025391', NULL),
  (268, 14, '2026-06-02 06:58:08.621', 'approved', 'https://drive.google.com/file/d/cv_268/view', 'Sangat termotivasi untuk mengasah keahlian di bidang ini dan berkolaborasi secara produktif.', '081270346225', NULL),
  (268, 47, '2026-06-02 06:58:08.621', 'approved', 'https://drive.google.com/file/d/cv_268/view', 'Sangat termotivasi untuk mengasah keahlian di bidang ini dan berkolaborasi secara produktif.', '081290750493', NULL),
  (269, 7, '2026-06-02 06:58:08.621', 'approved', 'https://drive.google.com/file/d/cv_269/view', 'Sangat termotivasi untuk mengasah keahlian di bidang ini dan berkolaborasi secara produktif.', '081293509729', NULL),
  (269, 13, '2026-06-02 06:58:08.621', 'approved', 'https://drive.google.com/file/d/cv_269/view', 'Sangat termotivasi untuk mengasah keahlian di bidang ini dan berkolaborasi secara produktif.', '081230148987', NULL),
  (270, 42, '2026-06-02 06:58:08.621', 'approved', 'https://drive.google.com/file/d/cv_270/view', 'Sangat termotivasi untuk mengasah keahlian di bidang ini dan berkolaborasi secara produktif.', '081273877869', NULL),
  (270, 49, '2026-06-02 06:58:08.621', 'approved', 'https://drive.google.com/file/d/cv_270/view', 'Sangat termotivasi untuk mengasah keahlian di bidang ini dan berkolaborasi secara produktif.', '081252513598', NULL),
  (271, 1, '2026-06-02 06:58:08.621', 'approved', 'https://drive.google.com/file/d/cv_271/view', 'Sangat termotivasi untuk mengasah keahlian di bidang ini dan berkolaborasi secara produktif.', '081283855335', NULL),
  (271, 19, '2026-06-02 06:58:08.621', 'approved', 'https://drive.google.com/file/d/cv_271/view', 'Sangat termotivasi untuk mengasah keahlian di bidang ini dan berkolaborasi secara produktif.', '081290195847', NULL),
  (272, 1, '2026-06-02 06:58:08.621', 'approved', 'https://drive.google.com/file/d/cv_272/view', 'Sangat termotivasi untuk mengasah keahlian di bidang ini dan berkolaborasi secara produktif.', '081250976422', NULL),
  (272, 12, '2026-06-02 06:58:08.621', 'approved', 'https://drive.google.com/file/d/cv_272/view', 'Sangat termotivasi untuk mengasah keahlian di bidang ini dan berkolaborasi secara produktif.', '081289161374', NULL),
  (273, 40, '2026-06-02 06:58:08.621', 'approved', 'https://drive.google.com/file/d/cv_273/view', 'Sangat termotivasi untuk mengasah keahlian di bidang ini dan berkolaborasi secara produktif.', '081266756644', NULL),
  (273, 47, '2026-06-02 06:58:08.621', 'approved', 'https://drive.google.com/file/d/cv_273/view', 'Sangat termotivasi untuk mengasah keahlian di bidang ini dan berkolaborasi secara produktif.', '081271934804', NULL),
  (274, 11, '2026-06-02 06:58:08.621', 'approved', 'https://drive.google.com/file/d/cv_274/view', 'Sangat termotivasi untuk mengasah keahlian di bidang ini dan berkolaborasi secara produktif.', '081212020262', NULL),
  (274, 16, '2026-06-02 06:58:08.621', 'approved', 'https://drive.google.com/file/d/cv_274/view', 'Sangat termotivasi untuk mengasah keahlian di bidang ini dan berkolaborasi secara produktif.', '081221930821', NULL),
  (275, 43, '2026-06-02 06:58:08.621', 'approved', 'https://drive.google.com/file/d/cv_275/view', 'Sangat termotivasi untuk mengasah keahlian di bidang ini dan berkolaborasi secara produktif.', '081222418228', NULL),
  (275, 45, '2026-06-02 06:58:08.621', 'approved', 'https://drive.google.com/file/d/cv_275/view', 'Sangat termotivasi untuk mengasah keahlian di bidang ini dan berkolaborasi secara produktif.', '081265813788', NULL),
  (276, 14, '2026-06-02 06:58:08.621', 'approved', 'https://drive.google.com/file/d/cv_276/view', 'Sangat termotivasi untuk mengasah keahlian di bidang ini dan berkolaborasi secara produktif.', '081271516501', NULL),
  (276, 25, '2026-06-02 06:58:08.621', 'approved', 'https://drive.google.com/file/d/cv_276/view', 'Sangat termotivasi untuk mengasah keahlian di bidang ini dan berkolaborasi secara produktif.', '081241666043', NULL),
  (277, 5, '2026-06-02 06:58:08.621', 'approved', 'https://drive.google.com/file/d/cv_277/view', 'Sangat termotivasi untuk mengasah keahlian di bidang ini dan berkolaborasi secara produktif.', '081284991508', NULL),
  (277, 11, '2026-06-02 06:58:08.621', 'approved', 'https://drive.google.com/file/d/cv_277/view', 'Sangat termotivasi untuk mengasah keahlian di bidang ini dan berkolaborasi secara produktif.', '081281976809', NULL),
  (278, 13, '2026-06-02 06:58:08.621', 'approved', 'https://drive.google.com/file/d/cv_278/view', 'Sangat termotivasi untuk mengasah keahlian di bidang ini dan berkolaborasi secara produktif.', '081225400671', NULL),
  (278, 21, '2026-06-02 06:58:08.621', 'approved', 'https://drive.google.com/file/d/cv_278/view', 'Sangat termotivasi untuk mengasah keahlian di bidang ini dan berkolaborasi secara produktif.', '081295613732', NULL),
  (279, 18, '2026-06-02 06:58:08.621', 'approved', 'https://drive.google.com/file/d/cv_279/view', 'Sangat termotivasi untuk mengasah keahlian di bidang ini dan berkolaborasi secara produktif.', '081254701213', NULL),
  (279, 51, '2026-06-02 06:58:08.621', 'approved', 'https://drive.google.com/file/d/cv_279/view', 'Sangat termotivasi untuk mengasah keahlian di bidang ini dan berkolaborasi secara produktif.', '081299921818', NULL),
  (280, 15, '2026-06-02 06:58:08.621', 'approved', 'https://drive.google.com/file/d/cv_280/view', 'Sangat termotivasi untuk mengasah keahlian di bidang ini dan berkolaborasi secara produktif.', '081267363473', NULL),
  (280, 49, '2026-06-02 06:58:08.621', 'approved', 'https://drive.google.com/file/d/cv_280/view', 'Sangat termotivasi untuk mengasah keahlian di bidang ini dan berkolaborasi secara produktif.', '081255860956', NULL),
  (281, 4, '2026-06-02 06:58:08.621', 'approved', 'https://drive.google.com/file/d/cv_281/view', 'Sangat termotivasi untuk mengasah keahlian di bidang ini dan berkolaborasi secara produktif.', '081273437944', NULL),
  (281, 10, '2026-06-02 06:58:08.621', 'approved', 'https://drive.google.com/file/d/cv_281/view', 'Sangat termotivasi untuk mengasah keahlian di bidang ini dan berkolaborasi secara produktif.', '081272568744', NULL),
  (282, 1, '2026-06-02 06:58:08.621', 'approved', 'https://drive.google.com/file/d/cv_282/view', 'Sangat termotivasi untuk mengasah keahlian di bidang ini dan berkolaborasi secara produktif.', '081252295952', NULL),
  (282, 40, '2026-06-02 06:58:08.621', 'approved', 'https://drive.google.com/file/d/cv_282/view', 'Sangat termotivasi untuk mengasah keahlian di bidang ini dan berkolaborasi secara produktif.', '081263393595', NULL),
  (283, 21, '2026-06-02 06:58:08.621', 'approved', 'https://drive.google.com/file/d/cv_283/view', 'Sangat termotivasi untuk mengasah keahlian di bidang ini dan berkolaborasi secara produktif.', '081296598855', NULL),
  (283, 39, '2026-06-02 06:58:08.621', 'approved', 'https://drive.google.com/file/d/cv_283/view', 'Sangat termotivasi untuk mengasah keahlian di bidang ini dan berkolaborasi secara produktif.', '081266597935', NULL),
  (284, 7, '2026-06-02 06:58:08.621', 'approved', 'https://drive.google.com/file/d/cv_284/view', 'Sangat termotivasi untuk mengasah keahlian di bidang ini dan berkolaborasi secara produktif.', '081255731135', NULL),
  (284, 12, '2026-06-02 06:58:08.621', 'approved', 'https://drive.google.com/file/d/cv_284/view', 'Sangat termotivasi untuk mengasah keahlian di bidang ini dan berkolaborasi secara produktif.', '081234196280', NULL),
  (285, 13, '2026-06-02 06:58:08.621', 'approved', 'https://drive.google.com/file/d/cv_285/view', 'Sangat termotivasi untuk mengasah keahlian di bidang ini dan berkolaborasi secara produktif.', '081210418814', NULL),
  (285, 21, '2026-06-02 06:58:08.621', 'approved', 'https://drive.google.com/file/d/cv_285/view', 'Sangat termotivasi untuk mengasah keahlian di bidang ini dan berkolaborasi secara produktif.', '081283697698', NULL),
  (286, 43, '2026-06-02 06:58:08.621', 'approved', 'https://drive.google.com/file/d/cv_286/view', 'Sangat termotivasi untuk mengasah keahlian di bidang ini dan berkolaborasi secara produktif.', '081296741374', NULL),
  (286, 49, '2026-06-02 06:58:08.621', 'approved', 'https://drive.google.com/file/d/cv_286/view', 'Sangat termotivasi untuk mengasah keahlian di bidang ini dan berkolaborasi secara produktif.', '081210337874', NULL),
  (287, 4, '2026-06-02 06:58:08.621', 'approved', 'https://drive.google.com/file/d/cv_287/view', 'Sangat termotivasi untuk mengasah keahlian di bidang ini dan berkolaborasi secara produktif.', '081277438842', NULL),
  (287, 11, '2026-06-02 06:58:08.621', 'approved', 'https://drive.google.com/file/d/cv_287/view', 'Sangat termotivasi untuk mengasah keahlian di bidang ini dan berkolaborasi secara produktif.', '081282219845', NULL),
  (288, 4, '2026-06-02 06:58:08.621', 'approved', 'https://drive.google.com/file/d/cv_288/view', 'Sangat termotivasi untuk mengasah keahlian di bidang ini dan berkolaborasi secara produktif.', '081292754810', NULL),
  (288, 47, '2026-06-02 06:58:08.621', 'approved', 'https://drive.google.com/file/d/cv_288/view', 'Sangat termotivasi untuk mengasah keahlian di bidang ini dan berkolaborasi secara produktif.', '081269045839', NULL),
  (289, 9, '2026-06-02 06:58:08.621', 'approved', 'https://drive.google.com/file/d/cv_289/view', 'Sangat termotivasi untuk mengasah keahlian di bidang ini dan berkolaborasi secara produktif.', '081294013666', NULL),
  (289, 41, '2026-06-02 06:58:08.621', 'approved', 'https://drive.google.com/file/d/cv_289/view', 'Sangat termotivasi untuk mengasah keahlian di bidang ini dan berkolaborasi secara produktif.', '081295397299', NULL),
  (290, 40, '2026-06-02 06:58:08.621', 'approved', 'https://drive.google.com/file/d/cv_290/view', 'Sangat termotivasi untuk mengasah keahlian di bidang ini dan berkolaborasi secara produktif.', '081242192227', NULL),
  (290, 42, '2026-06-02 06:58:08.621', 'approved', 'https://drive.google.com/file/d/cv_290/view', 'Sangat termotivasi untuk mengasah keahlian di bidang ini dan berkolaborasi secara produktif.', '081271339842', NULL),
  (291, 6, '2026-06-02 06:58:08.621', 'approved', 'https://drive.google.com/file/d/cv_291/view', 'Sangat termotivasi untuk mengasah keahlian di bidang ini dan berkolaborasi secara produktif.', '081280834176', NULL),
  (291, 18, '2026-06-02 06:58:08.621', 'approved', 'https://drive.google.com/file/d/cv_291/view', 'Sangat termotivasi untuk mengasah keahlian di bidang ini dan berkolaborasi secara produktif.', '081278842931', NULL),
  (292, 1, '2026-06-02 06:58:08.621', 'approved', 'https://drive.google.com/file/d/cv_292/view', 'Sangat termotivasi untuk mengasah keahlian di bidang ini dan berkolaborasi secara produktif.', '081265641941', NULL),
  (292, 12, '2026-06-02 06:58:08.621', 'approved', 'https://drive.google.com/file/d/cv_292/view', 'Sangat termotivasi untuk mengasah keahlian di bidang ini dan berkolaborasi secara produktif.', '081233501168', NULL),
  (293, 9, '2026-06-02 06:58:08.621', 'approved', 'https://drive.google.com/file/d/cv_293/view', 'Sangat termotivasi untuk mengasah keahlian di bidang ini dan berkolaborasi secara produktif.', '081279178734', NULL),
  (293, 24, '2026-06-02 06:58:08.621', 'approved', 'https://drive.google.com/file/d/cv_293/view', 'Sangat termotivasi untuk mengasah keahlian di bidang ini dan berkolaborasi secara produktif.', '081215918311', NULL),
  (294, 4, '2026-06-02 06:58:08.621', 'approved', 'https://drive.google.com/file/d/cv_294/view', 'Sangat termotivasi untuk mengasah keahlian di bidang ini dan berkolaborasi secara produktif.', '081251371736', NULL),
  (294, 39, '2026-06-02 06:58:08.621', 'approved', 'https://drive.google.com/file/d/cv_294/view', 'Sangat termotivasi untuk mengasah keahlian di bidang ini dan berkolaborasi secara produktif.', '081287580281', NULL),
  (295, 8, '2026-06-02 06:58:08.621', 'approved', 'https://drive.google.com/file/d/cv_295/view', 'Sangat termotivasi untuk mengasah keahlian di bidang ini dan berkolaborasi secara produktif.', '081223524842', NULL),
  (295, 49, '2026-06-02 06:58:08.621', 'approved', 'https://drive.google.com/file/d/cv_295/view', 'Sangat termotivasi untuk mengasah keahlian di bidang ini dan berkolaborasi secara produktif.', '081276994497', NULL),
  (296, 5, '2026-06-02 06:58:08.621', 'approved', 'https://drive.google.com/file/d/cv_296/view', 'Sangat termotivasi untuk mengasah keahlian di bidang ini dan berkolaborasi secara produktif.', '081229962366', NULL),
  (296, 41, '2026-06-02 06:58:08.621', 'approved', 'https://drive.google.com/file/d/cv_296/view', 'Sangat termotivasi untuk mengasah keahlian di bidang ini dan berkolaborasi secara produktif.', '081257013459', NULL),
  (297, 48, '2026-06-02 06:58:08.621', 'approved', 'https://drive.google.com/file/d/cv_297/view', 'Sangat termotivasi untuk mengasah keahlian di bidang ini dan berkolaborasi secara produktif.', '081291587307', NULL),
  (297, 50, '2026-06-02 06:58:08.621', 'approved', 'https://drive.google.com/file/d/cv_297/view', 'Sangat termotivasi untuk mengasah keahlian di bidang ini dan berkolaborasi secara produktif.', '081247498579', NULL),
  (298, 7, '2026-06-02 06:58:08.621', 'approved', 'https://drive.google.com/file/d/cv_298/view', 'Sangat termotivasi untuk mengasah keahlian di bidang ini dan berkolaborasi secara produktif.', '081268345323', NULL),
  (298, 51, '2026-06-02 06:58:08.621', 'approved', 'https://drive.google.com/file/d/cv_298/view', 'Sangat termotivasi untuk mengasah keahlian di bidang ini dan berkolaborasi secara produktif.', '081286526541', NULL),
  (299, 7, '2026-06-02 06:58:08.621', 'approved', 'https://drive.google.com/file/d/cv_299/view', 'Sangat termotivasi untuk mengasah keahlian di bidang ini dan berkolaborasi secara produktif.', '081238894705', NULL),
  (299, 47, '2026-06-02 06:58:08.621', 'approved', 'https://drive.google.com/file/d/cv_299/view', 'Sangat termotivasi untuk mengasah keahlian di bidang ini dan berkolaborasi secara produktif.', '081224930080', NULL),
  (300, 6, '2026-06-02 06:58:08.621', 'approved', 'https://drive.google.com/file/d/cv_300/view', 'Sangat termotivasi untuk mengasah keahlian di bidang ini dan berkolaborasi secara produktif.', '081277944970', NULL),
  (300, 50, '2026-06-02 06:58:08.621', 'approved', 'https://drive.google.com/file/d/cv_300/view', 'Sangat termotivasi untuk mengasah keahlian di bidang ini dan berkolaborasi secara produktif.', '081246981876', NULL),
  (301, 12, '2026-06-02 06:58:08.621', 'approved', 'https://drive.google.com/file/d/cv_301/view', 'Sangat termotivasi untuk mengasah keahlian di bidang ini dan berkolaborasi secara produktif.', '081254910673', NULL),
  (301, 22, '2026-06-02 06:58:08.621', 'approved', 'https://drive.google.com/file/d/cv_301/view', 'Sangat termotivasi untuk mengasah keahlian di bidang ini dan berkolaborasi secara produktif.', '081246208168', NULL),
  (302, 17, '2026-06-02 06:58:08.621', 'approved', 'https://drive.google.com/file/d/cv_302/view', 'Sangat termotivasi untuk mengasah keahlian di bidang ini dan berkolaborasi secara produktif.', '081214379452', NULL),
  (302, 18, '2026-06-02 06:58:08.621', 'approved', 'https://drive.google.com/file/d/cv_302/view', 'Sangat termotivasi untuk mengasah keahlian di bidang ini dan berkolaborasi secara produktif.', '081228577291', NULL),
  (303, 1, '2026-06-02 06:58:08.621', 'approved', 'https://drive.google.com/file/d/cv_303/view', 'Sangat termotivasi untuk mengasah keahlian di bidang ini dan berkolaborasi secara produktif.', '081236360622', NULL),
  (303, 11, '2026-06-02 06:58:08.621', 'approved', 'https://drive.google.com/file/d/cv_303/view', 'Sangat termotivasi untuk mengasah keahlian di bidang ini dan berkolaborasi secara produktif.', '081250750471', NULL),
  (304, 8, '2026-06-02 06:58:08.621', 'approved', 'https://drive.google.com/file/d/cv_304/view', 'Sangat termotivasi untuk mengasah keahlian di bidang ini dan berkolaborasi secara produktif.', '081261543327', NULL),
  (304, 14, '2026-06-02 06:58:08.621', 'approved', 'https://drive.google.com/file/d/cv_304/view', 'Sangat termotivasi untuk mengasah keahlian di bidang ini dan berkolaborasi secara produktif.', '081296220315', NULL),
  (305, 6, '2026-06-02 06:58:08.621', 'approved', 'https://drive.google.com/file/d/cv_305/view', 'Sangat termotivasi untuk mengasah keahlian di bidang ini dan berkolaborasi secara produktif.', '081243757163', NULL),
  (305, 19, '2026-06-02 06:58:08.621', 'approved', 'https://drive.google.com/file/d/cv_305/view', 'Sangat termotivasi untuk mengasah keahlian di bidang ini dan berkolaborasi secara produktif.', '081234766764', NULL),
  (306, 9, '2026-06-02 06:58:08.621', 'approved', 'https://drive.google.com/file/d/cv_306/view', 'Sangat termotivasi untuk mengasah keahlian di bidang ini dan berkolaborasi secara produktif.', '081216015473', NULL),
  (306, 21, '2026-06-02 06:58:08.621', 'approved', 'https://drive.google.com/file/d/cv_306/view', 'Sangat termotivasi untuk mengasah keahlian di bidang ini dan berkolaborasi secara produktif.', '081295185865', NULL),
  (307, 8, '2026-06-02 06:58:08.621', 'approved', 'https://drive.google.com/file/d/cv_307/view', 'Sangat termotivasi untuk mengasah keahlian di bidang ini dan berkolaborasi secara produktif.', '081265222895', NULL),
  (307, 39, '2026-06-02 06:58:08.621', 'approved', 'https://drive.google.com/file/d/cv_307/view', 'Sangat termotivasi untuk mengasah keahlian di bidang ini dan berkolaborasi secara produktif.', '081231581396', NULL),
  (308, 2, '2026-06-02 06:58:08.621', 'approved', 'https://drive.google.com/file/d/cv_308/view', 'Sangat termotivasi untuk mengasah keahlian di bidang ini dan berkolaborasi secara produktif.', '081241302118', NULL),
  (308, 24, '2026-06-02 06:58:08.621', 'approved', 'https://drive.google.com/file/d/cv_308/view', 'Sangat termotivasi untuk mengasah keahlian di bidang ini dan berkolaborasi secara produktif.', '081291047163', NULL),
  (309, 23, '2026-06-02 06:58:08.621', 'approved', 'https://drive.google.com/file/d/cv_309/view', 'Sangat termotivasi untuk mengasah keahlian di bidang ini dan berkolaborasi secara produktif.', '081286979916', NULL),
  (309, 40, '2026-06-02 06:58:08.621', 'approved', 'https://drive.google.com/file/d/cv_309/view', 'Sangat termotivasi untuk mengasah keahlian di bidang ini dan berkolaborasi secara produktif.', '081244348331', NULL),
  (310, 5, '2026-06-02 06:58:08.621', 'approved', 'https://drive.google.com/file/d/cv_310/view', 'Sangat termotivasi untuk mengasah keahlian di bidang ini dan berkolaborasi secara produktif.', '081223459074', NULL),
  (310, 39, '2026-06-02 06:58:08.621', 'approved', 'https://drive.google.com/file/d/cv_310/view', 'Sangat termotivasi untuk mengasah keahlian di bidang ini dan berkolaborasi secara produktif.', '081241472274', NULL),
  (311, 4, '2026-06-02 06:58:08.621', 'approved', 'https://drive.google.com/file/d/cv_311/view', 'Sangat termotivasi untuk mengasah keahlian di bidang ini dan berkolaborasi secara produktif.', '081264618823', NULL),
  (311, 21, '2026-06-02 06:58:08.621', 'approved', 'https://drive.google.com/file/d/cv_311/view', 'Sangat termotivasi untuk mengasah keahlian di bidang ini dan berkolaborasi secara produktif.', '081290863107', NULL),
  (312, 2, '2026-06-02 06:58:08.621', 'approved', 'https://drive.google.com/file/d/cv_312/view', 'Sangat termotivasi untuk mengasah keahlian di bidang ini dan berkolaborasi secara produktif.', '081273338913', NULL),
  (312, 46, '2026-06-02 06:58:08.621', 'approved', 'https://drive.google.com/file/d/cv_312/view', 'Sangat termotivasi untuk mengasah keahlian di bidang ini dan berkolaborasi secara produktif.', '081249803648', NULL),
  (313, 4, '2026-06-02 06:58:08.621', 'approved', 'https://drive.google.com/file/d/cv_313/view', 'Sangat termotivasi untuk mengasah keahlian di bidang ini dan berkolaborasi secara produktif.', '081274648352', 33),
  (313, 21, '2026-06-02 06:58:08.621', 'approved', 'https://drive.google.com/file/d/cv_313/view', 'Sangat termotivasi untuk mengasah keahlian di bidang ini dan berkolaborasi secara produktif.', '081297540182', NULL),
  (314, 13, '2026-06-02 06:58:08.621', 'approved', 'https://drive.google.com/file/d/cv_314/view', 'Sangat termotivasi untuk mengasah keahlian di bidang ini dan berkolaborasi secara produktif.', '081252379354', NULL),
  (314, 49, '2026-06-02 06:58:08.621', 'approved', 'https://drive.google.com/file/d/cv_314/view', 'Sangat termotivasi untuk mengasah keahlian di bidang ini dan berkolaborasi secara produktif.', '081274502667', NULL),
  (315, 43, '2026-06-02 06:58:08.621', 'approved', 'https://drive.google.com/file/d/cv_315/view', 'Sangat termotivasi untuk mengasah keahlian di bidang ini dan berkolaborasi secara produktif.', '081283320218', NULL),
  (315, 44, '2026-06-02 06:58:08.621', 'approved', 'https://drive.google.com/file/d/cv_315/view', 'Sangat termotivasi untuk mengasah keahlian di bidang ini dan berkolaborasi secara produktif.', '081232496232', NULL),
  (316, 9, '2026-06-02 06:58:08.621', 'approved', 'https://drive.google.com/file/d/cv_316/view', 'Sangat termotivasi untuk mengasah keahlian di bidang ini dan berkolaborasi secara produktif.', '081248152462', NULL),
  (316, 18, '2026-06-02 06:58:08.621', 'approved', 'https://drive.google.com/file/d/cv_316/view', 'Sangat termotivasi untuk mengasah keahlian di bidang ini dan berkolaborasi secara produktif.', '081272771127', NULL),
  (317, 14, '2026-06-02 06:58:08.621', 'approved', 'https://drive.google.com/file/d/cv_317/view', 'Sangat termotivasi untuk mengasah keahlian di bidang ini dan berkolaborasi secara produktif.', '081237346531', NULL),
  (317, 41, '2026-06-02 06:58:08.621', 'approved', 'https://drive.google.com/file/d/cv_317/view', 'Sangat termotivasi untuk mengasah keahlian di bidang ini dan berkolaborasi secara produktif.', '081269277561', NULL),
  (318, 11, '2026-06-02 06:58:08.621', 'approved', 'https://drive.google.com/file/d/cv_318/view', 'Sangat termotivasi untuk mengasah keahlian di bidang ini dan berkolaborasi secara produktif.', '081222716862', NULL),
  (318, 17, '2026-06-02 06:58:08.621', 'approved', 'https://drive.google.com/file/d/cv_318/view', 'Sangat termotivasi untuk mengasah keahlian di bidang ini dan berkolaborasi secara produktif.', '081227555384', NULL),
  (319, 3, '2026-06-02 06:58:08.621', 'approved', 'https://drive.google.com/file/d/cv_319/view', 'Sangat termotivasi untuk mengasah keahlian di bidang ini dan berkolaborasi secara produktif.', '081212571909', NULL),
  (319, 49, '2026-06-02 06:58:08.621', 'approved', 'https://drive.google.com/file/d/cv_319/view', 'Sangat termotivasi untuk mengasah keahlian di bidang ini dan berkolaborasi secara produktif.', '081270851502', NULL),
  (320, 2, '2026-06-02 06:58:08.621', 'approved', 'https://drive.google.com/file/d/cv_320/view', 'Sangat termotivasi untuk mengasah keahlian di bidang ini dan berkolaborasi secara produktif.', '081293366219', NULL),
  (320, 9, '2026-06-02 06:58:08.621', 'approved', 'https://drive.google.com/file/d/cv_320/view', 'Sangat termotivasi untuk mengasah keahlian di bidang ini dan berkolaborasi secara produktif.', '081270092999', NULL),
  (321, 21, '2026-06-02 06:58:08.621', 'approved', 'https://drive.google.com/file/d/cv_321/view', 'Sangat termotivasi untuk mengasah keahlian di bidang ini dan berkolaborasi secara produktif.', '081272003049', NULL),
  (321, 46, '2026-06-02 06:58:08.621', 'approved', 'https://drive.google.com/file/d/cv_321/view', 'Sangat termotivasi untuk mengasah keahlian di bidang ini dan berkolaborasi secara produktif.', '081279798643', NULL),
  (322, 40, '2026-06-02 06:58:08.621', 'approved', 'https://drive.google.com/file/d/cv_322/view', 'Sangat termotivasi untuk mengasah keahlian di bidang ini dan berkolaborasi secara produktif.', '081262978441', NULL),
  (322, 42, '2026-06-02 06:58:08.621', 'approved', 'https://drive.google.com/file/d/cv_322/view', 'Sangat termotivasi untuk mengasah keahlian di bidang ini dan berkolaborasi secara produktif.', '081271022519', NULL),
  (323, 14, '2026-06-02 06:58:08.621', 'approved', 'https://drive.google.com/file/d/cv_323/view', 'Sangat termotivasi untuk mengasah keahlian di bidang ini dan berkolaborasi secara produktif.', '081211881407', NULL),
  (323, 44, '2026-06-02 06:58:08.621', 'approved', 'https://drive.google.com/file/d/cv_323/view', 'Sangat termotivasi untuk mengasah keahlian di bidang ini dan berkolaborasi secara produktif.', '081258894748', NULL),
  (324, 13, '2026-06-02 06:58:08.621', 'approved', 'https://drive.google.com/file/d/cv_324/view', 'Sangat termotivasi untuk mengasah keahlian di bidang ini dan berkolaborasi secara produktif.', '081259155584', NULL),
  (324, 45, '2026-06-02 06:58:08.621', 'approved', 'https://drive.google.com/file/d/cv_324/view', 'Sangat termotivasi untuk mengasah keahlian di bidang ini dan berkolaborasi secara produktif.', '081219675630', NULL),
  (325, 23, '2026-06-02 06:58:08.621', 'approved', 'https://drive.google.com/file/d/cv_325/view', 'Sangat termotivasi untuk mengasah keahlian di bidang ini dan berkolaborasi secara produktif.', '081249995405', NULL),
  (325, 49, '2026-06-02 06:58:08.621', 'approved', 'https://drive.google.com/file/d/cv_325/view', 'Sangat termotivasi untuk mengasah keahlian di bidang ini dan berkolaborasi secara produktif.', '081278610832', NULL),
  (326, 4, '2026-06-02 06:58:08.621', 'approved', 'https://drive.google.com/file/d/cv_326/view', 'Sangat termotivasi untuk mengasah keahlian di bidang ini dan berkolaborasi secara produktif.', '081295198211', NULL),
  (326, 40, '2026-06-02 06:58:08.621', 'approved', 'https://drive.google.com/file/d/cv_326/view', 'Sangat termotivasi untuk mengasah keahlian di bidang ini dan berkolaborasi secara produktif.', '081276361823', NULL),
  (327, 42, '2026-06-02 06:58:08.621', 'approved', 'https://drive.google.com/file/d/cv_327/view', 'Sangat termotivasi untuk mengasah keahlian di bidang ini dan berkolaborasi secara produktif.', '081267364508', NULL),
  (327, 47, '2026-06-02 06:58:08.621', 'approved', 'https://drive.google.com/file/d/cv_327/view', 'Sangat termotivasi untuk mengasah keahlian di bidang ini dan berkolaborasi secara produktif.', '081259946006', NULL),
  (328, 39, '2026-06-02 06:58:08.621', 'approved', 'https://drive.google.com/file/d/cv_328/view', 'Sangat termotivasi untuk mengasah keahlian di bidang ini dan berkolaborasi secara produktif.', '081229035754', NULL),
  (328, 49, '2026-06-02 06:58:08.621', 'approved', 'https://drive.google.com/file/d/cv_328/view', 'Sangat termotivasi untuk mengasah keahlian di bidang ini dan berkolaborasi secara produktif.', '081265399330', NULL),
  (329, 48, '2026-06-02 06:58:08.621', 'approved', 'https://drive.google.com/file/d/cv_329/view', 'Sangat termotivasi untuk mengasah keahlian di bidang ini dan berkolaborasi secara produktif.', '081268967649', NULL),
  (329, 51, '2026-06-02 06:58:08.621', 'approved', 'https://drive.google.com/file/d/cv_329/view', 'Sangat termotivasi untuk mengasah keahlian di bidang ini dan berkolaborasi secara produktif.', '081219660477', NULL);

-- Table: connections (259 rows)
INSERT INTO "connections" ("id", "sender_id", "receiver_id", "status", "created_at") VALUES
  (261, 23, 314, 'pending', '2026-06-02 06:58:08.621'),
  (262, 23, 113, 'accepted', '2026-06-02 06:58:08.621'),
  (263, 17, 23, 'accepted', '2026-06-02 06:58:08.621'),
  (264, 113, 315, 'pending', '2026-06-02 06:58:08.621'),
  (265, 113, 299, 'accepted', '2026-06-02 06:58:08.621'),
  (266, 113, 314, 'accepted', '2026-06-02 06:58:08.621'),
  (267, 289, 314, 'accepted', '2026-06-02 06:58:08.621'),
  (268, 35, 314, 'accepted', '2026-06-02 06:58:08.621'),
  (269, 247, 314, 'accepted', '2026-06-02 06:58:08.621'),
  (270, 118, 276, 'accepted', '2026-06-02 06:58:08.621'),
  (271, 276, 284, 'accepted', '2026-06-02 06:58:08.621'),
  (272, 51, 276, 'accepted', '2026-06-02 06:58:08.621'),
  (273, 6, 120, 'accepted', '2026-06-02 06:58:08.621'),
  (274, 120, 285, 'pending', '2026-06-02 06:58:08.621'),
  (275, 120, 274, 'pending', '2026-06-02 06:58:08.621'),
  (276, 14, 84, 'accepted', '2026-06-02 06:58:08.621'),
  (277, 59, 84, 'pending', '2026-06-02 06:58:08.621'),
  (278, 84, 126, 'accepted', '2026-06-02 06:58:08.621'),
  (279, 80, 268, 'pending', '2026-06-02 06:58:08.621'),
  (280, 80, 267, 'accepted', '2026-06-02 06:58:08.621'),
  (281, 80, 121, 'pending', '2026-06-02 06:58:08.621'),
  (282, 68, 307, 'pending', '2026-06-02 06:58:08.621'),
  (283, 68, 99, 'accepted', '2026-06-02 06:58:08.621'),
  (284, 68, 296, 'accepted', '2026-06-02 06:58:08.621'),
  (285, 86, 324, 'accepted', '2026-06-02 06:58:08.621'),
  (286, 86, 115, 'pending', '2026-06-02 06:58:08.621'),
  (287, 86, 269, 'pending', '2026-06-02 06:58:08.621'),
  (288, 116, 278, 'accepted', '2026-06-02 06:58:08.621'),
  (289, 260, 278, 'accepted', '2026-06-02 06:58:08.621'),
  (290, 60, 278, 'accepted', '2026-06-02 06:58:08.621'),
  (291, 282, 291, 'accepted', '2026-06-02 06:58:08.621'),
  (292, 83, 291, 'accepted', '2026-06-02 06:58:08.621'),
  (293, 242, 291, 'accepted', '2026-06-02 06:58:08.621'),
  (294, 85, 247, 'accepted', '2026-06-02 06:58:08.621'),
  (295, 247, 286, 'pending', '2026-06-02 06:58:08.621'),
  (296, 247, 321, 'accepted', '2026-06-02 06:58:08.621'),
  (297, 90, 247, 'pending', '2026-06-02 06:58:08.621'),
  (298, 51, 247, 'accepted', '2026-06-02 06:58:08.621'),
  (300, 53, 315, 'pending', '2026-06-02 06:58:08.621'),
  (301, 53, 241, 'pending', '2026-06-02 06:58:08.621'),
  (302, 53, 309, 'pending', '2026-06-02 06:58:08.621'),
  (303, 123, 277, 'accepted', '2026-06-02 06:58:08.621'),
  (304, 127, 277, 'accepted', '2026-06-02 06:58:08.621'),
  (305, 268, 277, 'accepted', '2026-06-02 06:58:08.621'),
  (306, 65, 72, 'accepted', '2026-06-02 06:58:08.621'),
  (307, 65, 98, 'pending', '2026-06-02 06:58:08.621'),
  (308, 65, 113, 'accepted', '2026-06-02 06:58:08.621'),
  (309, 260, 264, 'pending', '2026-06-02 06:58:08.621'),
  (310, 120, 260, 'accepted', '2026-06-02 06:58:08.621'),
  (311, 253, 260, 'pending', '2026-06-02 06:58:08.621'),
  (312, 81, 286, 'pending', '2026-06-02 06:58:08.621'),
  (313, 20, 286, 'accepted', '2026-06-02 06:58:08.621'),
  (314, 19, 286, 'accepted', '2026-06-02 06:58:08.621'),
  (315, 5, 280, 'accepted', '2026-06-02 06:58:08.621'),
  (316, 72, 280, 'accepted', '2026-06-02 06:58:08.621'),
  (317, 101, 280, 'accepted', '2026-06-02 06:58:08.621'),
  (318, 10, 321, 'accepted', '2026-06-02 06:58:08.621'),
  (319, 10, 110, 'pending', '2026-06-02 06:58:08.621'),
  (320, 10, 103, 'pending', '2026-06-02 06:58:08.621'),
  (321, 60, 279, 'accepted', '2026-06-02 06:58:08.621'),
  (322, 60, 295, 'pending', '2026-06-02 06:58:08.621'),
  (323, 60, 293, 'accepted', '2026-06-02 06:58:08.621'),
  (324, 20, 76, 'accepted', '2026-06-02 06:58:08.621'),
  (325, 76, 124, 'accepted', '2026-06-02 06:58:08.621'),
  (326, 76, 321, 'accepted', '2026-06-02 06:58:08.621'),
  (327, 22, 317, 'accepted', '2026-06-02 06:58:08.621'),
  (328, 22, 109, 'accepted', '2026-06-02 06:58:08.621'),
  (329, 22, 327, 'accepted', '2026-06-02 06:58:08.621'),
  (330, 111, 256, 'pending', '2026-06-02 06:58:08.621'),
  (331, 256, 308, 'accepted', '2026-06-02 06:58:08.621'),
  (332, 99, 256, 'pending', '2026-06-02 06:58:08.621'),
  (333, 9, 107, 'pending', '2026-06-02 06:58:08.621'),
  (334, 107, 117, 'accepted', '2026-06-02 06:58:08.621'),
  (335, 107, 259, 'pending', '2026-06-02 06:58:08.621'),
  (336, 244, 298, 'pending', '2026-06-02 06:58:08.621'),
  (337, 67, 298, 'accepted', '2026-06-02 06:58:08.621'),
  (338, 97, 298, 'accepted', '2026-06-02 06:58:08.621'),
  (339, 33, 123, 'accepted', '2026-06-02 06:58:08.621'),
  (340, 33, 282, 'accepted', '2026-06-02 06:58:08.621'),
  (341, 33, 276, 'accepted', '2026-06-02 06:58:08.621'),
  (342, 251, 328, 'pending', '2026-06-02 06:58:08.621'),
  (343, 123, 251, 'accepted', '2026-06-02 06:58:08.621'),
  (344, 17, 251, 'accepted', '2026-06-02 06:58:08.621'),
  (345, 108, 248, 'accepted', '2026-06-02 06:58:08.621'),
  (346, 248, 311, 'pending', '2026-06-02 06:58:08.621'),
  (347, 17, 248, 'accepted', '2026-06-02 06:58:08.621'),
  (348, 11, 116, 'pending', '2026-06-02 06:58:08.621'),
  (349, 11, 89, 'accepted', '2026-06-02 06:58:08.621'),
  (350, 11, 312, 'accepted', '2026-06-02 06:58:08.621'),
  (351, 55, 282, 'accepted', '2026-06-02 06:58:08.621'),
  (352, 23, 55, 'accepted', '2026-06-02 06:58:08.621'),
  (353, 55, 124, 'pending', '2026-06-02 06:58:08.621'),
  (354, 12, 305, 'accepted', '2026-06-02 06:58:08.621'),
  (355, 12, 285, 'pending', '2026-06-02 06:58:08.621'),
  (356, 12, 95, 'accepted', '2026-06-02 06:58:08.621'),
  (357, 246, 254, 'pending', '2026-06-02 06:58:08.621'),
  (358, 103, 246, 'accepted', '2026-06-02 06:58:08.621'),
  (359, 96, 246, 'accepted', '2026-06-02 06:58:08.621'),
  (360, 271, 292, 'accepted', '2026-06-02 06:58:08.621'),
  (361, 101, 292, 'accepted', '2026-06-02 06:58:08.621'),
  (362, 83, 292, 'pending', '2026-06-02 06:58:08.621'),
  (363, 83, 98, 'accepted', '2026-06-02 06:58:08.621'),
  (364, 98, 317, 'accepted', '2026-06-02 06:58:08.621'),
  (365, 91, 241, 'accepted', '2026-06-02 06:58:08.621'),
  (366, 241, 262, 'accepted', '2026-06-02 06:58:08.621'),
  (367, 70, 241, 'pending', '2026-06-02 06:58:08.621'),
  (368, 82, 127, 'pending', '2026-06-02 06:58:08.621'),
  (369, 82, 243, 'pending', '2026-06-02 06:58:08.621'),
  (370, 82, 247, 'accepted', '2026-06-02 06:58:08.621'),
  (371, 311, 329, 'accepted', '2026-06-02 06:58:08.621'),
  (372, 120, 311, 'accepted', '2026-06-02 06:58:08.621'),
  (373, 67, 311, 'accepted', '2026-06-02 06:58:08.621'),
  (374, 69, 325, 'accepted', '2026-06-02 06:58:08.621'),
  (375, 69, 108, 'pending', '2026-06-02 06:58:08.621'),
  (376, 69, 107, 'pending', '2026-06-02 06:58:08.621'),
  (377, 20, 117, 'pending', '2026-06-02 06:58:08.621'),
  (378, 20, 85, 'accepted', '2026-06-02 06:58:08.621'),
  (379, 35, 71, 'accepted', '2026-06-02 06:58:08.621'),
  (380, 35, 114, 'accepted', '2026-06-02 06:58:08.621'),
  (381, 35, 241, 'accepted', '2026-06-02 06:58:08.621'),
  (382, 247, 256, 'accepted', '2026-06-02 06:58:08.621'),
  (383, 89, 247, 'accepted', '2026-06-02 06:58:08.621'),
  (384, 83, 247, 'pending', '2026-06-02 06:58:08.621'),
  (385, 281, 310, 'accepted', '2026-06-02 06:58:08.621'),
  (386, 250, 310, 'accepted', '2026-06-02 06:58:08.621'),
  (387, 310, 316, 'accepted', '2026-06-02 06:58:08.621'),
  (388, 93, 291, 'accepted', '2026-06-02 06:58:08.621'),
  (389, 72, 93, 'pending', '2026-06-02 06:58:08.621'),
  (390, 63, 93, 'accepted', '2026-06-02 06:58:08.621'),
  (391, 8, 309, 'accepted', '2026-06-02 06:58:08.621'),
  (392, 8, 102, 'accepted', '2026-06-02 06:58:08.621'),
  (393, 8, 308, 'accepted', '2026-06-02 06:58:08.621'),
  (394, 119, 329, 'accepted', '2026-06-02 06:58:08.621'),
  (395, 244, 329, 'accepted', '2026-06-02 06:58:08.621'),
  (396, 292, 329, 'accepted', '2026-06-02 06:58:08.621'),
  (397, 6, 285, 'pending', '2026-06-02 06:58:08.621'),
  (398, 279, 285, 'accepted', '2026-06-02 06:58:08.621'),
  (399, 267, 285, 'accepted', '2026-06-02 06:58:08.621'),
  (400, 84, 311, 'accepted', '2026-06-02 06:58:08.621'),
  (401, 15, 311, 'accepted', '2026-06-02 06:58:08.621'),
  (402, 311, 315, 'accepted', '2026-06-02 06:58:08.621'),
  (403, 283, 306, 'accepted', '2026-06-02 06:58:08.621'),
  (404, 65, 306, 'accepted', '2026-06-02 06:58:08.621'),
  (405, 262, 306, 'pending', '2026-06-02 06:58:08.621'),
  (406, 17, 19, 'accepted', '2026-06-02 06:58:08.621'),
  (407, 19, 325, 'accepted', '2026-06-02 06:58:08.621'),
  (408, 19, 55, 'accepted', '2026-06-02 06:58:08.621'),
  (409, 18, 111, 'accepted', '2026-06-02 06:58:08.621'),
  (410, 18, 70, 'pending', '2026-06-02 06:58:08.621'),
  (411, 18, 277, 'pending', '2026-06-02 06:58:08.621'),
  (412, 1, 260, 'accepted', '2026-06-02 06:58:08.621'),
  (414, 260, 289, 'pending', '2026-06-02 06:58:08.621'),
  (415, 266, 325, 'accepted', '2026-06-02 06:58:08.621'),
  (416, 245, 266, 'accepted', '2026-06-02 06:58:08.621'),
  (417, 266, 289, 'accepted', '2026-06-02 06:58:08.621'),
  (418, 87, 272, 'accepted', '2026-06-02 06:58:08.621'),
  (419, 87, 121, 'accepted', '2026-06-02 06:58:08.621'),
  (420, 87, 270, 'accepted', '2026-06-02 06:58:08.621'),
  (421, 64, 76, 'accepted', '2026-06-02 06:58:08.621'),
  (422, 76, 325, 'accepted', '2026-06-02 06:58:08.621'),
  (423, 76, 272, 'accepted', '2026-06-02 06:58:08.621'),
  (424, 263, 290, 'accepted', '2026-06-02 06:58:08.621'),
  (425, 278, 290, 'accepted', '2026-06-02 06:58:08.621'),
  (426, 83, 290, 'pending', '2026-06-02 06:58:08.621'),
  (427, 60, 71, 'accepted', '2026-06-02 06:58:08.621'),
  (428, 17, 60, 'pending', '2026-06-02 06:58:08.621'),
  (429, 60, 253, 'accepted', '2026-06-02 06:58:08.621'),
  (430, 98, 273, 'accepted', '2026-06-02 06:58:08.621'),
  (431, 273, 298, 'accepted', '2026-06-02 06:58:08.621'),
  (432, 8, 273, 'pending', '2026-06-02 06:58:08.621'),
  (433, 98, 109, 'accepted', '2026-06-02 06:58:08.621'),
  (434, 19, 109, 'accepted', '2026-06-02 06:58:08.621'),
  (435, 109, 308, 'accepted', '2026-06-02 06:58:08.621'),
  (436, 4, 71, 'accepted', '2026-06-02 06:58:08.621'),
  (437, 4, 270, 'accepted', '2026-06-02 06:58:08.621'),
  (438, 4, 21, 'pending', '2026-06-02 06:58:08.621'),
  (439, 298, 312, 'pending', '2026-06-02 06:58:08.621'),
  (440, 268, 312, 'accepted', '2026-06-02 06:58:08.621'),
  (441, 300, 312, 'accepted', '2026-06-02 06:58:08.621'),
  (442, 16, 282, 'accepted', '2026-06-02 06:58:08.621'),
  (443, 81, 282, 'accepted', '2026-06-02 06:58:08.621'),
  (444, 282, 298, 'pending', '2026-06-02 06:58:08.621'),
  (445, 84, 317, 'accepted', '2026-06-02 06:58:08.621'),
  (446, 76, 84, 'accepted', '2026-06-02 06:58:08.621'),
  (447, 84, 291, 'accepted', '2026-06-02 06:58:08.621'),
  (448, 248, 297, 'accepted', '2026-06-02 06:58:08.621'),
  (449, 16, 248, 'pending', '2026-06-02 06:58:08.621'),
  (450, 65, 97, 'pending', '2026-06-02 06:58:08.621'),
  (451, 65, 288, 'accepted', '2026-06-02 06:58:08.621'),
  (452, 65, 78, 'pending', '2026-06-02 06:58:08.621'),
  (453, 53, 325, 'accepted', '2026-06-02 06:58:08.621'),
  (454, 75, 325, 'accepted', '2026-06-02 06:58:08.621'),
  (455, 70, 320, 'pending', '2026-06-02 06:58:08.621'),
  (456, 122, 320, 'accepted', '2026-06-02 06:58:08.621'),
  (457, 284, 320, 'accepted', '2026-06-02 06:58:08.621'),
  (458, 244, 247, 'accepted', '2026-06-02 06:58:08.621'),
  (459, 113, 244, 'accepted', '2026-06-02 06:58:08.621'),
  (460, 244, 286, 'pending', '2026-06-02 06:58:08.621'),
  (461, 51, 127, 'pending', '2026-06-02 06:58:08.621'),
  (462, 51, 72, 'pending', '2026-06-02 06:58:08.621'),
  (463, 51, 63, 'accepted', '2026-06-02 06:58:08.621'),
  (464, 107, 253, 'accepted', '2026-06-02 06:58:08.621'),
  (465, 103, 253, 'accepted', '2026-06-02 06:58:08.621'),
  (466, 244, 253, 'accepted', '2026-06-02 06:58:08.621'),
  (467, 65, 70, 'pending', '2026-06-02 06:58:08.621'),
  (468, 19, 65, 'pending', '2026-06-02 06:58:08.621'),
  (469, 59, 65, 'accepted', '2026-06-02 06:58:08.621'),
  (470, 2, 294, 'accepted', '2026-06-02 06:58:08.621'),
  (471, 13, 294, 'accepted', '2026-06-02 06:58:08.621'),
  (472, 111, 294, 'accepted', '2026-06-02 06:58:08.621'),
  (473, 92, 111, 'pending', '2026-06-02 06:58:08.621'),
  (474, 11, 92, 'accepted', '2026-06-02 06:58:08.621'),
  (475, 92, 260, 'pending', '2026-06-02 06:58:08.621'),
  (476, 12, 319, 'accepted', '2026-06-02 06:58:08.621'),
  (477, 12, 329, 'accepted', '2026-06-02 06:58:08.621'),
  (478, 10, 12, 'accepted', '2026-06-02 06:58:08.621'),
  (479, 265, 323, 'accepted', '2026-06-02 06:58:08.621'),
  (480, 127, 323, 'accepted', '2026-06-02 06:58:08.621'),
  (481, 323, 327, 'accepted', '2026-06-02 06:58:08.621'),
  (482, 123, 322, 'pending', '2026-06-02 06:58:08.621'),
  (483, 288, 322, 'pending', '2026-06-02 06:58:08.621'),
  (484, 24, 322, 'accepted', '2026-06-02 06:58:08.621'),
  (485, 35, 123, 'pending', '2026-06-02 06:58:08.621'),
  (486, 35, 77, 'pending', '2026-06-02 06:58:08.621'),
  (487, 35, 305, 'accepted', '2026-06-02 06:58:08.621'),
  (489, 98, 248, 'accepted', '2026-06-02 06:58:08.621'),
  (490, 98, 269, 'pending', '2026-06-02 06:58:08.621'),
  (491, 94, 292, 'accepted', '2026-06-02 06:58:08.621'),
  (492, 61, 292, 'accepted', '2026-06-02 06:58:08.621'),
  (493, 75, 292, 'accepted', '2026-06-02 06:58:08.621'),
  (494, 261, 293, 'accepted', '2026-06-02 06:58:08.621'),
  (495, 261, 306, 'accepted', '2026-06-02 06:58:08.621'),
  (496, 94, 261, 'pending', '2026-06-02 06:58:08.621'),
  (497, 13, 71, 'accepted', '2026-06-02 06:58:08.621'),
  (498, 33, 71, 'pending', '2026-06-02 06:58:08.621'),
  (499, 71, 321, 'accepted', '2026-06-02 06:58:08.621'),
  (500, 13, 313, 'accepted', '2026-06-02 06:58:08.621'),
  (501, 263, 313, 'accepted', '2026-06-02 06:58:08.621'),
  (502, 266, 313, 'accepted', '2026-06-02 06:58:08.621'),
  (503, 16, 281, 'accepted', '2026-06-02 06:58:08.621'),
  (504, 16, 66, 'pending', '2026-06-02 06:58:08.621'),
  (505, 16, 305, 'accepted', '2026-06-02 06:58:08.621'),
  (506, 79, 279, 'accepted', '2026-06-02 06:58:08.621'),
  (507, 79, 108, 'accepted', '2026-06-02 06:58:08.621'),
  (508, 79, 281, 'accepted', '2026-06-02 06:58:08.621'),
  (509, 106, 249, 'accepted', '2026-06-02 06:58:08.621'),
  (510, 249, 274, 'accepted', '2026-06-02 06:58:08.621'),
  (511, 122, 249, 'accepted', '2026-06-02 06:58:08.621'),
  (512, 7, 328, 'accepted', '2026-06-02 06:58:08.621'),
  (513, 17, 328, 'accepted', '2026-06-02 06:58:08.621'),
  (514, 328, 329, 'accepted', '2026-06-02 06:58:08.621'),
  (515, 248, 259, 'pending', '2026-06-02 06:58:08.621'),
  (516, 53, 248, 'accepted', '2026-06-02 06:58:08.621'),
  (517, 248, 261, 'accepted', '2026-06-02 06:58:08.621'),
  (518, 6, 98, 'pending', '2026-06-02 06:58:08.621'),
  (519, 98, 245, 'accepted', '2026-06-02 06:58:08.621'),
  (520, 98, 254, 'accepted', '2026-06-02 06:58:08.621'),
  (521, 2, 1, 'pending', '2026-06-02 07:20:59.975'),
  (522, 2, 3, 'pending', '2026-06-02 07:21:07.470');

ALTER SEQUENCE "connections_id_seq" RESTART WITH 523;

-- Table: notifications (3 rows)
INSERT INTO "notifications" ("id", "user_id", "title", "message", "is_read", "created_at", "team_id", "applicant_id") VALUES
  (1, 3, 'Undangan Bergabung Tim', 'Anda diundang oleh owner untuk bergabung dengan tim "team Metaverse" untuk kompetisi "Gemastik XVII — Pengembangan Perangkat Lunak"!', true, '2026-06-02 07:06:38.347', 1, 1),
  (2, 1, 'Permintaan Koneksi Baru', 'Aqilah Callysta Abygail Febyan ingin terhubung dengan Anda di Matchmaker! Cek dashboard untuk mulai berkolaborasi.', false, '2026-06-02 07:20:59.991', NULL, 2),
  (3, 3, 'Permintaan Koneksi Baru', 'Aqilah Callysta Abygail Febyan ingin terhubung dengan Anda di Matchmaker! Cek dashboard untuk mulai berkolaborasi.', false, '2026-06-02 07:21:07.473', NULL, 2);

ALTER SEQUENCE "notifications_id_seq" RESTART WITH 4;

-- Table: hosted_event_settings (20 rows)
INSERT INTO "hosted_event_settings" ("competition_id", "banner_url", "accent_color", "custom_domain", "announcement_text", "created_at") VALUES
  (1, 'https://images.unsplash.com/photo-1540575467063-178a50c2df87?w=1200&auto=format&fit=crop&q=80', '#6C63FF', 'www.gemastikxviipengembanganperangkatlunak-2026.id', 'Pendaftaran gelombang utama ditutup dalam waktu dekat! Akses portal untuk merancang formulir pendaftaran khusus kelompok.', '2026-06-02 06:58:08.621'),
  (2, 'https://images.unsplash.com/photo-1540575467063-178a50c2df87?w=1200&auto=format&fit=crop&q=80', '#6C63FF', 'www.hackathonnasional2026smartcity-2026.id', 'Pendaftaran gelombang utama ditutup dalam waktu dekat! Akses portal untuk merancang formulir pendaftaran khusus kelompok.', '2026-06-02 06:58:08.621'),
  (3, 'https://images.unsplash.com/photo-1540575467063-178a50c2df87?w=1200&auto=format&fit=crop&q=80', '#6C63FF', 'www.googlesolutionchallenge2026-2026.id', 'Pendaftaran gelombang utama ditutup dalam waktu dekat! Akses portal untuk merancang formulir pendaftaran khusus kelompok.', '2026-06-02 06:58:08.621'),
  (4, 'https://images.unsplash.com/photo-1540575467063-178a50c2df87?w=1200&auto=format&fit=crop&q=80', '#6C63FF', 'www.icpcasiaregional2026-2026.id', 'Pendaftaran gelombang utama ditutup dalam waktu dekat! Akses portal untuk merancang formulir pendaftaran khusus kelompok.', '2026-06-02 06:58:08.621'),
  (5, 'https://images.unsplash.com/photo-1540575467063-178a50c2df87?w=1200&auto=format&fit=crop&q=80', '#6C63FF', 'www.microsoftimaginecup2026-2026.id', 'Pendaftaran gelombang utama ditutup dalam waktu dekat! Akses portal untuk merancang formulir pendaftaran khusus kelompok.', '2026-06-02 06:58:08.621'),
  (6, 'https://images.unsplash.com/photo-1540575467063-178a50c2df87?w=1200&auto=format&fit=crop&q=80', '#6C63FF', 'www.awsbuildonasean2026-2026.id', 'Pendaftaran gelombang utama ditutup dalam waktu dekat! Akses portal untuk merancang formulir pendaftaran khusus kelompok.', '2026-06-02 06:58:08.621'),
  (7, 'https://images.unsplash.com/photo-1540575467063-178a50c2df87?w=1200&auto=format&fit=crop&q=80', '#6C63FF', 'www.aseanbusinessplancompetition2026-2026.id', 'Pendaftaran gelombang utama ditutup dalam waktu dekat! Akses portal untuk merancang formulir pendaftaran khusus kelompok.', '2026-06-02 06:58:08.621'),
  (8, 'https://images.unsplash.com/photo-1540575467063-178a50c2df87?w=1200&auto=format&fit=crop&q=80', '#6C63FF', 'www.startupweekendjakarta2026-2026.id', 'Pendaftaran gelombang utama ditutup dalam waktu dekat! Akses portal untuk merancang formulir pendaftaran khusus kelompok.', '2026-06-02 06:58:08.621'),
  (9, 'https://images.unsplash.com/photo-1540575467063-178a50c2df87?w=1200&auto=format&fit=crop&q=80', '#6C63FF', 'www.youngentrepreneurchallenge2026-2026.id', 'Pendaftaran gelombang utama ditutup dalam waktu dekat! Akses portal untuk merancang formulir pendaftaran khusus kelompok.', '2026-06-02 06:58:08.621'),
  (10, 'https://images.unsplash.com/photo-1540575467063-178a50c2df87?w=1200&auto=format&fit=crop&q=80', '#6C63FF', 'www.ideathonkewirausahaannasional-2026.id', 'Pendaftaran gelombang utama ditutup dalam waktu dekat! Akses portal untuk merancang formulir pendaftaran khusus kelompok.', '2026-06-02 06:58:08.621'),
  (11, 'https://images.unsplash.com/photo-1540575467063-178a50c2df87?w=1200&auto=format&fit=crop&q=80', '#6C63FF', 'www.hultprize2026campusround-2026.id', 'Pendaftaran gelombang utama ditutup dalam waktu dekat! Akses portal untuk merancang formulir pendaftaran khusus kelompok.', '2026-06-02 06:58:08.621'),
  (12, 'https://images.unsplash.com/photo-1540575467063-178a50c2df87?w=1200&auto=format&fit=crop&q=80', '#6C63FF', 'www.youthinnovationchallenge2026-2026.id', 'Pendaftaran gelombang utama ditutup dalam waktu dekat! Akses portal untuk merancang formulir pendaftaran khusus kelompok.', '2026-06-02 06:58:08.621'),
  (13, 'https://images.unsplash.com/photo-1540575467063-178a50c2df87?w=1200&auto=format&fit=crop&q=80', '#6C63FF', 'www.sociopreneurcompetitioniyref2026-2026.id', 'Pendaftaran gelombang utama ditutup dalam waktu dekat! Akses portal untuk merancang formulir pendaftaran khusus kelompok.', '2026-06-02 06:58:08.621'),
  (14, 'https://images.unsplash.com/photo-1540575467063-178a50c2df87?w=1200&auto=format&fit=crop&q=80', '#6C63FF', 'www.nationaluiuxdesignchallenge-2026.id', 'Pendaftaran gelombang utama ditutup dalam waktu dekat! Akses portal untuk merancang formulir pendaftaran khusus kelompok.', '2026-06-02 06:58:08.621'),
  (15, 'https://images.unsplash.com/photo-1540575467063-178a50c2df87?w=1200&auto=format&fit=crop&q=80', '#6C63FF', 'www.redotdesignaward2026-2026.id', 'Pendaftaran gelombang utama ditutup dalam waktu dekat! Akses portal untuk merancang formulir pendaftaran khusus kelompok.', '2026-06-02 06:58:08.621'),
  (16, 'https://images.unsplash.com/photo-1540575467063-178a50c2df87?w=1200&auto=format&fit=crop&q=80', '#6C63FF', 'www.compfestuidesigncompetition-2026.id', 'Pendaftaran gelombang utama ditutup dalam waktu dekat! Akses portal untuk merancang formulir pendaftaran khusus kelompok.', '2026-06-02 06:58:08.621'),
  (17, 'https://images.unsplash.com/photo-1540575467063-178a50c2df87?w=1200&auto=format&fit=crop&q=80', '#6C63FF', 'www.lombakaryatulisilmiahnasional-2026.id', 'Pendaftaran gelombang utama ditutup dalam waktu dekat! Akses portal untuk merancang formulir pendaftaran khusus kelompok.', '2026-06-02 06:58:08.621'),
  (18, 'https://images.unsplash.com/photo-1540575467063-178a50c2df87?w=1200&auto=format&fit=crop&q=80', '#6C63FF', 'www.physicsolympiadtingkatmahasiswa2026-2026.id', 'Pendaftaran gelombang utama ditutup dalam waktu dekat! Akses portal untuk merancang formulir pendaftaran khusus kelompok.', '2026-06-02 06:58:08.621'),
  (19, 'https://images.unsplash.com/photo-1540575467063-178a50c2df87?w=1200&auto=format&fit=crop&q=80', '#6C63FF', 'www.pagelaranmahasiswanasionalgemastiksainsdata-2026.id', 'Pendaftaran gelombang utama ditutup dalam waktu dekat! Akses portal untuk merancang formulir pendaftaran khusus kelompok.', '2026-06-02 06:58:08.621'),
  (20, 'https://images.unsplash.com/photo-1540575467063-178a50c2df87?w=1200&auto=format&fit=crop&q=80', '#6C63FF', 'www.nationalsciencebowlindonesia2026-2026.id', 'Pendaftaran gelombang utama ditutup dalam waktu dekat! Akses portal untuk merancang formulir pendaftaran khusus kelompok.', '2026-06-02 06:58:08.621');

-- Table: custom_registration_fields (60 rows)
INSERT INTO "custom_registration_fields" ("id", "competition_id", "field_name", "field_type", "required", "options", "created_at") VALUES
  (76, 1, 'Tautan CV / Portfolio Kelompok (Drive)', 'file', true, NULL, '2026-06-02 06:58:08.621'),
  (77, 1, 'Tautan URL Repositori GitHub / Figma File', 'text', true, NULL, '2026-06-02 06:58:08.621'),
  (78, 1, 'Motivasi Utama & Strategi Tim', 'textarea', false, NULL, '2026-06-02 06:58:08.621'),
  (79, 2, 'Tautan CV / Portfolio Kelompok (Drive)', 'file', true, NULL, '2026-06-02 06:58:08.621'),
  (80, 2, 'Tautan URL Repositori GitHub / Figma File', 'text', true, NULL, '2026-06-02 06:58:08.621'),
  (81, 2, 'Motivasi Utama & Strategi Tim', 'textarea', false, NULL, '2026-06-02 06:58:08.621'),
  (82, 3, 'Tautan CV / Portfolio Kelompok (Drive)', 'file', true, NULL, '2026-06-02 06:58:08.621'),
  (83, 3, 'Tautan URL Repositori GitHub / Figma File', 'text', true, NULL, '2026-06-02 06:58:08.621'),
  (84, 3, 'Motivasi Utama & Strategi Tim', 'textarea', false, NULL, '2026-06-02 06:58:08.621'),
  (85, 4, 'Tautan CV / Portfolio Kelompok (Drive)', 'file', true, NULL, '2026-06-02 06:58:08.621'),
  (86, 4, 'Tautan URL Repositori GitHub / Figma File', 'text', true, NULL, '2026-06-02 06:58:08.621'),
  (87, 4, 'Motivasi Utama & Strategi Tim', 'textarea', false, NULL, '2026-06-02 06:58:08.621'),
  (88, 5, 'Tautan CV / Portfolio Kelompok (Drive)', 'file', true, NULL, '2026-06-02 06:58:08.621'),
  (89, 5, 'Tautan URL Repositori GitHub / Figma File', 'text', true, NULL, '2026-06-02 06:58:08.621'),
  (90, 5, 'Motivasi Utama & Strategi Tim', 'textarea', false, NULL, '2026-06-02 06:58:08.621'),
  (91, 6, 'Tautan CV / Portfolio Kelompok (Drive)', 'file', true, NULL, '2026-06-02 06:58:08.621'),
  (92, 6, 'Tautan URL Repositori GitHub / Figma File', 'text', true, NULL, '2026-06-02 06:58:08.621'),
  (93, 6, 'Motivasi Utama & Strategi Tim', 'textarea', false, NULL, '2026-06-02 06:58:08.621'),
  (94, 7, 'Tautan CV / Portfolio Kelompok (Drive)', 'file', true, NULL, '2026-06-02 06:58:08.621'),
  (95, 7, 'Tautan URL Repositori GitHub / Figma File', 'text', true, NULL, '2026-06-02 06:58:08.621'),
  (96, 7, 'Motivasi Utama & Strategi Tim', 'textarea', false, NULL, '2026-06-02 06:58:08.621'),
  (97, 8, 'Tautan CV / Portfolio Kelompok (Drive)', 'file', true, NULL, '2026-06-02 06:58:08.621'),
  (98, 8, 'Tautan URL Repositori GitHub / Figma File', 'text', true, NULL, '2026-06-02 06:58:08.621'),
  (99, 8, 'Motivasi Utama & Strategi Tim', 'textarea', false, NULL, '2026-06-02 06:58:08.621'),
  (100, 9, 'Tautan CV / Portfolio Kelompok (Drive)', 'file', true, NULL, '2026-06-02 06:58:08.621'),
  (101, 9, 'Tautan URL Repositori GitHub / Figma File', 'text', true, NULL, '2026-06-02 06:58:08.621'),
  (102, 9, 'Motivasi Utama & Strategi Tim', 'textarea', false, NULL, '2026-06-02 06:58:08.621'),
  (103, 10, 'Tautan CV / Portfolio Kelompok (Drive)', 'file', true, NULL, '2026-06-02 06:58:08.621'),
  (104, 10, 'Tautan URL Repositori GitHub / Figma File', 'text', true, NULL, '2026-06-02 06:58:08.621'),
  (105, 10, 'Motivasi Utama & Strategi Tim', 'textarea', false, NULL, '2026-06-02 06:58:08.621'),
  (106, 11, 'Tautan CV / Portfolio Kelompok (Drive)', 'file', true, NULL, '2026-06-02 06:58:08.621'),
  (107, 11, 'Tautan URL Repositori GitHub / Figma File', 'text', true, NULL, '2026-06-02 06:58:08.621'),
  (108, 11, 'Motivasi Utama & Strategi Tim', 'textarea', false, NULL, '2026-06-02 06:58:08.621'),
  (109, 12, 'Tautan CV / Portfolio Kelompok (Drive)', 'file', true, NULL, '2026-06-02 06:58:08.621'),
  (110, 12, 'Tautan URL Repositori GitHub / Figma File', 'text', true, NULL, '2026-06-02 06:58:08.621'),
  (111, 12, 'Motivasi Utama & Strategi Tim', 'textarea', false, NULL, '2026-06-02 06:58:08.621'),
  (112, 13, 'Tautan CV / Portfolio Kelompok (Drive)', 'file', true, NULL, '2026-06-02 06:58:08.621'),
  (113, 13, 'Tautan URL Repositori GitHub / Figma File', 'text', true, NULL, '2026-06-02 06:58:08.621'),
  (114, 13, 'Motivasi Utama & Strategi Tim', 'textarea', false, NULL, '2026-06-02 06:58:08.621'),
  (115, 14, 'Tautan CV / Portfolio Kelompok (Drive)', 'file', true, NULL, '2026-06-02 06:58:08.621'),
  (116, 14, 'Tautan URL Repositori GitHub / Figma File', 'text', true, NULL, '2026-06-02 06:58:08.621'),
  (117, 14, 'Motivasi Utama & Strategi Tim', 'textarea', false, NULL, '2026-06-02 06:58:08.621'),
  (118, 15, 'Tautan CV / Portfolio Kelompok (Drive)', 'file', true, NULL, '2026-06-02 06:58:08.621'),
  (119, 15, 'Tautan URL Repositori GitHub / Figma File', 'text', true, NULL, '2026-06-02 06:58:08.621'),
  (120, 15, 'Motivasi Utama & Strategi Tim', 'textarea', false, NULL, '2026-06-02 06:58:08.621'),
  (121, 16, 'Tautan CV / Portfolio Kelompok (Drive)', 'file', true, NULL, '2026-06-02 06:58:08.621'),
  (122, 16, 'Tautan URL Repositori GitHub / Figma File', 'text', true, NULL, '2026-06-02 06:58:08.621'),
  (123, 16, 'Motivasi Utama & Strategi Tim', 'textarea', false, NULL, '2026-06-02 06:58:08.621'),
  (124, 17, 'Tautan CV / Portfolio Kelompok (Drive)', 'file', true, NULL, '2026-06-02 06:58:08.621'),
  (125, 17, 'Tautan URL Repositori GitHub / Figma File', 'text', true, NULL, '2026-06-02 06:58:08.621'),
  (126, 17, 'Motivasi Utama & Strategi Tim', 'textarea', false, NULL, '2026-06-02 06:58:08.621'),
  (127, 18, 'Tautan CV / Portfolio Kelompok (Drive)', 'file', true, NULL, '2026-06-02 06:58:08.621'),
  (128, 18, 'Tautan URL Repositori GitHub / Figma File', 'text', true, NULL, '2026-06-02 06:58:08.621'),
  (129, 18, 'Motivasi Utama & Strategi Tim', 'textarea', false, NULL, '2026-06-02 06:58:08.621'),
  (130, 19, 'Tautan CV / Portfolio Kelompok (Drive)', 'file', true, NULL, '2026-06-02 06:58:08.621'),
  (131, 19, 'Tautan URL Repositori GitHub / Figma File', 'text', true, NULL, '2026-06-02 06:58:08.621'),
  (132, 19, 'Motivasi Utama & Strategi Tim', 'textarea', false, NULL, '2026-06-02 06:58:08.621'),
  (133, 20, 'Tautan CV / Portfolio Kelompok (Drive)', 'file', true, NULL, '2026-06-02 06:58:08.621'),
  (134, 20, 'Tautan URL Repositori GitHub / Figma File', 'text', true, NULL, '2026-06-02 06:58:08.621'),
  (135, 20, 'Motivasi Utama & Strategi Tim', 'textarea', false, NULL, '2026-06-02 06:58:08.621');

ALTER SEQUENCE "custom_registration_fields_id_seq" RESTART WITH 136;

-- Table: custom_registration_responses (639 rows)
INSERT INTO "custom_registration_responses" ("user_id", "competition_id", "field_id", "response_value") VALUES
  (1, 15, 118, 'https://drive.google.com/file/d/cv_portfolio_seed_1/view'),
  (1, 15, 119, 'https://github.com/project_seed_repo_1'),
  (1, 15, 120, 'Ingin memberikan solusi komprehensif bagi kelestarian nasional dengan tim hebat saya.'),
  (3, 4, 85, 'https://drive.google.com/file/d/cv_portfolio_seed_3/view'),
  (3, 4, 86, 'https://github.com/project_seed_repo_3'),
  (3, 4, 87, 'Ingin memberikan solusi komprehensif bagi kelestarian nasional dengan tim hebat saya.'),
  (6, 3, 82, 'https://drive.google.com/file/d/cv_portfolio_seed_6/view'),
  (6, 3, 83, 'https://github.com/project_seed_repo_6'),
  (6, 3, 84, 'Ingin memberikan solusi komprehensif bagi kelestarian nasional dengan tim hebat saya.'),
  (6, 19, 130, 'https://drive.google.com/file/d/cv_portfolio_seed_6/view'),
  (6, 19, 131, 'https://github.com/project_seed_repo_6'),
  (6, 19, 132, 'Ingin memberikan solusi komprehensif bagi kelestarian nasional dengan tim hebat saya.'),
  (7, 3, 82, 'https://drive.google.com/file/d/cv_portfolio_seed_7/view'),
  (7, 3, 83, 'https://github.com/project_seed_repo_7'),
  (7, 3, 84, 'Ingin memberikan solusi komprehensif bagi kelestarian nasional dengan tim hebat saya.'),
  (7, 11, 106, 'https://drive.google.com/file/d/cv_portfolio_seed_7/view'),
  (7, 11, 107, 'https://github.com/project_seed_repo_7'),
  (7, 11, 108, 'Ingin memberikan solusi komprehensif bagi kelestarian nasional dengan tim hebat saya.'),
  (8, 3, 82, 'https://drive.google.com/file/d/cv_portfolio_seed_8/view'),
  (8, 3, 83, 'https://github.com/project_seed_repo_8'),
  (8, 3, 84, 'Ingin memberikan solusi komprehensif bagi kelestarian nasional dengan tim hebat saya.'),
  (8, 10, 103, 'https://drive.google.com/file/d/cv_portfolio_seed_8/view'),
  (8, 10, 104, 'https://github.com/project_seed_repo_8'),
  (8, 10, 105, 'Ingin memberikan solusi komprehensif bagi kelestarian nasional dengan tim hebat saya.'),
  (9, 13, 112, 'https://drive.google.com/file/d/cv_portfolio_seed_9/view'),
  (9, 13, 113, 'https://github.com/project_seed_repo_9'),
  (9, 13, 114, 'Ingin memberikan solusi komprehensif bagi kelestarian nasional dengan tim hebat saya.'),
  (10, 14, 115, 'https://drive.google.com/file/d/cv_portfolio_seed_10/view'),
  (10, 14, 116, 'https://github.com/project_seed_repo_10'),
  (10, 14, 117, 'Ingin memberikan solusi komprehensif bagi kelestarian nasional dengan tim hebat saya.'),
  (12, 19, 130, 'https://drive.google.com/file/d/cv_portfolio_seed_12/view'),
  (12, 19, 131, 'https://github.com/project_seed_repo_12'),
  (12, 19, 132, 'Ingin memberikan solusi komprehensif bagi kelestarian nasional dengan tim hebat saya.'),
  (13, 7, 94, 'https://drive.google.com/file/d/cv_portfolio_seed_13/view'),
  (13, 7, 95, 'https://github.com/project_seed_repo_13'),
  (13, 7, 96, 'Ingin memberikan solusi komprehensif bagi kelestarian nasional dengan tim hebat saya.'),
  (13, 15, 118, 'https://drive.google.com/file/d/cv_portfolio_seed_13/view'),
  (13, 15, 119, 'https://github.com/project_seed_repo_13'),
  (13, 15, 120, 'Ingin memberikan solusi komprehensif bagi kelestarian nasional dengan tim hebat saya.'),
  (14, 12, 109, 'https://drive.google.com/file/d/cv_portfolio_seed_14/view'),
  (14, 12, 110, 'https://github.com/project_seed_repo_14'),
  (14, 12, 111, 'Ingin memberikan solusi komprehensif bagi kelestarian nasional dengan tim hebat saya.'),
  (15, 9, 100, 'https://drive.google.com/file/d/cv_portfolio_seed_15/view'),
  (15, 9, 101, 'https://github.com/project_seed_repo_15'),
  (15, 9, 102, 'Ingin memberikan solusi komprehensif bagi kelestarian nasional dengan tim hebat saya.'),
  (16, 19, 130, 'https://drive.google.com/file/d/cv_portfolio_seed_16/view'),
  (16, 19, 131, 'https://github.com/project_seed_repo_16'),
  (16, 19, 132, 'Ingin memberikan solusi komprehensif bagi kelestarian nasional dengan tim hebat saya.'),
  (19, 4, 85, 'https://drive.google.com/file/d/cv_portfolio_seed_19/view'),
  (19, 4, 86, 'https://github.com/project_seed_repo_19'),
  (19, 4, 87, 'Ingin memberikan solusi komprehensif bagi kelestarian nasional dengan tim hebat saya.'),
  (20, 2, 79, 'https://drive.google.com/file/d/cv_portfolio_seed_20/view'),
  (20, 2, 80, 'https://github.com/project_seed_repo_20'),
  (20, 2, 81, 'Ingin memberikan solusi komprehensif bagi kelestarian nasional dengan tim hebat saya.'),
  (20, 7, 94, 'https://drive.google.com/file/d/cv_portfolio_seed_20/view'),
  (20, 7, 95, 'https://github.com/project_seed_repo_20'),
  (20, 7, 96, 'Ingin memberikan solusi komprehensif bagi kelestarian nasional dengan tim hebat saya.'),
  (21, 2, 79, 'https://drive.google.com/file/d/cv_portfolio_seed_21/view'),
  (21, 2, 80, 'https://github.com/project_seed_repo_21'),
  (21, 2, 81, 'Ingin memberikan solusi komprehensif bagi kelestarian nasional dengan tim hebat saya.'),
  (21, 9, 100, 'https://drive.google.com/file/d/cv_portfolio_seed_21/view'),
  (21, 9, 101, 'https://github.com/project_seed_repo_21'),
  (21, 9, 102, 'Ingin memberikan solusi komprehensif bagi kelestarian nasional dengan tim hebat saya.'),
  (22, 9, 100, 'https://drive.google.com/file/d/cv_portfolio_seed_22/view'),
  (22, 9, 101, 'https://github.com/project_seed_repo_22'),
  (22, 9, 102, 'Ingin memberikan solusi komprehensif bagi kelestarian nasional dengan tim hebat saya.'),
  (22, 18, 127, 'https://drive.google.com/file/d/cv_portfolio_seed_22/view'),
  (22, 18, 128, 'https://github.com/project_seed_repo_22'),
  (22, 18, 129, 'Ingin memberikan solusi komprehensif bagi kelestarian nasional dengan tim hebat saya.'),
  (24, 12, 109, 'https://drive.google.com/file/d/cv_portfolio_seed_24/view'),
  (24, 12, 110, 'https://github.com/project_seed_repo_24'),
  (24, 12, 111, 'Ingin memberikan solusi komprehensif bagi kelestarian nasional dengan tim hebat saya.'),
  (33, 14, 115, 'https://drive.google.com/file/d/cv_portfolio_seed_33/view'),
  (33, 14, 116, 'https://github.com/project_seed_repo_33'),
  (33, 14, 117, 'Ingin memberikan solusi komprehensif bagi kelestarian nasional dengan tim hebat saya.'),
  (33, 16, 121, 'https://drive.google.com/file/d/cv_portfolio_seed_33/view'),
  (33, 16, 122, 'https://github.com/project_seed_repo_33'),
  (33, 16, 123, 'Ingin memberikan solusi komprehensif bagi kelestarian nasional dengan tim hebat saya.'),
  (34, 16, 121, 'https://drive.google.com/file/d/cv_portfolio_seed_34/view'),
  (34, 16, 122, 'https://github.com/project_seed_repo_34'),
  (34, 16, 123, 'Ingin memberikan solusi komprehensif bagi kelestarian nasional dengan tim hebat saya.'),
  (34, 17, 124, 'https://drive.google.com/file/d/cv_portfolio_seed_34/view'),
  (34, 17, 125, 'https://github.com/project_seed_repo_34'),
  (34, 17, 126, 'Ingin memberikan solusi komprehensif bagi kelestarian nasional dengan tim hebat saya.'),
  (51, 14, 115, 'https://drive.google.com/file/d/cv_portfolio_seed_51/view'),
  (51, 14, 116, 'https://github.com/project_seed_repo_51'),
  (51, 14, 117, 'Ingin memberikan solusi komprehensif bagi kelestarian nasional dengan tim hebat saya.'),
  (51, 15, 118, 'https://drive.google.com/file/d/cv_portfolio_seed_51/view'),
  (51, 15, 119, 'https://github.com/project_seed_repo_51'),
  (51, 15, 120, 'Ingin memberikan solusi komprehensif bagi kelestarian nasional dengan tim hebat saya.'),
  (53, 9, 100, 'https://drive.google.com/file/d/cv_portfolio_seed_53/view'),
  (53, 9, 101, 'https://github.com/project_seed_repo_53'),
  (53, 9, 102, 'Ingin memberikan solusi komprehensif bagi kelestarian nasional dengan tim hebat saya.'),
  (55, 8, 97, 'https://drive.google.com/file/d/cv_portfolio_seed_55/view'),
  (55, 8, 98, 'https://github.com/project_seed_repo_55'),
  (55, 8, 99, 'Ingin memberikan solusi komprehensif bagi kelestarian nasional dengan tim hebat saya.'),
  (57, 7, 94, 'https://drive.google.com/file/d/cv_portfolio_seed_57/view'),
  (57, 7, 95, 'https://github.com/project_seed_repo_57'),
  (57, 7, 96, 'Ingin memberikan solusi komprehensif bagi kelestarian nasional dengan tim hebat saya.'),
  (57, 16, 121, 'https://drive.google.com/file/d/cv_portfolio_seed_57/view'),
  (57, 16, 122, 'https://github.com/project_seed_repo_57'),
  (57, 16, 123, 'Ingin memberikan solusi komprehensif bagi kelestarian nasional dengan tim hebat saya.'),
  (59, 20, 133, 'https://drive.google.com/file/d/cv_portfolio_seed_59/view'),
  (59, 20, 134, 'https://github.com/project_seed_repo_59'),
  (59, 20, 135, 'Ingin memberikan solusi komprehensif bagi kelestarian nasional dengan tim hebat saya.'),
  (60, 14, 115, 'https://drive.google.com/file/d/cv_portfolio_seed_60/view'),
  (60, 14, 116, 'https://github.com/project_seed_repo_60'),
  (60, 14, 117, 'Ingin memberikan solusi komprehensif bagi kelestarian nasional dengan tim hebat saya.'),
  (60, 20, 133, 'https://drive.google.com/file/d/cv_portfolio_seed_60/view'),
  (60, 20, 134, 'https://github.com/project_seed_repo_60'),
  (60, 20, 135, 'Ingin memberikan solusi komprehensif bagi kelestarian nasional dengan tim hebat saya.'),
  (62, 7, 94, 'https://drive.google.com/file/d/cv_portfolio_seed_62/view'),
  (62, 7, 95, 'https://github.com/project_seed_repo_62'),
  (62, 7, 96, 'Ingin memberikan solusi komprehensif bagi kelestarian nasional dengan tim hebat saya.'),
  (63, 13, 112, 'https://drive.google.com/file/d/cv_portfolio_seed_63/view'),
  (63, 13, 113, 'https://github.com/project_seed_repo_63'),
  (63, 13, 114, 'Ingin memberikan solusi komprehensif bagi kelestarian nasional dengan tim hebat saya.'),
  (65, 7, 94, 'https://drive.google.com/file/d/cv_portfolio_seed_65/view'),
  (65, 7, 95, 'https://github.com/project_seed_repo_65'),
  (65, 7, 96, 'Ingin memberikan solusi komprehensif bagi kelestarian nasional dengan tim hebat saya.'),
  (65, 18, 127, 'https://drive.google.com/file/d/cv_portfolio_seed_65/view'),
  (65, 18, 128, 'https://github.com/project_seed_repo_65'),
  (65, 18, 129, 'Ingin memberikan solusi komprehensif bagi kelestarian nasional dengan tim hebat saya.'),
  (66, 5, 88, 'https://drive.google.com/file/d/cv_portfolio_seed_66/view'),
  (66, 5, 89, 'https://github.com/project_seed_repo_66'),
  (66, 5, 90, 'Ingin memberikan solusi komprehensif bagi kelestarian nasional dengan tim hebat saya.'),
  (66, 6, 91, 'https://drive.google.com/file/d/cv_portfolio_seed_66/view'),
  (66, 6, 92, 'https://github.com/project_seed_repo_66'),
  (66, 6, 93, 'Ingin memberikan solusi komprehensif bagi kelestarian nasional dengan tim hebat saya.'),
  (67, 8, 97, 'https://drive.google.com/file/d/cv_portfolio_seed_67/view'),
  (67, 8, 98, 'https://github.com/project_seed_repo_67'),
  (67, 8, 99, 'Ingin memberikan solusi komprehensif bagi kelestarian nasional dengan tim hebat saya.'),
  (67, 9, 100, 'https://drive.google.com/file/d/cv_portfolio_seed_67/view'),
  (67, 9, 101, 'https://github.com/project_seed_repo_67'),
  (67, 9, 102, 'Ingin memberikan solusi komprehensif bagi kelestarian nasional dengan tim hebat saya.'),
  (68, 15, 118, 'https://drive.google.com/file/d/cv_portfolio_seed_68/view'),
  (68, 15, 119, 'https://github.com/project_seed_repo_68'),
  (68, 15, 120, 'Ingin memberikan solusi komprehensif bagi kelestarian nasional dengan tim hebat saya.'),
  (70, 10, 103, 'https://drive.google.com/file/d/cv_portfolio_seed_70/view'),
  (70, 10, 104, 'https://github.com/project_seed_repo_70'),
  (70, 10, 105, 'Ingin memberikan solusi komprehensif bagi kelestarian nasional dengan tim hebat saya.'),
  (71, 2, 79, 'https://drive.google.com/file/d/cv_portfolio_seed_71/view'),
  (71, 2, 80, 'https://github.com/project_seed_repo_71'),
  (71, 2, 81, 'Ingin memberikan solusi komprehensif bagi kelestarian nasional dengan tim hebat saya.'),
  (72, 4, 85, 'https://drive.google.com/file/d/cv_portfolio_seed_72/view'),
  (72, 4, 86, 'https://github.com/project_seed_repo_72'),
  (72, 4, 87, 'Ingin memberikan solusi komprehensif bagi kelestarian nasional dengan tim hebat saya.'),
  (72, 19, 130, 'https://drive.google.com/file/d/cv_portfolio_seed_72/view'),
  (72, 19, 131, 'https://github.com/project_seed_repo_72'),
  (72, 19, 132, 'Ingin memberikan solusi komprehensif bagi kelestarian nasional dengan tim hebat saya.'),
  (73, 4, 85, 'https://drive.google.com/file/d/cv_portfolio_seed_73/view'),
  (73, 4, 86, 'https://github.com/project_seed_repo_73'),
  (73, 4, 87, 'Ingin memberikan solusi komprehensif bagi kelestarian nasional dengan tim hebat saya.'),
  (73, 17, 124, 'https://drive.google.com/file/d/cv_portfolio_seed_73/view'),
  (73, 17, 125, 'https://github.com/project_seed_repo_73'),
  (73, 17, 126, 'Ingin memberikan solusi komprehensif bagi kelestarian nasional dengan tim hebat saya.'),
  (74, 13, 112, 'https://drive.google.com/file/d/cv_portfolio_seed_74/view'),
  (74, 13, 113, 'https://github.com/project_seed_repo_74'),
  (74, 13, 114, 'Ingin memberikan solusi komprehensif bagi kelestarian nasional dengan tim hebat saya.'),
  (76, 11, 106, 'https://drive.google.com/file/d/cv_portfolio_seed_76/view'),
  (76, 11, 107, 'https://github.com/project_seed_repo_76'),
  (76, 11, 108, 'Ingin memberikan solusi komprehensif bagi kelestarian nasional dengan tim hebat saya.'),
  (77, 14, 115, 'https://drive.google.com/file/d/cv_portfolio_seed_77/view'),
  (77, 14, 116, 'https://github.com/project_seed_repo_77'),
  (77, 14, 117, 'Ingin memberikan solusi komprehensif bagi kelestarian nasional dengan tim hebat saya.'),
  (78, 10, 103, 'https://drive.google.com/file/d/cv_portfolio_seed_78/view'),
  (78, 10, 104, 'https://github.com/project_seed_repo_78'),
  (78, 10, 105, 'Ingin memberikan solusi komprehensif bagi kelestarian nasional dengan tim hebat saya.'),
  (80, 5, 88, 'https://drive.google.com/file/d/cv_portfolio_seed_80/view'),
  (80, 5, 89, 'https://github.com/project_seed_repo_80'),
  (80, 5, 90, 'Ingin memberikan solusi komprehensif bagi kelestarian nasional dengan tim hebat saya.'),
  (80, 15, 118, 'https://drive.google.com/file/d/cv_portfolio_seed_80/view'),
  (80, 15, 119, 'https://github.com/project_seed_repo_80'),
  (80, 15, 120, 'Ingin memberikan solusi komprehensif bagi kelestarian nasional dengan tim hebat saya.'),
  (81, 20, 133, 'https://drive.google.com/file/d/cv_portfolio_seed_81/view'),
  (81, 20, 134, 'https://github.com/project_seed_repo_81'),
  (81, 20, 135, 'Ingin memberikan solusi komprehensif bagi kelestarian nasional dengan tim hebat saya.'),
  (82, 1, 76, 'https://drive.google.com/file/d/cv_portfolio_seed_82/view'),
  (82, 1, 77, 'https://github.com/project_seed_repo_82'),
  (82, 1, 78, 'Ingin memberikan solusi komprehensif bagi kelestarian nasional dengan tim hebat saya.'),
  (82, 10, 103, 'https://drive.google.com/file/d/cv_portfolio_seed_82/view'),
  (82, 10, 104, 'https://github.com/project_seed_repo_82'),
  (82, 10, 105, 'Ingin memberikan solusi komprehensif bagi kelestarian nasional dengan tim hebat saya.'),
  (83, 10, 103, 'https://drive.google.com/file/d/cv_portfolio_seed_83/view'),
  (83, 10, 104, 'https://github.com/project_seed_repo_83'),
  (83, 10, 105, 'Ingin memberikan solusi komprehensif bagi kelestarian nasional dengan tim hebat saya.'),
  (83, 13, 112, 'https://drive.google.com/file/d/cv_portfolio_seed_83/view'),
  (83, 13, 113, 'https://github.com/project_seed_repo_83'),
  (83, 13, 114, 'Ingin memberikan solusi komprehensif bagi kelestarian nasional dengan tim hebat saya.'),
  (84, 17, 124, 'https://drive.google.com/file/d/cv_portfolio_seed_84/view'),
  (84, 17, 125, 'https://github.com/project_seed_repo_84'),
  (84, 17, 126, 'Ingin memberikan solusi komprehensif bagi kelestarian nasional dengan tim hebat saya.'),
  (84, 19, 130, 'https://drive.google.com/file/d/cv_portfolio_seed_84/view'),
  (84, 19, 131, 'https://github.com/project_seed_repo_84'),
  (84, 19, 132, 'Ingin memberikan solusi komprehensif bagi kelestarian nasional dengan tim hebat saya.'),
  (85, 18, 127, 'https://drive.google.com/file/d/cv_portfolio_seed_85/view'),
  (85, 18, 128, 'https://github.com/project_seed_repo_85'),
  (85, 18, 129, 'Ingin memberikan solusi komprehensif bagi kelestarian nasional dengan tim hebat saya.'),
  (86, 5, 88, 'https://drive.google.com/file/d/cv_portfolio_seed_86/view'),
  (86, 5, 89, 'https://github.com/project_seed_repo_86'),
  (86, 5, 90, 'Ingin memberikan solusi komprehensif bagi kelestarian nasional dengan tim hebat saya.'),
  (86, 18, 127, 'https://drive.google.com/file/d/cv_portfolio_seed_86/view'),
  (86, 18, 128, 'https://github.com/project_seed_repo_86'),
  (86, 18, 129, 'Ingin memberikan solusi komprehensif bagi kelestarian nasional dengan tim hebat saya.'),
  (87, 4, 85, 'https://drive.google.com/file/d/cv_portfolio_seed_87/view'),
  (87, 4, 86, 'https://github.com/project_seed_repo_87'),
  (87, 4, 87, 'Ingin memberikan solusi komprehensif bagi kelestarian nasional dengan tim hebat saya.'),
  (87, 9, 100, 'https://drive.google.com/file/d/cv_portfolio_seed_87/view'),
  (87, 9, 101, 'https://github.com/project_seed_repo_87'),
  (87, 9, 102, 'Ingin memberikan solusi komprehensif bagi kelestarian nasional dengan tim hebat saya.'),
  (88, 20, 133, 'https://drive.google.com/file/d/cv_portfolio_seed_88/view'),
  (88, 20, 134, 'https://github.com/project_seed_repo_88'),
  (88, 20, 135, 'Ingin memberikan solusi komprehensif bagi kelestarian nasional dengan tim hebat saya.'),
  (89, 3, 82, 'https://drive.google.com/file/d/cv_portfolio_seed_89/view'),
  (89, 3, 83, 'https://github.com/project_seed_repo_89'),
  (89, 3, 84, 'Ingin memberikan solusi komprehensif bagi kelestarian nasional dengan tim hebat saya.'),
  (89, 14, 115, 'https://drive.google.com/file/d/cv_portfolio_seed_89/view'),
  (89, 14, 116, 'https://github.com/project_seed_repo_89'),
  (89, 14, 117, 'Ingin memberikan solusi komprehensif bagi kelestarian nasional dengan tim hebat saya.'),
  (90, 12, 109, 'https://drive.google.com/file/d/cv_portfolio_seed_90/view'),
  (90, 12, 110, 'https://github.com/project_seed_repo_90'),
  (90, 12, 111, 'Ingin memberikan solusi komprehensif bagi kelestarian nasional dengan tim hebat saya.'),
  (90, 19, 130, 'https://drive.google.com/file/d/cv_portfolio_seed_90/view'),
  (90, 19, 131, 'https://github.com/project_seed_repo_90'),
  (90, 19, 132, 'Ingin memberikan solusi komprehensif bagi kelestarian nasional dengan tim hebat saya.'),
  (91, 1, 76, 'https://drive.google.com/file/d/cv_portfolio_seed_91/view'),
  (91, 1, 77, 'https://github.com/project_seed_repo_91'),
  (91, 1, 78, 'Ingin memberikan solusi komprehensif bagi kelestarian nasional dengan tim hebat saya.'),
  (92, 10, 103, 'https://drive.google.com/file/d/cv_portfolio_seed_92/view'),
  (92, 10, 104, 'https://github.com/project_seed_repo_92'),
  (92, 10, 105, 'Ingin memberikan solusi komprehensif bagi kelestarian nasional dengan tim hebat saya.'),
  (94, 8, 97, 'https://drive.google.com/file/d/cv_portfolio_seed_94/view'),
  (94, 8, 98, 'https://github.com/project_seed_repo_94'),
  (94, 8, 99, 'Ingin memberikan solusi komprehensif bagi kelestarian nasional dengan tim hebat saya.'),
  (97, 19, 130, 'https://drive.google.com/file/d/cv_portfolio_seed_97/view'),
  (97, 19, 131, 'https://github.com/project_seed_repo_97'),
  (97, 19, 132, 'Ingin memberikan solusi komprehensif bagi kelestarian nasional dengan tim hebat saya.'),
  (99, 6, 91, 'https://drive.google.com/file/d/cv_portfolio_seed_99/view'),
  (99, 6, 92, 'https://github.com/project_seed_repo_99'),
  (99, 6, 93, 'Ingin memberikan solusi komprehensif bagi kelestarian nasional dengan tim hebat saya.'),
  (101, 12, 109, 'https://drive.google.com/file/d/cv_portfolio_seed_101/view'),
  (101, 12, 110, 'https://github.com/project_seed_repo_101'),
  (101, 12, 111, 'Ingin memberikan solusi komprehensif bagi kelestarian nasional dengan tim hebat saya.'),
  (101, 13, 112, 'https://drive.google.com/file/d/cv_portfolio_seed_101/view'),
  (101, 13, 113, 'https://github.com/project_seed_repo_101'),
  (101, 13, 114, 'Ingin memberikan solusi komprehensif bagi kelestarian nasional dengan tim hebat saya.'),
  (103, 7, 94, 'https://drive.google.com/file/d/cv_portfolio_seed_103/view'),
  (103, 7, 95, 'https://github.com/project_seed_repo_103'),
  (103, 7, 96, 'Ingin memberikan solusi komprehensif bagi kelestarian nasional dengan tim hebat saya.'),
  (104, 9, 100, 'https://drive.google.com/file/d/cv_portfolio_seed_104/view'),
  (104, 9, 101, 'https://github.com/project_seed_repo_104'),
  (104, 9, 102, 'Ingin memberikan solusi komprehensif bagi kelestarian nasional dengan tim hebat saya.'),
  (104, 15, 118, 'https://drive.google.com/file/d/cv_portfolio_seed_104/view'),
  (104, 15, 119, 'https://github.com/project_seed_repo_104'),
  (104, 15, 120, 'Ingin memberikan solusi komprehensif bagi kelestarian nasional dengan tim hebat saya.'),
  (105, 13, 112, 'https://drive.google.com/file/d/cv_portfolio_seed_105/view'),
  (105, 13, 113, 'https://github.com/project_seed_repo_105'),
  (105, 13, 114, 'Ingin memberikan solusi komprehensif bagi kelestarian nasional dengan tim hebat saya.'),
  (106, 2, 79, 'https://drive.google.com/file/d/cv_portfolio_seed_106/view'),
  (106, 2, 80, 'https://github.com/project_seed_repo_106'),
  (106, 2, 81, 'Ingin memberikan solusi komprehensif bagi kelestarian nasional dengan tim hebat saya.'),
  (107, 9, 100, 'https://drive.google.com/file/d/cv_portfolio_seed_107/view'),
  (107, 9, 101, 'https://github.com/project_seed_repo_107'),
  (107, 9, 102, 'Ingin memberikan solusi komprehensif bagi kelestarian nasional dengan tim hebat saya.'),
  (107, 17, 124, 'https://drive.google.com/file/d/cv_portfolio_seed_107/view'),
  (107, 17, 125, 'https://github.com/project_seed_repo_107'),
  (107, 17, 126, 'Ingin memberikan solusi komprehensif bagi kelestarian nasional dengan tim hebat saya.'),
  (108, 7, 94, 'https://drive.google.com/file/d/cv_portfolio_seed_108/view'),
  (108, 7, 95, 'https://github.com/project_seed_repo_108'),
  (108, 7, 96, 'Ingin memberikan solusi komprehensif bagi kelestarian nasional dengan tim hebat saya.'),
  (109, 9, 100, 'https://drive.google.com/file/d/cv_portfolio_seed_109/view'),
  (109, 9, 101, 'https://github.com/project_seed_repo_109'),
  (109, 9, 102, 'Ingin memberikan solusi komprehensif bagi kelestarian nasional dengan tim hebat saya.'),
  (110, 18, 127, 'https://drive.google.com/file/d/cv_portfolio_seed_110/view'),
  (110, 18, 128, 'https://github.com/project_seed_repo_110'),
  (110, 18, 129, 'Ingin memberikan solusi komprehensif bagi kelestarian nasional dengan tim hebat saya.'),
  (110, 19, 130, 'https://drive.google.com/file/d/cv_portfolio_seed_110/view'),
  (110, 19, 131, 'https://github.com/project_seed_repo_110'),
  (110, 19, 132, 'Ingin memberikan solusi komprehensif bagi kelestarian nasional dengan tim hebat saya.'),
  (111, 1, 76, 'https://drive.google.com/file/d/cv_portfolio_seed_111/view'),
  (111, 1, 77, 'https://github.com/project_seed_repo_111'),
  (111, 1, 78, 'Ingin memberikan solusi komprehensif bagi kelestarian nasional dengan tim hebat saya.'),
  (111, 16, 121, 'https://drive.google.com/file/d/cv_portfolio_seed_111/view'),
  (111, 16, 122, 'https://github.com/project_seed_repo_111'),
  (111, 16, 123, 'Ingin memberikan solusi komprehensif bagi kelestarian nasional dengan tim hebat saya.'),
  (112, 3, 82, 'https://drive.google.com/file/d/cv_portfolio_seed_112/view'),
  (112, 3, 83, 'https://github.com/project_seed_repo_112'),
  (112, 3, 84, 'Ingin memberikan solusi komprehensif bagi kelestarian nasional dengan tim hebat saya.'),
  (113, 7, 94, 'https://drive.google.com/file/d/cv_portfolio_seed_113/view'),
  (113, 7, 95, 'https://github.com/project_seed_repo_113'),
  (113, 7, 96, 'Ingin memberikan solusi komprehensif bagi kelestarian nasional dengan tim hebat saya.'),
  (113, 18, 127, 'https://drive.google.com/file/d/cv_portfolio_seed_113/view'),
  (113, 18, 128, 'https://github.com/project_seed_repo_113'),
  (113, 18, 129, 'Ingin memberikan solusi komprehensif bagi kelestarian nasional dengan tim hebat saya.'),
  (116, 19, 130, 'https://drive.google.com/file/d/cv_portfolio_seed_116/view'),
  (116, 19, 131, 'https://github.com/project_seed_repo_116'),
  (116, 19, 132, 'Ingin memberikan solusi komprehensif bagi kelestarian nasional dengan tim hebat saya.'),
  (117, 8, 97, 'https://drive.google.com/file/d/cv_portfolio_seed_117/view'),
  (117, 8, 98, 'https://github.com/project_seed_repo_117'),
  (117, 8, 99, 'Ingin memberikan solusi komprehensif bagi kelestarian nasional dengan tim hebat saya.'),
  (118, 17, 124, 'https://drive.google.com/file/d/cv_portfolio_seed_118/view'),
  (118, 17, 125, 'https://github.com/project_seed_repo_118'),
  (118, 17, 126, 'Ingin memberikan solusi komprehensif bagi kelestarian nasional dengan tim hebat saya.'),
  (119, 3, 82, 'https://drive.google.com/file/d/cv_portfolio_seed_119/view'),
  (119, 3, 83, 'https://github.com/project_seed_repo_119'),
  (119, 3, 84, 'Ingin memberikan solusi komprehensif bagi kelestarian nasional dengan tim hebat saya.'),
  (120, 10, 103, 'https://drive.google.com/file/d/cv_portfolio_seed_120/view'),
  (120, 10, 104, 'https://github.com/project_seed_repo_120'),
  (120, 10, 105, 'Ingin memberikan solusi komprehensif bagi kelestarian nasional dengan tim hebat saya.'),
  (120, 20, 133, 'https://drive.google.com/file/d/cv_portfolio_seed_120/view'),
  (120, 20, 134, 'https://github.com/project_seed_repo_120'),
  (120, 20, 135, 'Ingin memberikan solusi komprehensif bagi kelestarian nasional dengan tim hebat saya.'),
  (121, 14, 115, 'https://drive.google.com/file/d/cv_portfolio_seed_121/view'),
  (121, 14, 116, 'https://github.com/project_seed_repo_121'),
  (121, 14, 117, 'Ingin memberikan solusi komprehensif bagi kelestarian nasional dengan tim hebat saya.'),
  (121, 16, 121, 'https://drive.google.com/file/d/cv_portfolio_seed_121/view'),
  (121, 16, 122, 'https://github.com/project_seed_repo_121'),
  (121, 16, 123, 'Ingin memberikan solusi komprehensif bagi kelestarian nasional dengan tim hebat saya.'),
  (122, 14, 115, 'https://drive.google.com/file/d/cv_portfolio_seed_122/view'),
  (122, 14, 116, 'https://github.com/project_seed_repo_122'),
  (122, 14, 117, 'Ingin memberikan solusi komprehensif bagi kelestarian nasional dengan tim hebat saya.'),
  (123, 7, 94, 'https://drive.google.com/file/d/cv_portfolio_seed_123/view'),
  (123, 7, 95, 'https://github.com/project_seed_repo_123'),
  (123, 7, 96, 'Ingin memberikan solusi komprehensif bagi kelestarian nasional dengan tim hebat saya.'),
  (123, 18, 127, 'https://drive.google.com/file/d/cv_portfolio_seed_123/view'),
  (123, 18, 128, 'https://github.com/project_seed_repo_123'),
  (123, 18, 129, 'Ingin memberikan solusi komprehensif bagi kelestarian nasional dengan tim hebat saya.'),
  (124, 5, 88, 'https://drive.google.com/file/d/cv_portfolio_seed_124/view'),
  (124, 5, 89, 'https://github.com/project_seed_repo_124'),
  (124, 5, 90, 'Ingin memberikan solusi komprehensif bagi kelestarian nasional dengan tim hebat saya.'),
  (125, 5, 88, 'https://drive.google.com/file/d/cv_portfolio_seed_125/view'),
  (125, 5, 89, 'https://github.com/project_seed_repo_125'),
  (125, 5, 90, 'Ingin memberikan solusi komprehensif bagi kelestarian nasional dengan tim hebat saya.'),
  (125, 11, 106, 'https://drive.google.com/file/d/cv_portfolio_seed_125/view'),
  (125, 11, 107, 'https://github.com/project_seed_repo_125'),
  (125, 11, 108, 'Ingin memberikan solusi komprehensif bagi kelestarian nasional dengan tim hebat saya.'),
  (126, 2, 79, 'https://drive.google.com/file/d/cv_portfolio_seed_126/view'),
  (126, 2, 80, 'https://github.com/project_seed_repo_126'),
  (126, 2, 81, 'Ingin memberikan solusi komprehensif bagi kelestarian nasional dengan tim hebat saya.'),
  (127, 10, 103, 'https://drive.google.com/file/d/cv_portfolio_seed_127/view'),
  (127, 10, 104, 'https://github.com/project_seed_repo_127'),
  (127, 10, 105, 'Ingin memberikan solusi komprehensif bagi kelestarian nasional dengan tim hebat saya.'),
  (241, 3, 82, 'https://drive.google.com/file/d/cv_portfolio_seed_241/view'),
  (241, 3, 83, 'https://github.com/project_seed_repo_241'),
  (241, 3, 84, 'Ingin memberikan solusi komprehensif bagi kelestarian nasional dengan tim hebat saya.'),
  (241, 6, 91, 'https://drive.google.com/file/d/cv_portfolio_seed_241/view'),
  (241, 6, 92, 'https://github.com/project_seed_repo_241'),
  (241, 6, 93, 'Ingin memberikan solusi komprehensif bagi kelestarian nasional dengan tim hebat saya.'),
  (242, 8, 97, 'https://drive.google.com/file/d/cv_portfolio_seed_242/view'),
  (242, 8, 98, 'https://github.com/project_seed_repo_242'),
  (242, 8, 99, 'Ingin memberikan solusi komprehensif bagi kelestarian nasional dengan tim hebat saya.'),
  (243, 5, 88, 'https://drive.google.com/file/d/cv_portfolio_seed_243/view'),
  (243, 5, 89, 'https://github.com/project_seed_repo_243'),
  (243, 5, 90, 'Ingin memberikan solusi komprehensif bagi kelestarian nasional dengan tim hebat saya.'),
  (244, 2, 79, 'https://drive.google.com/file/d/cv_portfolio_seed_244/view'),
  (244, 2, 80, 'https://github.com/project_seed_repo_244'),
  (244, 2, 81, 'Ingin memberikan solusi komprehensif bagi kelestarian nasional dengan tim hebat saya.'),
  (245, 10, 103, 'https://drive.google.com/file/d/cv_portfolio_seed_245/view'),
  (245, 10, 104, 'https://github.com/project_seed_repo_245'),
  (245, 10, 105, 'Ingin memberikan solusi komprehensif bagi kelestarian nasional dengan tim hebat saya.'),
  (245, 19, 130, 'https://drive.google.com/file/d/cv_portfolio_seed_245/view'),
  (245, 19, 131, 'https://github.com/project_seed_repo_245'),
  (245, 19, 132, 'Ingin memberikan solusi komprehensif bagi kelestarian nasional dengan tim hebat saya.'),
  (246, 1, 76, 'https://drive.google.com/file/d/cv_portfolio_seed_246/view'),
  (246, 1, 77, 'https://github.com/project_seed_repo_246'),
  (246, 1, 78, 'Ingin memberikan solusi komprehensif bagi kelestarian nasional dengan tim hebat saya.'),
  (246, 18, 127, 'https://drive.google.com/file/d/cv_portfolio_seed_246/view'),
  (246, 18, 128, 'https://github.com/project_seed_repo_246'),
  (246, 18, 129, 'Ingin memberikan solusi komprehensif bagi kelestarian nasional dengan tim hebat saya.'),
  (247, 2, 79, 'https://drive.google.com/file/d/cv_portfolio_seed_247/view'),
  (247, 2, 80, 'https://github.com/project_seed_repo_247'),
  (247, 2, 81, 'Ingin memberikan solusi komprehensif bagi kelestarian nasional dengan tim hebat saya.'),
  (247, 6, 91, 'https://drive.google.com/file/d/cv_portfolio_seed_247/view'),
  (247, 6, 92, 'https://github.com/project_seed_repo_247'),
  (247, 6, 93, 'Ingin memberikan solusi komprehensif bagi kelestarian nasional dengan tim hebat saya.'),
  (248, 2, 79, 'https://drive.google.com/file/d/cv_portfolio_seed_248/view'),
  (248, 2, 80, 'https://github.com/project_seed_repo_248'),
  (248, 2, 81, 'Ingin memberikan solusi komprehensif bagi kelestarian nasional dengan tim hebat saya.'),
  (249, 7, 94, 'https://drive.google.com/file/d/cv_portfolio_seed_249/view'),
  (249, 7, 95, 'https://github.com/project_seed_repo_249'),
  (249, 7, 96, 'Ingin memberikan solusi komprehensif bagi kelestarian nasional dengan tim hebat saya.'),
  (250, 15, 118, 'https://drive.google.com/file/d/cv_portfolio_seed_250/view'),
  (250, 15, 119, 'https://github.com/project_seed_repo_250'),
  (250, 15, 120, 'Ingin memberikan solusi komprehensif bagi kelestarian nasional dengan tim hebat saya.'),
  (250, 16, 121, 'https://drive.google.com/file/d/cv_portfolio_seed_250/view'),
  (250, 16, 122, 'https://github.com/project_seed_repo_250'),
  (250, 16, 123, 'Ingin memberikan solusi komprehensif bagi kelestarian nasional dengan tim hebat saya.'),
  (251, 16, 121, 'https://drive.google.com/file/d/cv_portfolio_seed_251/view'),
  (251, 16, 122, 'https://github.com/project_seed_repo_251'),
  (251, 16, 123, 'Ingin memberikan solusi komprehensif bagi kelestarian nasional dengan tim hebat saya.'),
  (253, 7, 94, 'https://drive.google.com/file/d/cv_portfolio_seed_253/view'),
  (253, 7, 95, 'https://github.com/project_seed_repo_253'),
  (253, 7, 96, 'Ingin memberikan solusi komprehensif bagi kelestarian nasional dengan tim hebat saya.'),
  (253, 15, 118, 'https://drive.google.com/file/d/cv_portfolio_seed_253/view'),
  (253, 15, 119, 'https://github.com/project_seed_repo_253'),
  (253, 15, 120, 'Ingin memberikan solusi komprehensif bagi kelestarian nasional dengan tim hebat saya.'),
  (255, 5, 88, 'https://drive.google.com/file/d/cv_portfolio_seed_255/view'),
  (255, 5, 89, 'https://github.com/project_seed_repo_255'),
  (255, 5, 90, 'Ingin memberikan solusi komprehensif bagi kelestarian nasional dengan tim hebat saya.'),
  (255, 19, 130, 'https://drive.google.com/file/d/cv_portfolio_seed_255/view'),
  (255, 19, 131, 'https://github.com/project_seed_repo_255'),
  (255, 19, 132, 'Ingin memberikan solusi komprehensif bagi kelestarian nasional dengan tim hebat saya.'),
  (256, 19, 130, 'https://drive.google.com/file/d/cv_portfolio_seed_256/view'),
  (256, 19, 131, 'https://github.com/project_seed_repo_256'),
  (256, 19, 132, 'Ingin memberikan solusi komprehensif bagi kelestarian nasional dengan tim hebat saya.'),
  (257, 10, 103, 'https://drive.google.com/file/d/cv_portfolio_seed_257/view'),
  (257, 10, 104, 'https://github.com/project_seed_repo_257'),
  (257, 10, 105, 'Ingin memberikan solusi komprehensif bagi kelestarian nasional dengan tim hebat saya.'),
  (258, 4, 85, 'https://drive.google.com/file/d/cv_portfolio_seed_258/view'),
  (258, 4, 86, 'https://github.com/project_seed_repo_258'),
  (258, 4, 87, 'Ingin memberikan solusi komprehensif bagi kelestarian nasional dengan tim hebat saya.'),
  (258, 5, 88, 'https://drive.google.com/file/d/cv_portfolio_seed_258/view'),
  (258, 5, 89, 'https://github.com/project_seed_repo_258'),
  (258, 5, 90, 'Ingin memberikan solusi komprehensif bagi kelestarian nasional dengan tim hebat saya.'),
  (259, 10, 103, 'https://drive.google.com/file/d/cv_portfolio_seed_259/view'),
  (259, 10, 104, 'https://github.com/project_seed_repo_259'),
  (259, 10, 105, 'Ingin memberikan solusi komprehensif bagi kelestarian nasional dengan tim hebat saya.'),
  (260, 11, 106, 'https://drive.google.com/file/d/cv_portfolio_seed_260/view'),
  (260, 11, 107, 'https://github.com/project_seed_repo_260'),
  (260, 11, 108, 'Ingin memberikan solusi komprehensif bagi kelestarian nasional dengan tim hebat saya.'),
  (261, 3, 82, 'https://drive.google.com/file/d/cv_portfolio_seed_261/view'),
  (261, 3, 83, 'https://github.com/project_seed_repo_261'),
  (261, 3, 84, 'Ingin memberikan solusi komprehensif bagi kelestarian nasional dengan tim hebat saya.'),
  (261, 13, 112, 'https://drive.google.com/file/d/cv_portfolio_seed_261/view'),
  (261, 13, 113, 'https://github.com/project_seed_repo_261'),
  (261, 13, 114, 'Ingin memberikan solusi komprehensif bagi kelestarian nasional dengan tim hebat saya.'),
  (262, 10, 103, 'https://drive.google.com/file/d/cv_portfolio_seed_262/view'),
  (262, 10, 104, 'https://github.com/project_seed_repo_262'),
  (262, 10, 105, 'Ingin memberikan solusi komprehensif bagi kelestarian nasional dengan tim hebat saya.'),
  (263, 20, 133, 'https://drive.google.com/file/d/cv_portfolio_seed_263/view'),
  (263, 20, 134, 'https://github.com/project_seed_repo_263'),
  (263, 20, 135, 'Ingin memberikan solusi komprehensif bagi kelestarian nasional dengan tim hebat saya.'),
  (264, 5, 88, 'https://drive.google.com/file/d/cv_portfolio_seed_264/view'),
  (264, 5, 89, 'https://github.com/project_seed_repo_264'),
  (264, 5, 90, 'Ingin memberikan solusi komprehensif bagi kelestarian nasional dengan tim hebat saya.'),
  (265, 11, 106, 'https://drive.google.com/file/d/cv_portfolio_seed_265/view'),
  (265, 11, 107, 'https://github.com/project_seed_repo_265'),
  (265, 11, 108, 'Ingin memberikan solusi komprehensif bagi kelestarian nasional dengan tim hebat saya.'),
  (265, 19, 130, 'https://drive.google.com/file/d/cv_portfolio_seed_265/view'),
  (265, 19, 131, 'https://github.com/project_seed_repo_265'),
  (265, 19, 132, 'Ingin memberikan solusi komprehensif bagi kelestarian nasional dengan tim hebat saya.'),
  (266, 1, 76, 'https://drive.google.com/file/d/cv_portfolio_seed_266/view'),
  (266, 1, 77, 'https://github.com/project_seed_repo_266'),
  (266, 1, 78, 'Ingin memberikan solusi komprehensif bagi kelestarian nasional dengan tim hebat saya.'),
  (267, 8, 97, 'https://drive.google.com/file/d/cv_portfolio_seed_267/view'),
  (267, 8, 98, 'https://github.com/project_seed_repo_267'),
  (267, 8, 99, 'Ingin memberikan solusi komprehensif bagi kelestarian nasional dengan tim hebat saya.'),
  (268, 14, 115, 'https://drive.google.com/file/d/cv_portfolio_seed_268/view'),
  (268, 14, 116, 'https://github.com/project_seed_repo_268'),
  (268, 14, 117, 'Ingin memberikan solusi komprehensif bagi kelestarian nasional dengan tim hebat saya.'),
  (269, 7, 94, 'https://drive.google.com/file/d/cv_portfolio_seed_269/view'),
  (269, 7, 95, 'https://github.com/project_seed_repo_269'),
  (269, 7, 96, 'Ingin memberikan solusi komprehensif bagi kelestarian nasional dengan tim hebat saya.'),
  (269, 13, 112, 'https://drive.google.com/file/d/cv_portfolio_seed_269/view'),
  (269, 13, 113, 'https://github.com/project_seed_repo_269'),
  (269, 13, 114, 'Ingin memberikan solusi komprehensif bagi kelestarian nasional dengan tim hebat saya.'),
  (271, 1, 76, 'https://drive.google.com/file/d/cv_portfolio_seed_271/view'),
  (271, 1, 77, 'https://github.com/project_seed_repo_271'),
  (271, 1, 78, 'Ingin memberikan solusi komprehensif bagi kelestarian nasional dengan tim hebat saya.'),
  (271, 19, 130, 'https://drive.google.com/file/d/cv_portfolio_seed_271/view'),
  (271, 19, 131, 'https://github.com/project_seed_repo_271'),
  (271, 19, 132, 'Ingin memberikan solusi komprehensif bagi kelestarian nasional dengan tim hebat saya.'),
  (272, 1, 76, 'https://drive.google.com/file/d/cv_portfolio_seed_272/view'),
  (272, 1, 77, 'https://github.com/project_seed_repo_272'),
  (272, 1, 78, 'Ingin memberikan solusi komprehensif bagi kelestarian nasional dengan tim hebat saya.'),
  (272, 12, 109, 'https://drive.google.com/file/d/cv_portfolio_seed_272/view'),
  (272, 12, 110, 'https://github.com/project_seed_repo_272'),
  (272, 12, 111, 'Ingin memberikan solusi komprehensif bagi kelestarian nasional dengan tim hebat saya.'),
  (274, 11, 106, 'https://drive.google.com/file/d/cv_portfolio_seed_274/view'),
  (274, 11, 107, 'https://github.com/project_seed_repo_274'),
  (274, 11, 108, 'Ingin memberikan solusi komprehensif bagi kelestarian nasional dengan tim hebat saya.'),
  (274, 16, 121, 'https://drive.google.com/file/d/cv_portfolio_seed_274/view'),
  (274, 16, 122, 'https://github.com/project_seed_repo_274'),
  (274, 16, 123, 'Ingin memberikan solusi komprehensif bagi kelestarian nasional dengan tim hebat saya.'),
  (276, 14, 115, 'https://drive.google.com/file/d/cv_portfolio_seed_276/view'),
  (276, 14, 116, 'https://github.com/project_seed_repo_276'),
  (276, 14, 117, 'Ingin memberikan solusi komprehensif bagi kelestarian nasional dengan tim hebat saya.'),
  (277, 5, 88, 'https://drive.google.com/file/d/cv_portfolio_seed_277/view'),
  (277, 5, 89, 'https://github.com/project_seed_repo_277'),
  (277, 5, 90, 'Ingin memberikan solusi komprehensif bagi kelestarian nasional dengan tim hebat saya.'),
  (277, 11, 106, 'https://drive.google.com/file/d/cv_portfolio_seed_277/view'),
  (277, 11, 107, 'https://github.com/project_seed_repo_277'),
  (277, 11, 108, 'Ingin memberikan solusi komprehensif bagi kelestarian nasional dengan tim hebat saya.'),
  (278, 13, 112, 'https://drive.google.com/file/d/cv_portfolio_seed_278/view'),
  (278, 13, 113, 'https://github.com/project_seed_repo_278'),
  (278, 13, 114, 'Ingin memberikan solusi komprehensif bagi kelestarian nasional dengan tim hebat saya.'),
  (279, 18, 127, 'https://drive.google.com/file/d/cv_portfolio_seed_279/view'),
  (279, 18, 128, 'https://github.com/project_seed_repo_279'),
  (279, 18, 129, 'Ingin memberikan solusi komprehensif bagi kelestarian nasional dengan tim hebat saya.'),
  (280, 15, 118, 'https://drive.google.com/file/d/cv_portfolio_seed_280/view'),
  (280, 15, 119, 'https://github.com/project_seed_repo_280'),
  (280, 15, 120, 'Ingin memberikan solusi komprehensif bagi kelestarian nasional dengan tim hebat saya.'),
  (281, 4, 85, 'https://drive.google.com/file/d/cv_portfolio_seed_281/view'),
  (281, 4, 86, 'https://github.com/project_seed_repo_281'),
  (281, 4, 87, 'Ingin memberikan solusi komprehensif bagi kelestarian nasional dengan tim hebat saya.'),
  (281, 10, 103, 'https://drive.google.com/file/d/cv_portfolio_seed_281/view'),
  (281, 10, 104, 'https://github.com/project_seed_repo_281'),
  (281, 10, 105, 'Ingin memberikan solusi komprehensif bagi kelestarian nasional dengan tim hebat saya.'),
  (282, 1, 76, 'https://drive.google.com/file/d/cv_portfolio_seed_282/view'),
  (282, 1, 77, 'https://github.com/project_seed_repo_282'),
  (282, 1, 78, 'Ingin memberikan solusi komprehensif bagi kelestarian nasional dengan tim hebat saya.'),
  (284, 7, 94, 'https://drive.google.com/file/d/cv_portfolio_seed_284/view'),
  (284, 7, 95, 'https://github.com/project_seed_repo_284'),
  (284, 7, 96, 'Ingin memberikan solusi komprehensif bagi kelestarian nasional dengan tim hebat saya.'),
  (284, 12, 109, 'https://drive.google.com/file/d/cv_portfolio_seed_284/view'),
  (284, 12, 110, 'https://github.com/project_seed_repo_284'),
  (284, 12, 111, 'Ingin memberikan solusi komprehensif bagi kelestarian nasional dengan tim hebat saya.'),
  (285, 13, 112, 'https://drive.google.com/file/d/cv_portfolio_seed_285/view'),
  (285, 13, 113, 'https://github.com/project_seed_repo_285'),
  (285, 13, 114, 'Ingin memberikan solusi komprehensif bagi kelestarian nasional dengan tim hebat saya.'),
  (287, 4, 85, 'https://drive.google.com/file/d/cv_portfolio_seed_287/view'),
  (287, 4, 86, 'https://github.com/project_seed_repo_287'),
  (287, 4, 87, 'Ingin memberikan solusi komprehensif bagi kelestarian nasional dengan tim hebat saya.'),
  (287, 11, 106, 'https://drive.google.com/file/d/cv_portfolio_seed_287/view'),
  (287, 11, 107, 'https://github.com/project_seed_repo_287'),
  (287, 11, 108, 'Ingin memberikan solusi komprehensif bagi kelestarian nasional dengan tim hebat saya.'),
  (288, 4, 85, 'https://drive.google.com/file/d/cv_portfolio_seed_288/view'),
  (288, 4, 86, 'https://github.com/project_seed_repo_288'),
  (288, 4, 87, 'Ingin memberikan solusi komprehensif bagi kelestarian nasional dengan tim hebat saya.'),
  (289, 9, 100, 'https://drive.google.com/file/d/cv_portfolio_seed_289/view'),
  (289, 9, 101, 'https://github.com/project_seed_repo_289'),
  (289, 9, 102, 'Ingin memberikan solusi komprehensif bagi kelestarian nasional dengan tim hebat saya.'),
  (291, 6, 91, 'https://drive.google.com/file/d/cv_portfolio_seed_291/view'),
  (291, 6, 92, 'https://github.com/project_seed_repo_291'),
  (291, 6, 93, 'Ingin memberikan solusi komprehensif bagi kelestarian nasional dengan tim hebat saya.'),
  (291, 18, 127, 'https://drive.google.com/file/d/cv_portfolio_seed_291/view'),
  (291, 18, 128, 'https://github.com/project_seed_repo_291'),
  (291, 18, 129, 'Ingin memberikan solusi komprehensif bagi kelestarian nasional dengan tim hebat saya.'),
  (292, 1, 76, 'https://drive.google.com/file/d/cv_portfolio_seed_292/view'),
  (292, 1, 77, 'https://github.com/project_seed_repo_292'),
  (292, 1, 78, 'Ingin memberikan solusi komprehensif bagi kelestarian nasional dengan tim hebat saya.'),
  (292, 12, 109, 'https://drive.google.com/file/d/cv_portfolio_seed_292/view'),
  (292, 12, 110, 'https://github.com/project_seed_repo_292'),
  (292, 12, 111, 'Ingin memberikan solusi komprehensif bagi kelestarian nasional dengan tim hebat saya.'),
  (293, 9, 100, 'https://drive.google.com/file/d/cv_portfolio_seed_293/view'),
  (293, 9, 101, 'https://github.com/project_seed_repo_293'),
  (293, 9, 102, 'Ingin memberikan solusi komprehensif bagi kelestarian nasional dengan tim hebat saya.'),
  (294, 4, 85, 'https://drive.google.com/file/d/cv_portfolio_seed_294/view'),
  (294, 4, 86, 'https://github.com/project_seed_repo_294'),
  (294, 4, 87, 'Ingin memberikan solusi komprehensif bagi kelestarian nasional dengan tim hebat saya.'),
  (295, 8, 97, 'https://drive.google.com/file/d/cv_portfolio_seed_295/view'),
  (295, 8, 98, 'https://github.com/project_seed_repo_295'),
  (295, 8, 99, 'Ingin memberikan solusi komprehensif bagi kelestarian nasional dengan tim hebat saya.'),
  (296, 5, 88, 'https://drive.google.com/file/d/cv_portfolio_seed_296/view'),
  (296, 5, 89, 'https://github.com/project_seed_repo_296'),
  (296, 5, 90, 'Ingin memberikan solusi komprehensif bagi kelestarian nasional dengan tim hebat saya.'),
  (298, 7, 94, 'https://drive.google.com/file/d/cv_portfolio_seed_298/view'),
  (298, 7, 95, 'https://github.com/project_seed_repo_298'),
  (298, 7, 96, 'Ingin memberikan solusi komprehensif bagi kelestarian nasional dengan tim hebat saya.'),
  (299, 7, 94, 'https://drive.google.com/file/d/cv_portfolio_seed_299/view'),
  (299, 7, 95, 'https://github.com/project_seed_repo_299'),
  (299, 7, 96, 'Ingin memberikan solusi komprehensif bagi kelestarian nasional dengan tim hebat saya.'),
  (300, 6, 91, 'https://drive.google.com/file/d/cv_portfolio_seed_300/view'),
  (300, 6, 92, 'https://github.com/project_seed_repo_300'),
  (300, 6, 93, 'Ingin memberikan solusi komprehensif bagi kelestarian nasional dengan tim hebat saya.'),
  (301, 12, 109, 'https://drive.google.com/file/d/cv_portfolio_seed_301/view'),
  (301, 12, 110, 'https://github.com/project_seed_repo_301'),
  (301, 12, 111, 'Ingin memberikan solusi komprehensif bagi kelestarian nasional dengan tim hebat saya.'),
  (302, 17, 124, 'https://drive.google.com/file/d/cv_portfolio_seed_302/view'),
  (302, 17, 125, 'https://github.com/project_seed_repo_302'),
  (302, 17, 126, 'Ingin memberikan solusi komprehensif bagi kelestarian nasional dengan tim hebat saya.'),
  (302, 18, 127, 'https://drive.google.com/file/d/cv_portfolio_seed_302/view'),
  (302, 18, 128, 'https://github.com/project_seed_repo_302'),
  (302, 18, 129, 'Ingin memberikan solusi komprehensif bagi kelestarian nasional dengan tim hebat saya.'),
  (303, 1, 76, 'https://drive.google.com/file/d/cv_portfolio_seed_303/view'),
  (303, 1, 77, 'https://github.com/project_seed_repo_303'),
  (303, 1, 78, 'Ingin memberikan solusi komprehensif bagi kelestarian nasional dengan tim hebat saya.'),
  (303, 11, 106, 'https://drive.google.com/file/d/cv_portfolio_seed_303/view'),
  (303, 11, 107, 'https://github.com/project_seed_repo_303'),
  (303, 11, 108, 'Ingin memberikan solusi komprehensif bagi kelestarian nasional dengan tim hebat saya.'),
  (304, 8, 97, 'https://drive.google.com/file/d/cv_portfolio_seed_304/view'),
  (304, 8, 98, 'https://github.com/project_seed_repo_304'),
  (304, 8, 99, 'Ingin memberikan solusi komprehensif bagi kelestarian nasional dengan tim hebat saya.'),
  (304, 14, 115, 'https://drive.google.com/file/d/cv_portfolio_seed_304/view'),
  (304, 14, 116, 'https://github.com/project_seed_repo_304'),
  (304, 14, 117, 'Ingin memberikan solusi komprehensif bagi kelestarian nasional dengan tim hebat saya.'),
  (305, 6, 91, 'https://drive.google.com/file/d/cv_portfolio_seed_305/view'),
  (305, 6, 92, 'https://github.com/project_seed_repo_305'),
  (305, 6, 93, 'Ingin memberikan solusi komprehensif bagi kelestarian nasional dengan tim hebat saya.'),
  (305, 19, 130, 'https://drive.google.com/file/d/cv_portfolio_seed_305/view'),
  (305, 19, 131, 'https://github.com/project_seed_repo_305'),
  (305, 19, 132, 'Ingin memberikan solusi komprehensif bagi kelestarian nasional dengan tim hebat saya.'),
  (306, 9, 100, 'https://drive.google.com/file/d/cv_portfolio_seed_306/view'),
  (306, 9, 101, 'https://github.com/project_seed_repo_306'),
  (306, 9, 102, 'Ingin memberikan solusi komprehensif bagi kelestarian nasional dengan tim hebat saya.'),
  (307, 8, 97, 'https://drive.google.com/file/d/cv_portfolio_seed_307/view'),
  (307, 8, 98, 'https://github.com/project_seed_repo_307'),
  (307, 8, 99, 'Ingin memberikan solusi komprehensif bagi kelestarian nasional dengan tim hebat saya.'),
  (308, 2, 79, 'https://drive.google.com/file/d/cv_portfolio_seed_308/view'),
  (308, 2, 80, 'https://github.com/project_seed_repo_308'),
  (308, 2, 81, 'Ingin memberikan solusi komprehensif bagi kelestarian nasional dengan tim hebat saya.'),
  (310, 5, 88, 'https://drive.google.com/file/d/cv_portfolio_seed_310/view'),
  (310, 5, 89, 'https://github.com/project_seed_repo_310'),
  (310, 5, 90, 'Ingin memberikan solusi komprehensif bagi kelestarian nasional dengan tim hebat saya.'),
  (311, 4, 85, 'https://drive.google.com/file/d/cv_portfolio_seed_311/view'),
  (311, 4, 86, 'https://github.com/project_seed_repo_311'),
  (311, 4, 87, 'Ingin memberikan solusi komprehensif bagi kelestarian nasional dengan tim hebat saya.'),
  (312, 2, 79, 'https://drive.google.com/file/d/cv_portfolio_seed_312/view'),
  (312, 2, 80, 'https://github.com/project_seed_repo_312'),
  (312, 2, 81, 'Ingin memberikan solusi komprehensif bagi kelestarian nasional dengan tim hebat saya.'),
  (313, 4, 85, 'https://drive.google.com/file/d/cv_portfolio_seed_313/view'),
  (313, 4, 86, 'https://github.com/project_seed_repo_313'),
  (313, 4, 87, 'Ingin memberikan solusi komprehensif bagi kelestarian nasional dengan tim hebat saya.'),
  (314, 13, 112, 'https://drive.google.com/file/d/cv_portfolio_seed_314/view'),
  (314, 13, 113, 'https://github.com/project_seed_repo_314'),
  (314, 13, 114, 'Ingin memberikan solusi komprehensif bagi kelestarian nasional dengan tim hebat saya.'),
  (316, 9, 100, 'https://drive.google.com/file/d/cv_portfolio_seed_316/view'),
  (316, 9, 101, 'https://github.com/project_seed_repo_316'),
  (316, 9, 102, 'Ingin memberikan solusi komprehensif bagi kelestarian nasional dengan tim hebat saya.'),
  (316, 18, 127, 'https://drive.google.com/file/d/cv_portfolio_seed_316/view'),
  (316, 18, 128, 'https://github.com/project_seed_repo_316'),
  (316, 18, 129, 'Ingin memberikan solusi komprehensif bagi kelestarian nasional dengan tim hebat saya.'),
  (317, 14, 115, 'https://drive.google.com/file/d/cv_portfolio_seed_317/view'),
  (317, 14, 116, 'https://github.com/project_seed_repo_317'),
  (317, 14, 117, 'Ingin memberikan solusi komprehensif bagi kelestarian nasional dengan tim hebat saya.'),
  (318, 11, 106, 'https://drive.google.com/file/d/cv_portfolio_seed_318/view'),
  (318, 11, 107, 'https://github.com/project_seed_repo_318'),
  (318, 11, 108, 'Ingin memberikan solusi komprehensif bagi kelestarian nasional dengan tim hebat saya.'),
  (318, 17, 124, 'https://drive.google.com/file/d/cv_portfolio_seed_318/view'),
  (318, 17, 125, 'https://github.com/project_seed_repo_318'),
  (318, 17, 126, 'Ingin memberikan solusi komprehensif bagi kelestarian nasional dengan tim hebat saya.'),
  (319, 3, 82, 'https://drive.google.com/file/d/cv_portfolio_seed_319/view'),
  (319, 3, 83, 'https://github.com/project_seed_repo_319'),
  (319, 3, 84, 'Ingin memberikan solusi komprehensif bagi kelestarian nasional dengan tim hebat saya.'),
  (320, 2, 79, 'https://drive.google.com/file/d/cv_portfolio_seed_320/view'),
  (320, 2, 80, 'https://github.com/project_seed_repo_320'),
  (320, 2, 81, 'Ingin memberikan solusi komprehensif bagi kelestarian nasional dengan tim hebat saya.'),
  (320, 9, 100, 'https://drive.google.com/file/d/cv_portfolio_seed_320/view'),
  (320, 9, 101, 'https://github.com/project_seed_repo_320'),
  (320, 9, 102, 'Ingin memberikan solusi komprehensif bagi kelestarian nasional dengan tim hebat saya.'),
  (323, 14, 115, 'https://drive.google.com/file/d/cv_portfolio_seed_323/view'),
  (323, 14, 116, 'https://github.com/project_seed_repo_323'),
  (323, 14, 117, 'Ingin memberikan solusi komprehensif bagi kelestarian nasional dengan tim hebat saya.'),
  (324, 13, 112, 'https://drive.google.com/file/d/cv_portfolio_seed_324/view'),
  (324, 13, 113, 'https://github.com/project_seed_repo_324'),
  (324, 13, 114, 'Ingin memberikan solusi komprehensif bagi kelestarian nasional dengan tim hebat saya.'),
  (326, 4, 85, 'https://drive.google.com/file/d/cv_portfolio_seed_326/view'),
  (326, 4, 86, 'https://github.com/project_seed_repo_326'),
  (326, 4, 87, 'Ingin memberikan solusi komprehensif bagi kelestarian nasional dengan tim hebat saya.');

-- Table: competition_submissions (25 rows)
INSERT INTO "competition_submissions" ("id", "competition_id", "user_id", "team_id", "submission_url", "notes", "submitted_at", "status") VALUES
  (38, 1, 1, 1, 'https://drive.google.com/file/d/project_submission_1/view', 'Berikut adalah hasil karya tim kami yang mencakup mockup desain interaktif, link repositori kode program, serta rancangan proposal strategi lengkap. Terimakasih!', '2026-05-20 17:00:00.000', 'graded'),
  (39, 1, 8, 2, 'https://drive.google.com/file/d/project_submission_2/view', 'Berikut adalah hasil karya tim kami yang mencakup mockup desain interaktif, link repositori kode program, serta rancangan proposal strategi lengkap. Terimakasih!', '2026-05-20 17:00:00.000', 'graded'),
  (40, 1, 252, 30, 'https://drive.google.com/file/d/project_submission_30/view', 'Berikut adalah hasil karya tim kami yang mencakup mockup desain interaktif, link repositori kode program, serta rancangan proposal strategi lengkap. Terimakasih!', '2026-05-20 17:00:00.000', 'graded'),
  (41, 18, 7, 6, 'https://drive.google.com/file/d/project_submission_6/view', 'Berikut adalah hasil karya tim kami yang mencakup mockup desain interaktif, link repositori kode program, serta rancangan proposal strategi lengkap. Terimakasih!', '2026-05-20 17:00:00.000', 'graded'),
  (42, 18, 18, 47, 'https://drive.google.com/file/d/project_submission_47/view', 'Berikut adalah hasil karya tim kami yang mencakup mockup desain interaktif, link repositori kode program, serta rancangan proposal strategi lengkap. Terimakasih!', '2026-05-20 17:00:00.000', 'graded'),
  (43, 13, 82, 42, 'https://drive.google.com/file/d/project_submission_42/view', 'Berikut adalah hasil karya tim kami yang mencakup mockup desain interaktif, link repositori kode program, serta rancangan proposal strategi lengkap. Terimakasih!', '2026-05-20 17:00:00.000', 'graded'),
  (44, 45, 98, 61, 'https://drive.google.com/file/d/project_submission_61/view', 'Berikut adalah hasil karya tim kami yang mencakup mockup desain interaktif, link repositori kode program, serta rancangan proposal strategi lengkap. Terimakasih!', '2026-05-20 17:00:00.000', 'graded'),
  (45, 23, 8, 12, 'https://drive.google.com/file/d/project_submission_12/view', 'Berikut adalah hasil karya tim kami yang mencakup mockup desain interaktif, link repositori kode program, serta rancangan proposal strategi lengkap. Terimakasih!', '2026-05-20 17:00:00.000', 'graded'),
  (46, 23, 64, 17, 'https://drive.google.com/file/d/project_submission_17/view', 'Berikut adalah hasil karya tim kami yang mencakup mockup desain interaktif, link repositori kode program, serta rancangan proposal strategi lengkap. Terimakasih!', '2026-05-20 17:00:00.000', 'graded'),
  (47, 23, 16, 22, 'https://drive.google.com/file/d/project_submission_22/view', 'Berikut adalah hasil karya tim kami yang mencakup mockup desain interaktif, link repositori kode program, serta rancangan proposal strategi lengkap. Terimakasih!', '2026-05-20 17:00:00.000', 'graded'),
  (48, 23, 96, 27, 'https://drive.google.com/file/d/project_submission_27/view', 'Berikut adalah hasil karya tim kami yang mencakup mockup desain interaktif, link repositori kode program, serta rancangan proposal strategi lengkap. Terimakasih!', '2026-05-20 17:00:00.000', 'graded'),
  (49, 23, 4, 52, 'https://drive.google.com/file/d/project_submission_52/view', 'Berikut adalah hasil karya tim kami yang mencakup mockup desain interaktif, link repositori kode program, serta rancangan proposal strategi lengkap. Terimakasih!', '2026-05-20 17:00:00.000', 'graded'),
  (50, 3, 263, 32, 'https://drive.google.com/file/d/project_submission_32/view', 'Berikut adalah hasil karya tim kami yang mencakup mockup desain interaktif, link repositori kode program, serta rancangan proposal strategi lengkap. Terimakasih!', '2026-05-20 17:00:00.000', 'graded'),
  (51, 9, 246, 38, 'https://drive.google.com/file/d/project_submission_38/view', 'Berikut adalah hasil karya tim kami yang mencakup mockup desain interaktif, link repositori kode program, serta rancangan proposal strategi lengkap. Terimakasih!', '2026-05-20 17:00:00.000', 'graded'),
  (52, 44, 324, 60, 'https://drive.google.com/file/d/project_submission_60/view', 'Berikut adalah hasil karya tim kami yang mencakup mockup desain interaktif, link repositori kode program, serta rancangan proposal strategi lengkap. Terimakasih!', '2026-05-20 17:00:00.000', 'graded'),
  (53, 19, 5, 7, 'https://drive.google.com/file/d/project_submission_7/view', 'Berikut adalah hasil karya tim kami yang mencakup mockup desain interaktif, link repositori kode program, serta rancangan proposal strategi lengkap. Terimakasih!', '2026-05-20 17:00:00.000', 'graded'),
  (54, 19, 301, 48, 'https://drive.google.com/file/d/project_submission_48/view', 'Berikut adalah hasil karya tim kami yang mencakup mockup desain interaktif, link repositori kode program, serta rancangan proposal strategi lengkap. Terimakasih!', '2026-05-20 17:00:00.000', 'graded'),
  (55, 43, 249, 59, 'https://drive.google.com/file/d/project_submission_59/view', 'Berikut adalah hasil karya tim kami yang mencakup mockup desain interaktif, link repositori kode program, serta rancangan proposal strategi lengkap. Terimakasih!', '2026-05-20 17:00:00.000', 'graded'),
  (56, 46, 117, 62, 'https://drive.google.com/file/d/project_submission_62/view', 'Berikut adalah hasil karya tim kami yang mencakup mockup desain interaktif, link repositori kode program, serta rancangan proposal strategi lengkap. Terimakasih!', '2026-05-20 17:00:00.000', 'graded'),
  (57, 7, 6, 3, 'https://drive.google.com/file/d/project_submission_ongoing_3/view', 'Tim kami telah menyelesaikan draf prototype kami untuk diulas juri.', '2026-05-30 17:00:00.000', 'pending'),
  (58, 42, 69, 58, 'https://drive.google.com/file/d/project_submission_ongoing_58/view', 'Tim kami telah menyelesaikan draf prototype kami untuk diulas juri.', '2026-05-30 17:00:00.000', 'pending'),
  (59, 47, 61, 63, 'https://drive.google.com/file/d/project_submission_ongoing_63/view', 'Tim kami telah menyelesaikan draf prototype kami untuk diulas juri.', '2026-05-30 17:00:00.000', 'pending'),
  (60, 25, 97, 14, 'https://drive.google.com/file/d/project_submission_ongoing_14/view', 'Tim kami telah menyelesaikan draf prototype kami untuk diulas juri.', '2026-05-30 17:00:00.000', 'pending'),
  (61, 40, 306, 56, 'https://drive.google.com/file/d/project_submission_ongoing_56/view', 'Tim kami telah menyelesaikan draf prototype kami untuk diulas juri.', '2026-05-30 17:00:00.000', 'pending'),
  (62, 39, 111, 55, 'https://drive.google.com/file/d/project_submission_ongoing_55/view', 'Tim kami telah menyelesaikan draf prototype kami untuk diulas juri.', '2026-05-30 17:00:00.000', 'pending');

ALTER SEQUENCE "competition_submissions_id_seq" RESTART WITH 63;

-- Table: competition_judges (26 rows)
INSERT INTO "competition_judges" ("id", "competition_id", "judge_name", "judge_email", "access_token", "created_at") VALUES
  (37, 51, 'Dr. Eng. Dian Rahmawati', 'dian.rahma@juri.id', '17024f13c1c5a7d4a7cba3458701666313d4752c53cb4000', '2026-06-02 06:58:08.621'),
  (38, 51, 'Rudiantara M.B.A', 'rudiantara@juri.id', '4d275d4df7610753d1c2d52938be8f5b27178d1e81131909', '2026-06-02 06:58:08.621'),
  (39, 1, 'Dr. Eng. Dian Rahmawati', 'dian.rahma@juri.id', '8fd3e862d49e28a7542e3e9fd53e9ac1ef5ba92d32b9e93c', '2026-06-02 06:58:08.621'),
  (40, 1, 'Rudiantara M.B.A', 'rudiantara@juri.id', 'da03b476a1317ff29d249e7055b4398f9c7d1eec77fec417', '2026-06-02 06:58:08.621'),
  (41, 18, 'Lina Herlina Ph.D.', 'lina@juri.id', '0eba78c48dfde0ed340458a189f4ba7ac451ce3b3aeac086', '2026-06-02 06:58:08.621'),
  (42, 18, 'Taufik Rahman M.Eng.', 'taufik@juri.id', '2c66a333440b9f558fcfd0e1f0c3f9d65414044fb851355e', '2026-06-02 06:58:08.621'),
  (43, 13, 'Sandiaga Uno M.B.A', 'sandiaga@juri.id', '3d4443bcb244a285ac0d2860fed3a0e0adf541706a702fde', '2026-06-02 06:58:08.621'),
  (44, 13, 'Najwa Shihab M.A.', 'najwa@juri.id', 'fa3e9828cf5ea37d3496d263e1d92fc5691cc43ee8c16c71', '2026-06-02 06:58:08.621'),
  (45, 45, 'Prof. Budi Santoso', 'budi@juri.id', '0d2b66328631aa175b6607f8226dc47cd9c39d2126d45bfe', '2026-06-02 06:58:08.621'),
  (46, 45, 'Dr. Riza Wahyu', 'riza@juri.id', 'b6d6cfa5f98c2ac20c17212fe81d0b21365123875aa7eb74', '2026-06-02 06:58:08.621'),
  (47, 49, 'Taufik Rahman M.Eng.', 'taufik@juri.id', '374527a75baed434528e0dcb4225a088751577759cf11890', '2026-06-02 06:58:08.621'),
  (48, 49, 'Prof. Hermanto M.Kom', 'hermanto@juri.id', 'f951f5fb0cd2041a7ecba89de7cdbcd58167e13fa025df03', '2026-06-02 06:58:08.621'),
  (49, 23, 'Sandiaga Uno M.B.A', 'sandiaga@juri.id', '3ffbd7128f1e5d832fa5c5dbb022ba5388d23ce3abb799ce', '2026-06-02 06:58:08.621'),
  (50, 23, 'Najwa Shihab M.A.', 'najwa@juri.id', 'a8a5fbd5c8a0f54b1091600d4ce92b34ad194fc8df5dad74', '2026-06-02 06:58:08.621'),
  (51, 3, 'Sandiaga Uno M.B.A', 'sandiaga@juri.id', 'ecbec40de66d10b4c6e00c7a7140802a5d7e7868d30c0246', '2026-06-02 06:58:08.621'),
  (52, 3, 'Najwa Shihab M.A.', 'najwa@juri.id', '7ae66997ca725a7fdff020b494e3364c594cbcbae0532015', '2026-06-02 06:58:08.621'),
  (53, 9, 'Taufik Rahman M.Eng.', 'taufik@juri.id', 'd2b424f3aafe7c587ff3540719240aaf2b971ff509a74b99', '2026-06-02 06:58:08.621'),
  (54, 9, 'Prof. Hermanto M.Kom', 'hermanto@juri.id', 'ab61f619f89cc22e7876a5896767887a98576f7edaa5f084', '2026-06-02 06:58:08.621'),
  (55, 44, 'Najwa Shihab M.A.', 'najwa@juri.id', 'c47fa859d30eddc315b693ef0150ef6b173e0b2e3c07a9fb', '2026-06-02 06:58:08.621'),
  (56, 44, 'Prof. Budi Santoso', 'budi@juri.id', '9b3e2c9dbf76470d42ad49010dcbe7053f317179759a78b8', '2026-06-02 06:58:08.621'),
  (57, 19, 'Taufik Rahman M.Eng.', 'taufik@juri.id', 'cdd5617f0a356a94e0cdcb62b1e36055a09a83b74eaa8a3f', '2026-06-02 06:58:08.621'),
  (58, 19, 'Prof. Hermanto M.Kom', 'hermanto@juri.id', 'd4156f18b19ad3bed1119a0c613b4481090812335fccc433', '2026-06-02 06:58:08.621'),
  (59, 43, 'Sandiaga Uno M.B.A', 'sandiaga@juri.id', '04667438af5445ffbcb7875bd2598608df32e3659a86f4a1', '2026-06-02 06:58:08.621'),
  (60, 43, 'Najwa Shihab M.A.', 'najwa@juri.id', '545872d96e2e2f643054d9726347fd4a73c574267635c5ff', '2026-06-02 06:58:08.621'),
  (61, 46, 'Dr. Riza Wahyu', 'riza@juri.id', '6ec4b6b33d67fb0e329339406435cbf56c0e873bc919ae82', '2026-06-02 06:58:08.621'),
  (62, 46, 'Adi Wijaya M.Sc.', 'adi@juri.id', '41434f8ba793e1c7106d315affe9359906ec2a48145e77e3', '2026-06-02 06:58:08.621');

ALTER SEQUENCE "competition_judges_id_seq" RESTART WITH 63;

-- Table: submission_grades (38 rows)
INSERT INTO "submission_grades" ("id", "submission_id", "judge_id", "score", "feedback", "graded_at") VALUES
  (61, 38, 39, 86, 'Karya tim Anda sangat luar biasa! Desain UX bersih, arsitektur kode rapi, dan presentasi pitch deck tajam.', '2026-05-24 17:00:00.000'),
  (62, 38, 40, 75, 'Karya tim Anda sangat luar biasa! Desain UX bersih, arsitektur kode rapi, dan presentasi pitch deck tajam.', '2026-05-24 17:00:00.000'),
  (63, 39, 39, 88, 'Karya tim Anda sangat luar biasa! Desain UX bersih, arsitektur kode rapi, dan presentasi pitch deck tajam.', '2026-05-24 17:00:00.000'),
  (64, 39, 40, 92, 'Karya tim Anda sangat luar biasa! Desain UX bersih, arsitektur kode rapi, dan presentasi pitch deck tajam.', '2026-05-24 17:00:00.000'),
  (65, 40, 39, 85, 'Karya tim Anda sangat luar biasa! Desain UX bersih, arsitektur kode rapi, dan presentasi pitch deck tajam.', '2026-05-24 17:00:00.000'),
  (66, 40, 40, 75, 'Karya tim Anda sangat luar biasa! Desain UX bersih, arsitektur kode rapi, dan presentasi pitch deck tajam.', '2026-05-24 17:00:00.000'),
  (67, 41, 41, 96, 'Karya tim Anda sangat luar biasa! Desain UX bersih, arsitektur kode rapi, dan presentasi pitch deck tajam.', '2026-05-24 17:00:00.000'),
  (68, 41, 42, 77, 'Karya tim Anda sangat luar biasa! Desain UX bersih, arsitektur kode rapi, dan presentasi pitch deck tajam.', '2026-05-24 17:00:00.000'),
  (69, 42, 41, 75, 'Karya tim Anda sangat luar biasa! Desain UX bersih, arsitektur kode rapi, dan presentasi pitch deck tajam.', '2026-05-24 17:00:00.000'),
  (70, 42, 42, 86, 'Karya tim Anda sangat luar biasa! Desain UX bersih, arsitektur kode rapi, dan presentasi pitch deck tajam.', '2026-05-24 17:00:00.000'),
  (71, 43, 43, 79, 'Karya tim Anda sangat luar biasa! Desain UX bersih, arsitektur kode rapi, dan presentasi pitch deck tajam.', '2026-05-24 17:00:00.000'),
  (72, 43, 44, 88, 'Karya tim Anda sangat luar biasa! Desain UX bersih, arsitektur kode rapi, dan presentasi pitch deck tajam.', '2026-05-24 17:00:00.000'),
  (73, 44, 45, 87, 'Karya tim Anda sangat luar biasa! Desain UX bersih, arsitektur kode rapi, dan presentasi pitch deck tajam.', '2026-05-24 17:00:00.000'),
  (74, 44, 46, 82, 'Karya tim Anda sangat luar biasa! Desain UX bersih, arsitektur kode rapi, dan presentasi pitch deck tajam.', '2026-05-24 17:00:00.000'),
  (75, 45, 49, 87, 'Karya tim Anda sangat luar biasa! Desain UX bersih, arsitektur kode rapi, dan presentasi pitch deck tajam.', '2026-05-24 17:00:00.000'),
  (76, 45, 50, 93, 'Karya tim Anda sangat luar biasa! Desain UX bersih, arsitektur kode rapi, dan presentasi pitch deck tajam.', '2026-05-24 17:00:00.000'),
  (77, 46, 49, 83, 'Karya tim Anda sangat luar biasa! Desain UX bersih, arsitektur kode rapi, dan presentasi pitch deck tajam.', '2026-05-24 17:00:00.000'),
  (78, 46, 50, 89, 'Karya tim Anda sangat luar biasa! Desain UX bersih, arsitektur kode rapi, dan presentasi pitch deck tajam.', '2026-05-24 17:00:00.000'),
  (79, 47, 49, 90, 'Karya tim Anda sangat luar biasa! Desain UX bersih, arsitektur kode rapi, dan presentasi pitch deck tajam.', '2026-05-24 17:00:00.000'),
  (80, 47, 50, 82, 'Karya tim Anda sangat luar biasa! Desain UX bersih, arsitektur kode rapi, dan presentasi pitch deck tajam.', '2026-05-24 17:00:00.000'),
  (81, 48, 49, 90, 'Karya tim Anda sangat luar biasa! Desain UX bersih, arsitektur kode rapi, dan presentasi pitch deck tajam.', '2026-05-24 17:00:00.000'),
  (82, 48, 50, 86, 'Karya tim Anda sangat luar biasa! Desain UX bersih, arsitektur kode rapi, dan presentasi pitch deck tajam.', '2026-05-24 17:00:00.000'),
  (83, 49, 49, 80, 'Karya tim Anda sangat luar biasa! Desain UX bersih, arsitektur kode rapi, dan presentasi pitch deck tajam.', '2026-05-24 17:00:00.000'),
  (84, 49, 50, 87, 'Karya tim Anda sangat luar biasa! Desain UX bersih, arsitektur kode rapi, dan presentasi pitch deck tajam.', '2026-05-24 17:00:00.000'),
  (85, 50, 51, 84, 'Karya tim Anda sangat luar biasa! Desain UX bersih, arsitektur kode rapi, dan presentasi pitch deck tajam.', '2026-05-24 17:00:00.000'),
  (86, 50, 52, 93, 'Karya tim Anda sangat luar biasa! Desain UX bersih, arsitektur kode rapi, dan presentasi pitch deck tajam.', '2026-05-24 17:00:00.000'),
  (87, 51, 53, 87, 'Karya tim Anda sangat luar biasa! Desain UX bersih, arsitektur kode rapi, dan presentasi pitch deck tajam.', '2026-05-24 17:00:00.000'),
  (88, 51, 54, 95, 'Karya tim Anda sangat luar biasa! Desain UX bersih, arsitektur kode rapi, dan presentasi pitch deck tajam.', '2026-05-24 17:00:00.000'),
  (89, 52, 55, 94, 'Karya tim Anda sangat luar biasa! Desain UX bersih, arsitektur kode rapi, dan presentasi pitch deck tajam.', '2026-05-24 17:00:00.000'),
  (90, 52, 56, 78, 'Karya tim Anda sangat luar biasa! Desain UX bersih, arsitektur kode rapi, dan presentasi pitch deck tajam.', '2026-05-24 17:00:00.000'),
  (91, 53, 57, 84, 'Karya tim Anda sangat luar biasa! Desain UX bersih, arsitektur kode rapi, dan presentasi pitch deck tajam.', '2026-05-24 17:00:00.000'),
  (92, 53, 58, 82, 'Karya tim Anda sangat luar biasa! Desain UX bersih, arsitektur kode rapi, dan presentasi pitch deck tajam.', '2026-05-24 17:00:00.000'),
  (93, 54, 57, 83, 'Karya tim Anda sangat luar biasa! Desain UX bersih, arsitektur kode rapi, dan presentasi pitch deck tajam.', '2026-05-24 17:00:00.000'),
  (94, 54, 58, 78, 'Karya tim Anda sangat luar biasa! Desain UX bersih, arsitektur kode rapi, dan presentasi pitch deck tajam.', '2026-05-24 17:00:00.000'),
  (95, 55, 59, 82, 'Karya tim Anda sangat luar biasa! Desain UX bersih, arsitektur kode rapi, dan presentasi pitch deck tajam.', '2026-05-24 17:00:00.000'),
  (96, 55, 60, 83, 'Karya tim Anda sangat luar biasa! Desain UX bersih, arsitektur kode rapi, dan presentasi pitch deck tajam.', '2026-05-24 17:00:00.000'),
  (97, 56, 61, 95, 'Karya tim Anda sangat luar biasa! Desain UX bersih, arsitektur kode rapi, dan presentasi pitch deck tajam.', '2026-05-24 17:00:00.000'),
  (98, 56, 62, 86, 'Karya tim Anda sangat luar biasa! Desain UX bersih, arsitektur kode rapi, dan presentasi pitch deck tajam.', '2026-05-24 17:00:00.000');

ALTER SEQUENCE "submission_grades_id_seq" RESTART WITH 99;

-- Table: sponsorship_pricing_rates (7 rows)
INSERT INTO "sponsorship_pricing_rates" ("id", "page_key", "price_per_day", "effective_date", "created_at") VALUES
  (1, 'dashboard', 15000.00, '2026-04-29 17:00:00.000', '2026-05-30 21:02:26.446'),
  (2, 'competitions', 10000.00, '2026-04-29 17:00:00.000', '2026-05-30 21:02:26.446'),
  (3, 'matchmaking', 12000.00, '2026-04-29 17:00:00.000', '2026-05-30 21:02:26.446'),
  (4, 'teams', 8000.00, '2026-04-29 17:00:00.000', '2026-05-30 21:02:26.446'),
  (5, 'dashboard', 25000.00, '2026-05-30 17:00:00.000', '2026-05-30 21:13:26.048'),
  (6, 'dashboard', 25000.00, '2026-05-30 17:00:00.000', '2026-05-30 21:22:44.462'),
  (7, 'dashboard', 25000.00, '2026-05-30 17:00:00.000', '2026-05-30 21:36:50.351');

ALTER SEQUENCE "sponsorship_pricing_rates_id_seq" RESTART WITH 8;

-- Table: sponsorships (6 rows)
INSERT INTO "sponsorships" ("id", "sponsor_id", "title", "target_url", "image_url", "pages", "start_date", "end_date", "total_cost", "impressions", "clicks", "is_active", "created_at") VALUES
  (18, 46, 'Gojek Tech Internship Challenge 2026 🚗', 'https://karir.gojek.com', 'https://images.unsplash.com/photo-1618005182384-a83a8bd57fbe?w=600&auto=format&fit=crop&q=80', '{"dashboard","matchmaking"}', '2026-05-02 17:00:00.000', '2026-06-16 17:00:00.000', 650000.00, 4897, 382, true, '2026-06-02 06:58:08.621'),
  (19, 47, 'Tokopedia Devcamp Hackathon — Daftar! 💻', 'https://tokopedia.com/devcamp', 'https://images.unsplash.com/photo-1531403009284-440f080d1e12?w=600&auto=format&fit=crop&q=80', '{"competitions","teams"}', '2026-05-02 17:00:00.000', '2026-06-16 17:00:00.000', 650000.00, 3953, 310, true, '2026-06-02 06:58:08.621'),
  (20, 48, 'Microsoft Imagine Cup 2026 — $100K! 🏆', 'https://imaginecup.microsoft.com', 'https://images.unsplash.com/photo-1526374965328-7f61d4dc18c5?w=600&auto=format&fit=crop&q=80', '{"dashboard","competitions"}', '2026-05-02 17:00:00.000', '2026-06-16 17:00:00.000', 650000.00, 6126, 565, true, '2026-06-02 06:58:08.621'),
  (21, 49, 'Traveloka Hackathon — Cari Solusi! ✈️', 'https://traveloka.com/career', 'https://images.unsplash.com/photo-1506012787146-f92b2d7d6d96?w=600&auto=format&fit=crop&q=80', '{"matchmaking","teams"}', '2026-05-02 17:00:00.000', '2026-06-16 17:00:00.000', 650000.00, 2315, 180, true, '2026-06-02 06:58:08.621'),
  (22, 128, 'Grab Dev Challenge 2026 💚', 'https://grab.careers', 'https://images.unsplash.com/photo-1557683316-973673baf926?w=600&auto=format&fit=crop&q=80', '{"dashboard","competitions"}', '2026-05-02 17:00:00.000', '2026-06-16 17:00:00.000', 650000.00, 1954, 145, true, '2026-06-02 06:58:08.621'),
  (23, 129, 'Djarum Beasiswa Bulutangkis — Daftar! 🏸', 'https://djarumbeasiswabulutangkis.org', 'https://images.unsplash.com/photo-1521737711867-e3b90473bd58?w=600&auto=format&fit=crop&q=80', '{"teams","matchmaking"}', '2026-05-02 17:00:00.000', '2026-06-16 17:00:00.000', 650000.00, 1203, 92, true, '2026-06-02 06:58:08.621');

ALTER SEQUENCE "sponsorships_id_seq" RESTART WITH 24;

-- Table: sponsorship_cost_logs (6 rows)
INSERT INTO "sponsorship_cost_logs" ("id", "sponsorship_id", "modified_by", "old_cost", "new_cost", "reason", "modified_at") VALUES
  (11, 18, 6, 450000.00, 650000.00, 'Audit penyesuaian tarif halaman dashboard & matchmaking premium', '2026-06-02 06:58:08.621'),
  (12, 19, 6, 450000.00, 650000.00, 'Audit penyesuaian tarif halaman dashboard & matchmaking premium', '2026-06-02 06:58:08.621'),
  (13, 20, 6, 450000.00, 650000.00, 'Audit penyesuaian tarif halaman dashboard & matchmaking premium', '2026-06-02 06:58:08.621'),
  (14, 21, 6, 450000.00, 650000.00, 'Audit penyesuaian tarif halaman dashboard & matchmaking premium', '2026-06-02 06:58:08.621'),
  (15, 22, 6, 450000.00, 650000.00, 'Audit penyesuaian tarif halaman dashboard & matchmaking premium', '2026-06-02 06:58:08.621'),
  (16, 23, 6, 450000.00, 650000.00, 'Audit penyesuaian tarif halaman dashboard & matchmaking premium', '2026-06-02 06:58:08.621');

ALTER SEQUENCE "sponsorship_cost_logs_id_seq" RESTART WITH 17;

