-- =========================================================================
-- SQL Seed Script for Supabase/Production SideQuest Demo Data
-- Generated dynamically from local sidequest2 database
-- Generation Date: 2026-06-02T05:49:33.743Z
-- =========================================================================

-- 1. Clean old data (Zero-Downtime Safe Cascade)
TRUNCATE TABLE
  sponsorship_cost_logs,
  sponsorships,
  sponsorship_pricing_rates,
  submission_grades,
  competition_judges,
  competition_submissions,
  custom_registration_responses,
  custom_registration_fields,
  hosted_event_settings,
  notifications,
  connections,
  competition_registrations,
  saved_competitions,
  team_members,
  teams,
  competitions,
  platform_settings,
  user_skills,
  users,
  skills,
  categories
RESTART IDENTITY CASCADE;

-- Seeding table: categories
INSERT INTO "categories" ("id", "slug", "name") VALUES
  (1, 'teknologi', 'Teknologi'),
  (2, 'bisnis', 'Bisnis'),
  (3, 'sosial', 'Social Impact'),
  (4, 'desain', 'Desain'),
  (5, 'sains', 'Sains');

ALTER SEQUENCE "categories_id_seq" RESTART WITH 6;

-- Seeding table: skills
INSERT INTO "skills" ("id", "name", "tag_class") VALUES
  (1, 'UI/UX', 'tag-purple'),
  (2, 'Figma', 'tag-purple'),
  (3, 'Postgres', 'tag-blue'),
  (4, 'Frontend Dev', 'tag-purple'),
  (5, 'React', 'tag-blue'),
  (6, 'Node.js', 'tag-green'),
  (7, 'User Research', 'tag-purple'),
  (8, 'Backend', 'tag-green'),
  (9, 'DevOps', 'tag-blue'),
  (10, 'Business Dev', 'tag-orange'),
  (11, 'Pitching', 'tag-orange'),
  (12, 'Market Research', 'tag-orange'),
  (13, 'Machine Learning', 'tag-green'),
  (14, 'Python', 'tag-blue'),
  (15, 'Data Science', 'tag-green'),
  (16, 'React.js', 'tag-blue'),
  (17, 'Vue.js', 'tag-blue'),
  (18, 'TypeScript', 'tag-purple'),
  (19, 'CSS', 'tag-pink'),
  (20, 'Ilustrasi', 'tag-pink'),
  (21, 'Branding', 'tag-purple'),
  (22, 'Laravel', 'tag-purple'),
  (23, 'PHP', 'tag-blue'),
  (24, 'MySQL', 'tag-blue'),
  (25, 'R Language', 'tag-green'),
  (26, 'Data Visualization', 'tag-green'),
  (27, 'Statistics', 'tag-blue'),
  (28, 'Flutter', 'tag-purple'),
  (29, 'Dart', 'tag-blue'),
  (30, 'React Native', 'tag-blue'),
  (31, 'iOS/Android', 'tag-purple'),
  (32, 'Financial Modeling', 'tag-orange'),
  (33, 'Excel', 'tag-green'),
  (34, 'Pitch Deck', 'tag-orange'),
  (35, 'Go', 'tag-blue'),
  (36, 'Microservices', 'tag-blue'),
  (37, 'Docker', 'tag-blue'),
  (38, 'Kubernetes', 'tag-purple'),
  (39, 'TensorFlow', 'tag-green'),
  (40, 'Computer Vision', 'tag-green'),
  (41, 'NLP', 'tag-green'),
  (42, 'Community Building', 'tag-orange'),
  (43, 'Advokasi', 'tag-orange'),
  (44, 'NGO Management', 'tag-teal'),
  (45, 'Social Media', 'tag-pink'),
  (46, 'Sosial Impact Design', 'tag-green'),
  (47, 'Facilitation', 'tag-teal'),
  (48, 'Komunitas', 'tag-green'),
  (49, 'Fieldwork', 'tag-teal'),
  (50, 'Advokasi Kebijakan', 'tag-teal'),
  (51, 'Networking', 'tag-blue'),
  (52, 'Social Research', 'tag-green'),
  (53, 'NGO', 'tag-teal'),
  (54, 'Public Speaking', 'tag-orange'),
  (55, 'MC', 'tag-pink'),
  (56, 'Storytelling', 'tag-orange'),
  (57, 'Presentasi', 'tag-orange'),
  (58, 'Debat', 'tag-orange'),
  (59, 'Copywriting', 'tag-pink'),
  (60, 'Presentasi Bisnis', 'tag-orange'),
  (61, 'Video Pitch', 'tag-orange'),
  (62, 'Persuasion', 'tag-orange'),
  (63, 'Lab Research', 'tag-green'),
  (64, 'Biologi Molekuler', 'tag-green'),
  (65, 'Academic Writing', 'tag-blue'),
  (66, 'SPSS', 'tag-blue'),
  (67, 'Kimia Analitik', 'tag-green'),
  (68, 'Lab Work', 'tag-green'),
  (69, 'Data Sains Eksperimen', 'tag-green'),
  (70, 'Scientific Writing', 'tag-blue'),
  (71, 'Fisika Komputasi', 'tag-blue'),
  (72, 'Simulasi Numerik', 'tag-blue');

ALTER SEQUENCE "skills_id_seq" RESTART WITH 73;

-- Seeding table: users
INSERT INTO "users" ("id", "name", "email", "password", "university", "prodi", "avatar_color", "bio", "role", "experience", "achievements", "online", "is_active", "is_verified", "is_approved", "verification_token", "university_city", "university_province", "office_address", "phone_number", "premium_status", "premium_trial_start", "premium_trial_end", "premium_subscription_ends", "only_allow_connection_invites") VALUES
  (1, 'Fathiyya Fitriani Refananda', 'fathiyya@ipb.ac.id', '$2a$10$RSkZRsA7U61f4p9zkOfGR.U../8gzlcw63XpZXDWNokYJJyMEpyyS', 'IPB University', 'Artificial Intelligence', 'bg-blue-500', 'Mahasiswa tingkat akhir yang menyukai AI dan Web Dev.', 'peserta', '["Hackathon Nasional 2025 — Juara 2","Hult Prize Campus Round 2025 — Top 10","Ksatria Data UI 2024 — Peserta"]', '["Ksatria Data 2024 — Juara 1 Kategori ML","Dokumentasi Terbaik — Gemastik XVI 2024","Google DSC Speaker"]', true, true, true, true, NULL, NULL, NULL, NULL, NULL, 'none', NULL, NULL, NULL, true),
  (2, 'Aqilah Callysta Abygail Febyan', 'aqilah@ipb.ac.id', '$2a$10$RSkZRsA7U61f4p9zkOfGR.U../8gzlcw63XpZXDWNokYJJyMEpyyS', 'IPB University', 'Software Engineering', 'bg-purple-500', 'Mahasiswa yang tertarik dengan frontend development.', 'peserta', '["Web Dev Competition 2025 — Finalist","UI/UX Design Challenge — Juara 3"]', '["Best UI Design","Frontend Champion"]', true, true, true, true, NULL, NULL, NULL, NULL, NULL, 'none', NULL, NULL, NULL, false),
  (3, 'M. Gilbran Firdiansyah', 'gilbran@ipb.ac.id', '$2a$10$RSkZRsA7U61f4p9zkOfGR.U../8gzlcw63XpZXDWNokYJJyMEpyyS', 'IPB University', 'Computer Science', 'bg-green-500', 'Mahasiswa backend developer pemula.', 'peserta', '["Belum memiliki riwayat lomba resmi"]', '["Sertifikat Backend Dev Dicoding","Hackerrank SQL Gold Badge"]', true, true, true, true, NULL, NULL, NULL, NULL, NULL, 'none', NULL, NULL, NULL, false),
  (4, 'Aurel Salsabila', 'aurel@itb.ac.id', '$2a$10$RSkZRsA7U61f4p9zkOfGR.U../8gzlcw63XpZXDWNokYJJyMEpyyS', 'ITB Bandung', 'Sistem dan Teknologi Informasi', 'bg-purple-500', 'UI/UX Designer yang berfokus pada riset pengguna.', 'peserta', '["Hult Prize 2025 — Juara 1","COMPFEST Design Finalist"]', '["Ksatria Data","Dokumentasi Terbaik"]', true, true, true, true, NULL, NULL, NULL, NULL, NULL, 'none', NULL, NULL, NULL, false),
  (5, 'Bimo Prasetyo', 'bimo@its.ac.id', '$2a$10$RSkZRsA7U61f4p9zkOfGR.U../8gzlcw63XpZXDWNokYJJyMEpyyS', 'ITS Surabaya', 'Teknik Komputer', 'bg-blue-500', 'Backend Developer yang menyukai DevOps.', 'peserta', '["Gemastik XVI — Juara 2","Hackathon Smart City 2025"]', '["Hackaton Champion","Ksatria Data"]', true, true, true, true, NULL, NULL, NULL, NULL, NULL, 'none', NULL, NULL, NULL, false),
  (6, 'Citra Dewi', 'citra@ugm.ac.id', '$2a$10$RSkZRsA7U61f4p9zkOfGR.U../8gzlcw63XpZXDWNokYJJyMEpyyS', 'Universitas Gadjah Mada', 'Manajemen', 'bg-green-500', 'Business Developer yang menyukai ide startup.', 'peserta', '["ASEAN BPC 2025 — Finalist","Startup Weekend 2024"]', '["Best Pitch Award","Top Presenter"]', false, true, true, true, NULL, NULL, NULL, NULL, NULL, 'none', NULL, NULL, NULL, false),
  (7, 'Dimas Arfian', 'dimas@binus.ac.id', '$2a$10$RSkZRsA7U61f4p9zkOfGR.U../8gzlcw63XpZXDWNokYJJyMEpyyS', 'BINUS University', 'Computer Science', 'bg-orange-500', 'Machine Learning Engineer dengan fokus Deep Learning.', 'peserta', '["Kaggle Competition — Top 5%","Data Olympiad 2025"]', '["Ksatria Data","Kaggle Expert"]', true, true, true, true, NULL, NULL, NULL, NULL, NULL, 'none', NULL, NULL, NULL, false),
  (8, 'Evan Wijaya', 'evan@ui.ac.id', '$2a$10$RSkZRsA7U61f4p9zkOfGR.U../8gzlcw63XpZXDWNokYJJyMEpyyS', 'Universitas UI', 'Ilmu Komputer', 'bg-cyan-500', 'Frontend Developer dengan fokus React/TypeScript.', 'peserta', '["Google DSC Lead 2025","Web Dev Competition — Juara 1"]', '["Best Developer","Google Badge"]', true, true, true, true, NULL, NULL, NULL, NULL, NULL, 'none', NULL, NULL, NULL, false),
  (9, 'Farah Nadia', 'farah@telkom.ac.id', '$2a$10$RSkZRsA7U61f4p9zkOfGR.U../8gzlcw63XpZXDWNokYJJyMEpyyS', 'Telkom University', 'Desain Komunikasi Visual', 'bg-pink-500', 'UI/UX Designer dan Illustrator digital.', 'peserta', '["Redot Design Award 2024","COMPFEST Design — Juara 2"]', '["Best Design","Creative Award"]', false, true, true, true, NULL, NULL, NULL, NULL, NULL, 'none', NULL, NULL, NULL, false),
  (10, 'Galih Permana', 'galih@ub.ac.id', '$2a$10$RSkZRsA7U61f4p9zkOfGR.U../8gzlcw63XpZXDWNokYJJyMEpyyS', 'Universitas Brawijaya', 'Sistem Informasi', 'bg-indigo-500', 'Kandidat Backend Developer yang suka tantangan.', 'peserta', '["Gemastik XVI — Peserta","INAICTA 2024 Finalist"]', '["Inovator Muda"]', true, true, true, true, NULL, NULL, NULL, NULL, NULL, 'none', NULL, NULL, NULL, false),
  (11, 'Hana Kusuma', 'hana@ipb.ac.id', '$2a$10$RSkZRsA7U61f4p9zkOfGR.U../8gzlcw63XpZXDWNokYJJyMEpyyS', 'IPB University', 'Statistika', 'bg-teal-500', 'Data Scientist yang menyukai statistik terapan.', 'peserta', '["National Statistics Olympiad 2025 — Juara 3","Data Analytics Bootcamp"]', '["Statistika Award","Best Analysis"]', false, true, true, true, NULL, NULL, NULL, NULL, NULL, 'none', NULL, NULL, NULL, false),
  (12, 'Ivan Santoso', 'ivan@binus.ac.id', '$2a$10$RSkZRsA7U61f4p9zkOfGR.U../8gzlcw63XpZXDWNokYJJyMEpyyS', 'BINUS University', 'Mobile Application & Technology', 'bg-lime-600', 'Mobile Developer Flutter & Native.', 'peserta', '["Google Play Best App 2024","Mobile Hackathon — Juara 1"]', '["Best App","Google Play Badge"]', true, true, true, true, NULL, NULL, NULL, NULL, NULL, 'none', NULL, NULL, NULL, false),
  (13, 'Jessica Tanaka', 'jessica@unpad.ac.id', '$2a$10$RSkZRsA7U61f4p9zkOfGR.U../8gzlcw63XpZXDWNokYJJyMEpyyS', 'Universitas Padjadjaran', 'Administrasi Bisnis', 'bg-amber-500', 'Business Strategist dengan fokus model keuangan.', 'peserta', '["Young Entrepreneur Award 2025","HIPMI Cup — Finalist"]', '["Best Business Plan"]', true, true, true, true, NULL, NULL, NULL, NULL, NULL, 'none', NULL, NULL, NULL, false),
  (14, 'Kevin Rahmadan', 'kevin@its.ac.id', '$2a$10$RSkZRsA7U61f4p9zkOfGR.U../8gzlcw63XpZXDWNokYJJyMEpyyS', 'ITS Surabaya', 'Teknik Informatika', 'bg-violet-500', 'DevOps & Backend Engineer yang mahir Docker & Go.', 'peserta', '["AWS Cloud Hackathon — Juara 2","ICPC Asia Regional 2024"]', '["Cloud Expert","DevOps Certified"]', false, true, true, true, NULL, NULL, NULL, NULL, NULL, 'none', NULL, NULL, NULL, false),
  (15, 'Lina Maharani', 'lina@undip.ac.id', '$2a$10$RSkZRsA7U61f4p9zkOfGR.U../8gzlcw63XpZXDWNokYJJyMEpyyS', 'Universitas Diponegoro', 'Teknik Informatika', 'bg-rose-500', 'Computer Vision & Deep Learning researcher.', 'peserta', '["GEMASTIK XVII AI Track — Juara 1","IEEE Student Paper Award"]', '["AI Champion","Best Paper"]', true, true, true, true, NULL, NULL, NULL, NULL, NULL, 'none', NULL, NULL, NULL, false),
  (16, 'Maya Putri', 'maya@ui.ac.id', '$2a$10$RSkZRsA7U61f4p9zkOfGR.U../8gzlcw63XpZXDWNokYJJyMEpyyS', 'Universitas Indonesia', 'Ilmu Kesejahteraan Sosial', 'bg-emerald-500', 'Social Innovator yang menyukai community building.', 'peserta', '["Koordinator Volunteer UNDP 2025","Hult Prize Sosial — Juara 1 Campus"]', '["Social Leader Award","Volunteer of the Year"]', true, true, true, true, NULL, NULL, NULL, NULL, NULL, 'none', NULL, NULL, NULL, false),
  (17, 'Naufal Hakim', 'naufal@ugm.ac.id', '$2a$10$RSkZRsA7U61f4p9zkOfGR.U../8gzlcw63XpZXDWNokYJJyMEpyyS', 'UGM Yogyakarta', 'Sociology', 'bg-teal-600', 'Sociopreneur yang menyukai pemberdayaan masyarakat.', 'peserta', '["Youth Changemaker UNICEF 2025","Social Entrepreneurship Program"]', '["Best Impact Project","SDGs Champion"]', false, true, true, true, NULL, NULL, NULL, NULL, NULL, 'none', NULL, NULL, NULL, false),
  (18, 'Olivia Rahma', 'olivia@unpad.ac.id', '$2a$10$RSkZRsA7U61f4p9zkOfGR.U../8gzlcw63XpZXDWNokYJJyMEpyyS', 'UNPAD Bandung', 'Hubungan Internasional', 'bg-lime-500', 'Global youth leader yang aktif di advokasi.', 'peserta', '["MUN Harvard 2025 — Best Delegate","Internship UNFPA Indonesia"]', '["Best Delegate","Global Youth Leader"]', true, true, true, true, NULL, NULL, NULL, NULL, NULL, 'none', NULL, NULL, NULL, false),
  (19, 'Petra Wijaksono', 'petra@unair.ac.id', '$2a$10$RSkZRsA7U61f4p9zkOfGR.U../8gzlcw63XpZXDWNokYJJyMEpyyS', 'Universitas Airlangga', 'Ilmu Komunikasi', 'bg-sky-500', 'TEDx speaker & MC yang menyukai storytelling.', 'peserta', '["Juara 1 Lomba Debat Nasional 2025","TEDx Speaker UI 2024"]', '["Best Speaker","TEDx Alumni"]', true, true, true, true, NULL, NULL, NULL, NULL, NULL, 'none', NULL, NULL, NULL, false),
  (20, 'Qila Ramadhani', 'qila@unhas.ac.id', '$2a$10$RSkZRsA7U61f4p9zkOfGR.U../8gzlcw63XpZXDWNokYJJyMEpyyS', 'Universitas Hasanuddin', 'Sastra Indonesia', 'bg-fuchsia-500', 'Orator & Copywriter yang aktif di Parlemen Debat.', 'peserta', '["Juara 2 Debat Parlemen Nasional 2025","Brand Storytelling Workshop Facilitator"]', '["Best Orator","Juara Debat Regional"]', false, true, true, true, NULL, NULL, NULL, NULL, NULL, 'none', NULL, NULL, NULL, false),
  (21, 'Raka Santanu', 'raka@binus.ac.id', '$2a$10$RSkZRsA7U61f4p9zkOfGR.U../8gzlcw63XpZXDWNokYJJyMEpyyS', 'Universitas Bina Nusantara', 'Marketing Communication', 'bg-orange-600', 'Presenter bisnis & Pitching consultant.', 'peserta', '["Startup Pitch Competition — Juara 1","Marketing Hackathon 2025 Finalist"]', '["Best Pitch","Top Presenter"]', true, true, true, true, NULL, NULL, NULL, NULL, NULL, 'none', NULL, NULL, NULL, false),
  (22, 'Sinta Larasati', 'sinta@ipb.ac.id', '$2a$10$RSkZRsA7U61f4p9zkOfGR.U../8gzlcw63XpZXDWNokYJJyMEpyyS', 'IPB University', 'Biokimia', 'bg-green-700', 'Riset Biokimia & Penulisan Ilmiah.', 'peserta', '["LKTIN ITS 2025 — Juara 2","Riset BRIN Bidang Biokimia"]', '["Best Research Paper","Young Scientist Award"]', false, true, true, true, NULL, NULL, NULL, NULL, NULL, 'none', NULL, NULL, NULL, false),
  (23, 'Taufik Hidayat', 'taufik@itb.ac.id', '$2a$10$RSkZRsA7U61f4p9zkOfGR.U../8gzlcw63XpZXDWNokYJJyMEpyyS', 'ITB Bandung', 'Kimia', 'bg-cyan-700', 'Riset Kimia Analitik & Penulisan Ilmiah.', 'peserta', '["Juara 1 Lomba Kimia Nasional 2025","Publikasi Jurnal Scopus 2024"]', '["Olimpiade Gold","Scopus Author"]', true, true, true, true, NULL, NULL, NULL, NULL, NULL, 'none', NULL, NULL, NULL, false),
  (24, 'Ulfah Mardiyah', 'ulfah@undip.ac.id', '$2a$10$RSkZRsA7U61f4p9zkOfGR.U../8gzlcw63XpZXDWNokYJJyMEpyyS', 'Universitas Diponegoro', 'Fisika', 'bg-blue-700', 'Fisika Komputasi & Simulasi Numerik.', 'peserta', '["Physics Olympiad Nasional — Juara 3","IEEE Student Branch Project"]', '["Physics Award","IEEE Member"]', false, true, true, true, NULL, NULL, NULL, NULL, NULL, 'none', NULL, NULL, NULL, false),
  (25, 'Kemendikbud Ristek', 'kemendikbud@ipb.ac.id', '$2a$10$RSkZRsA7U61f4p9zkOfGR.U../8gzlcw63XpZXDWNokYJJyMEpyyS', 'Kementerian Pendidikan dan Kebudayaan', 'Penyelenggara Lomba Resmi', 'bg-indigo-600', 'Akun resmi Pusat Prestasi Nasional, Kemendikbud Ristek RI.', 'organizer', '[]', '[]', true, true, true, true, NULL, NULL, NULL, NULL, NULL, 'trialing', '2026-05-03 05:45:01.310', '2026-08-01 05:45:01.310', NULL, false),
  (26, 'HIPMI IPB', 'hipmi@ipb.ac.id', '$2a$10$RSkZRsA7U61f4p9zkOfGR.U../8gzlcw63XpZXDWNokYJJyMEpyyS', 'IPB University', 'Himpunan Pengusaha Muda Indonesia', 'bg-orange-600', 'Akun Resmi Badan Pengurus Cabang HIPMI Perguruan Tinggi IPB.', 'organizer', '[]', '[]', true, true, true, true, NULL, NULL, NULL, NULL, NULL, 'trialing', '2026-05-03 05:45:01.310', '2026-08-01 05:45:01.310', NULL, false),
  (27, 'Google DSC IPB', 'dsc@ipb.ac.id', '$2a$10$RSkZRsA7U61f4p9zkOfGR.U../8gzlcw63XpZXDWNokYJJyMEpyyS', 'IPB University', 'Google Developer Student Clubs', 'bg-red-500', 'Komunitas mahasiswa pengembang bentukan Google Developers di IPB.', 'organizer', '[]', '[]', true, true, true, true, NULL, NULL, NULL, NULL, NULL, 'trialing', '2026-05-03 05:45:01.310', '2026-08-01 05:45:01.310', NULL, false),
  (28, 'Moderator SideQuest', 'moderator@sidequest.com', '$2a$10$RSkZRsA7U61f4p9zkOfGR.U../8gzlcw63XpZXDWNokYJJyMEpyyS', 'SideQuest HQ', 'Security & Moderation', 'bg-red-500', 'Akun resmi Moderator untuk pengawasan kualitas konten platform.', 'moderator', NULL, NULL, false, true, true, true, NULL, NULL, NULL, NULL, NULL, 'none', NULL, NULL, NULL, false),
  (29, 'Superadmin SideQuest', 'superadmin@sidequest.com', '$2a$10$RSkZRsA7U61f4p9zkOfGR.U../8gzlcw63XpZXDWNokYJJyMEpyyS', 'SideQuest HQ', 'System Administration', 'bg-yellow-600', 'Akun resmi Super Administrator dengan hak akses sistem penuh.', 'superadmin', NULL, NULL, false, true, true, true, NULL, NULL, NULL, NULL, NULL, 'none', NULL, NULL, NULL, false),
  (30, 'Moderator Kedua', 'moderator2@sidequest.com', '$2a$10$RSkZRsA7U61f4p9zkOfGR.U../8gzlcw63XpZXDWNokYJJyMEpyyS', 'SideQuest HQ', 'Quality Assurance', 'bg-red-600', 'Akun resmi staff moderator kedua untuk pengujian suspensi ganda.', 'moderator', NULL, NULL, false, true, true, true, NULL, NULL, NULL, NULL, NULL, 'none', NULL, NULL, NULL, false),
  (31, 'Panitia Gemastik IPB', 'eo_creative_26178@kemendikbud.go.id', '$2a$10$1vo00hnRcYnpY/rV59TzGurG/h07lVtIrX1vyvYMVfC0lRylWoZJy', 'Institut Pertanian Bogor', NULL, 'bg-blue-500', '', 'organizer', NULL, NULL, false, true, true, true, NULL, NULL, NULL, NULL, NULL, 'trialing', '2026-05-03 05:45:01.310', '2026-08-01 05:45:01.310', NULL, false),
  (32, 'Panitia Gemastik IPB', 'eo_creative_2167@kemendikbud.go.id', '$2a$10$kCtfZnu1BGdHJASssf2EouW9qF5N0tgxnICzW/bX8mjIy6eWiy51a', 'Institut Pertanian Bogor', NULL, 'bg-blue-500', '', 'organizer', NULL, NULL, false, true, true, true, NULL, NULL, NULL, NULL, NULL, 'trialing', '2026-05-03 05:45:01.310', '2026-08-01 05:45:01.310', NULL, false),
  (33, 'Akhirudin Fahmi', 'akhirudinfahmi@gmail.com', '$2a$10$X5tO6vUSFFLVFrFMWxFK.eHr4iWBWBL3d.KuLEnOkB3KTHMqBYraS', 'Lainnya…', 'Manajemen Informatika', 'bg-blue-500', '', 'peserta', NULL, NULL, false, true, true, true, NULL, NULL, NULL, NULL, NULL, 'none', NULL, NULL, NULL, false),
  (34, 'Budi Localhost', 'student_local_60953@ipb.ac.id', '$2a$10$JOf5eY7vFoeTwUgodRB2YeuGhV6KxcXR0djKM.5X3qcHF2pufUOlu', 'Institut Pertanian Bogor (IPB)', 'Ilmu Komputer', 'bg-blue-500', '', 'peserta', NULL, NULL, false, true, true, true, NULL, NULL, NULL, NULL, NULL, 'none', NULL, NULL, NULL, false),
  (35, 'Agus Production', 'student_prod_60953@ipb.ac.id', '$2a$10$BMswwMwwYwLND/YTA4Y2GeafK8Ghke6VRBpP7FdZ9Aba38HzverHW', 'Universitas Indonesia', 'Ilmu Hukum', 'bg-blue-500', '', 'peserta', NULL, NULL, false, true, true, true, NULL, NULL, NULL, NULL, NULL, 'none', NULL, NULL, NULL, false),
  (36, 'Kepanitiaan UI Hackathon', 'eo_prod_60953@kemendikbud.go.id', '$2a$10$p7X6Vh0kbHowVkaMiMg4g.oWs4tht0Nz14XRe3OrGNDccLf0uMbiW', 'Universitas Indonesia BEM', NULL, 'bg-blue-500', '', 'organizer', NULL, NULL, false, true, true, true, NULL, NULL, NULL, 'Gedung Pusgiwa UI Lantai 2, Depok', '081234567890', 'trialing', '2026-05-03 05:45:01.310', '2026-08-01 05:45:01.310', NULL, false),
  (37, 'Panitia Gemastik IPB', 'eo_creative_19765@kemendikbud.go.id', '$2a$10$ImmVmhFy/hAlCfQmWeCHIu03AXcx1Fb5Dv5kmn7Z9pYgcaLle3Wpm', 'Institut Pertanian Bogor', NULL, 'bg-blue-500', '', 'organizer', NULL, NULL, false, true, true, true, NULL, NULL, NULL, NULL, NULL, 'trialing', '2026-05-03 05:45:01.310', '2026-08-01 05:45:01.310', NULL, false),
  (38, 'Akhirudin Fahmi', 'fahmi.akhirudin@doku.com', '$2a$10$BEtyaolw8Pd9a8lShxLUH.WrzKl5Kvu4xrJNP0jK07ywzNPWin3Pm', 'DOKU', NULL, 'bg-blue-500', '', 'organizer', NULL, NULL, false, true, true, true, NULL, NULL, NULL, 'SCBD', '08122168560', 'trialing', '2026-05-03 05:45:01.310', '2026-08-01 05:45:01.310', NULL, false),
  (39, 'Panitia Gemastik IPB', 'eo_creative_71795@kemendikbud.go.id', '$2a$10$OsWC1wa6FNWH8fQjDHq1m.S48SxaMj9wiBpEGDw6x9M36jbUxa1Te', 'Institut Pertanian Bogor', NULL, 'bg-blue-500', '', 'organizer', NULL, NULL, false, true, true, true, NULL, NULL, NULL, NULL, NULL, 'trialing', '2026-05-03 05:45:01.310', '2026-08-01 05:45:01.310', NULL, false),
  (40, 'Panitia Gemastik IPB', 'eo_creative_69228@kemendikbud.go.id', '$2a$10$4WPgD6CBNRXL7u.dGkqAb.kkJda0e1PGXsD8nHU/pVSEwV7eGuCli', 'Institut Pertanian Bogor', NULL, 'bg-blue-500', '', 'organizer', NULL, NULL, false, true, true, true, NULL, NULL, NULL, NULL, NULL, 'trialing', '2026-05-03 05:45:01.310', '2026-08-01 05:45:01.310', NULL, false),
  (41, 'Panitia Gemastik IPB', 'eo_creative_36285@kemendikbud.go.id', '$2a$10$H0lvckGwXThIdd75q3fpc.OMFTKBXIMOGS.fBNzYMrJ6hWOOP.sSq', 'Institut Pertanian Bogor', NULL, 'bg-blue-500', '', 'organizer', NULL, NULL, false, true, true, true, NULL, NULL, NULL, NULL, NULL, 'trialing', '2026-05-03 05:45:01.310', '2026-08-01 05:45:01.310', NULL, false),
  (42, 'Panitia Gemastik IPB', 'eo_creative_5806@kemendikbud.go.id', '$2a$10$q.B40l9K17GA5IA0YDLdQOCo/MXucjCi9XHTUzqatI20OYHnbm6t2', 'Institut Pertanian Bogor', NULL, 'bg-blue-500', '', 'organizer', NULL, NULL, false, true, true, true, NULL, NULL, NULL, NULL, NULL, 'trialing', '2026-05-03 05:45:01.310', '2026-08-01 05:45:01.310', NULL, false),
  (43, 'Panitia Gemastik IPB', 'eo_creative_27655@kemendikbud.go.id', '$2a$10$mcal7Q6ULnTaJ5NVO8M3jOBkhOSWbpDB./l9821CvkGZgDz/hpNqy', 'Institut Pertanian Bogor', NULL, 'bg-blue-500', '', 'organizer', NULL, NULL, false, true, true, true, NULL, NULL, NULL, NULL, NULL, 'trialing', '2026-05-03 05:45:01.310', '2026-08-01 05:45:01.310', NULL, false),
  (44, 'Panitia Gemastik IPB', 'eo_creative_59479@kemendikbud.go.id', '$2a$10$tCmYA4BQE/zqqytKZ25ZTuSTpYvvXWvO9VExiUdlXPlHW.5OGzSkS', 'Institut Pertanian Bogor', NULL, 'bg-blue-500', '', 'organizer', NULL, NULL, false, true, true, true, NULL, NULL, NULL, NULL, NULL, 'trialing', '2026-05-03 05:45:01.310', '2026-08-01 05:45:01.310', NULL, false),
  (45, 'Panitia Gemastik IPB', 'eo_creative_81991@kemendikbud.go.id', '$2a$10$fHf3raCQB1cOsQWcDPqLsuNjzJxMwI/n7cIcAn44kRvFeuX8ahfj2', 'Institut Pertanian Bogor', NULL, 'bg-blue-500', '', 'organizer', NULL, NULL, false, true, true, true, NULL, NULL, NULL, NULL, NULL, 'trialing', '2026-05-03 05:45:01.310', '2026-08-01 05:45:01.310', NULL, false),
  (46, 'Google Indonesia', 'sponsor_1780200805851@ipb.ac.id', '$2a$10$tdjp7JLUDdsaTec97to2AuYKmZMIO2Vj.uUkdiKWz7.gWPpXh3s9y', 'PT Google Indonesia', NULL, NULL, NULL, 'sponsor', NULL, NULL, false, true, true, true, NULL, NULL, NULL, NULL, NULL, 'none', NULL, NULL, NULL, false),
  (47, 'Google Indonesia', 'sponsor_1780201364252@ipb.ac.id', '$2a$10$vXFaxO1eLjfUxKid8c6qLO7ICPA9AXNf1Lh6obzQv8MY8Avtv0NMW', 'PT Google Indonesia', NULL, NULL, NULL, 'sponsor', NULL, NULL, false, true, true, true, NULL, NULL, NULL, NULL, NULL, 'none', NULL, NULL, NULL, false),
  (48, 'Rudi Guru', 'sponsorship@ruangguru.co', '$2a$10$sxypmdY2Hj02UhwJUmy9ceK1nGkmnVyH6UcxjI8cYxLNG63qFTuxK', 'PT. Ruang Guru', NULL, NULL, NULL, 'sponsor', NULL, NULL, false, true, true, true, NULL, NULL, NULL, NULL, NULL, 'none', NULL, NULL, NULL, false),
  (49, 'Google Indonesia', 'sponsor_1780202210155@ipb.ac.id', '$2a$10$ZldRJ/GnYFDNI4VUy7r7JuKxKkzdQtkeYZGCWrrVXMuR0enr2alFu', 'PT Google Indonesia', NULL, NULL, NULL, 'sponsor', NULL, NULL, false, true, true, true, NULL, NULL, NULL, NULL, NULL, 'none', NULL, NULL, NULL, false),
  (50, 'E2E Organizer Ltd', 'test_org_1780285291428@sidequest.com', '$2a$10$E91PDg4nendEXBq5jEC/Ou7GkiqbkRaCoJNdjsgjznDc0ImJf62H2', 'IPB University', 'Web Development EO', 'bg-blue-500', '', 'organizer', NULL, NULL, false, true, true, true, NULL, NULL, NULL, NULL, NULL, 'trialing', '2026-05-03 05:45:01.310', '2026-08-01 05:45:01.310', NULL, false),
  (51, 'Rian Prasetya', 'student_1780285291831@ipb.ac.id', '$2a$10$JZgiuqRavTBO.7JvgJVxb.seKu4vrkoS9uG7tUdBZzoTHAODV.gZu', 'IPB University', 'Teknologi Rekayasa Komputer', 'bg-blue-500', '', 'peserta', NULL, NULL, false, true, true, true, NULL, NULL, NULL, NULL, NULL, 'none', NULL, NULL, NULL, false),
  (52, 'E2E Organizer Ltd', 'test_org_1780285335967@sidequest.com', '$2a$10$BRMoZSQm3BhnHRT2SDXSeOKwOVTvUOgf1PRZvnbrqV3.q08zIYs/.', 'IPB University', 'Web Development EO', 'bg-blue-500', '', 'organizer', NULL, NULL, false, true, true, true, NULL, NULL, NULL, NULL, NULL, 'trialing', '2026-05-03 05:45:01.310', '2026-08-01 05:45:01.310', NULL, false),
  (53, 'Rian Prasetya', 'student_1780285336406@ipb.ac.id', '$2a$10$RqLD56dGIWlTlpoALrdOme8cUYgceSMbV8.e3eMzJDKaLv1dP7e6u', 'IPB University', 'Teknologi Rekayasa Komputer', 'bg-blue-500', '', 'peserta', NULL, NULL, false, true, true, true, NULL, NULL, NULL, NULL, NULL, 'none', NULL, NULL, NULL, false),
  (54, 'E2E Organizer Ltd', 'test_org_1780285361218@sidequest.com', '$2a$10$jOxEbGBfZ4xKODk/6SgCiO.K4dbpWZNAbakPjIviFOUmMnzJWdTeK', 'IPB University', 'Web Development EO', 'bg-blue-500', '', 'organizer', NULL, NULL, false, true, true, true, NULL, NULL, NULL, NULL, NULL, 'trialing', '2026-05-03 05:45:01.310', '2026-08-01 05:45:01.310', NULL, false),
  (55, 'Rian Prasetya', 'student_1780285361628@ipb.ac.id', '$2a$10$.sm94TrrLJNyhgMczuLyeuRKe2hV1534TsgJ8mlwjAa/cfI1VEc6O', 'IPB University', 'Teknologi Rekayasa Komputer', 'bg-blue-500', '', 'peserta', NULL, NULL, false, true, true, true, NULL, NULL, NULL, NULL, NULL, 'none', NULL, NULL, NULL, false),
  (56, 'E2E Organizer Ltd', 'test_org_1780286980982@sidequest.com', '$2a$10$vAJC0KtrC7HhqvOVKhlo4eVrvVZ0jaCKnPaaVGgHme32g1aot5.GC', 'IPB University', 'Web Development EO', 'bg-blue-500', '', 'organizer', NULL, NULL, false, true, true, true, NULL, NULL, NULL, NULL, NULL, 'trialing', '2026-05-03 05:45:01.310', '2026-08-01 05:45:01.310', NULL, false),
  (57, 'Rian Prasetya', 'student_1780286981401@ipb.ac.id', '$2a$10$RAqEbC3qsmRrgG120znC8egr8/oSXMVVzV3ORruknTUdkbtXLsvmm', 'IPB University', 'Teknologi Rekayasa Komputer', 'bg-blue-500', '', 'peserta', NULL, NULL, false, true, true, true, NULL, NULL, NULL, NULL, NULL, 'none', NULL, NULL, NULL, false),
  (58, 'E2E Organizer Ltd', 'test_org_1780287097426@sidequest.com', '$2a$10$jQ7.eD0ApcJs2AeaQx/IsuqyXjkw2XRUizbeuJXjfAvW6IXNnW9hi', 'IPB University', 'Web Development EO', 'bg-blue-500', '', 'organizer', NULL, NULL, false, true, true, true, NULL, NULL, NULL, NULL, NULL, 'trialing', '2026-05-03 05:45:01.310', '2026-08-01 05:45:01.310', NULL, false),
  (59, 'Rian Prasetya', 'student_1780287097850@ipb.ac.id', '$2a$10$NARiGMlOn3EgtAsOD7nzauZBr.UrNFg2qPdSUARulyY2ghf0pLCAG', 'IPB University', 'Teknologi Rekayasa Komputer', 'bg-blue-500', '', 'peserta', NULL, NULL, false, true, true, true, NULL, NULL, NULL, NULL, NULL, 'none', NULL, NULL, NULL, false),
  (60, 'Muhammad Kusuma', 'muhammad.kusuma_1@student.ac.id', '$2a$10$RSkZRsA7U61f4p9zkOfGR.U../8gzlcw63XpZXDWNokYJJyMEpyyS', 'Universitas Indonesia', 'Teknik Komputer', 'bg-purple-500', 'Sangat tertarik dengan proyek berdampak sosial dan startup ramah lingkungan.', 'peserta', '["Lomba Mini Web Universitas Indonesia — Juara 1","Project Bootcamp UI/UX Teknik Komputer — Peserta Terbaik"]', '["Sertifikat Professional Kelulusan Teknik Komputer","Juara Favorit Lomba Ide Solutif"]', false, true, true, true, NULL, NULL, NULL, NULL, NULL, 'none', NULL, NULL, NULL, false),
  (61, 'Andi Kusuma', 'andi.kusuma_2@student.ac.id', '$2a$10$RSkZRsA7U61f4p9zkOfGR.U../8gzlcw63XpZXDWNokYJJyMEpyyS', 'Telkom University', 'Sistem Informasi', 'bg-amber-500', 'Sedang mendalami UI/UX design dan riset pengguna secara praktis.', 'peserta', '["Lomba Mini Web Telkom University — Juara 2","Project Bootcamp UI/UX Sistem Informasi — Peserta Terbaik"]', '["Sertifikat Professional Kelulusan Sistem Informasi","Juara Favorit Lomba Ide Solutif"]', false, true, true, true, NULL, NULL, NULL, NULL, NULL, 'none', NULL, NULL, NULL, false),
  (62, 'Wahyu Lestari', 'wahyu.lestari_3@student.ac.id', '$2a$10$RSkZRsA7U61f4p9zkOfGR.U../8gzlcw63XpZXDWNokYJJyMEpyyS', 'ITS Surabaya', 'Statistika', 'bg-indigo-500', 'UI/UX designer dengan kecintaan pada desain minimalis dan glassmorphism.', 'peserta', '["Lomba Mini Web ITS Surabaya — Juara 2","Project Bootcamp UI/UX Statistika — Peserta Terbaik"]', '["Sertifikat Professional Kelulusan Statistika","Juara Favorit Lomba Ide Solutif"]', false, true, true, true, NULL, NULL, NULL, NULL, NULL, 'none', NULL, NULL, NULL, false),
  (63, 'Zacky Ginting', 'zacky.ginting_4@student.ac.id', '$2a$10$RSkZRsA7U61f4p9zkOfGR.U../8gzlcw63XpZXDWNokYJJyMEpyyS', 'Telkom University', 'Desain Komunikasi Visual', 'bg-cyan-500', 'Full-stack developer yang berfokus pada efisiensi API dan database relational.', 'peserta', '["Lomba Mini Web Telkom University — Juara 2","Project Bootcamp UI/UX Desain Komunikasi Visual — Peserta Terbaik"]', '["Sertifikat Professional Kelulusan Desain Komunikasi Visual","Juara Favorit Lomba Ide Solutif"]', false, true, true, true, NULL, NULL, NULL, NULL, NULL, 'none', NULL, NULL, NULL, false),
  (64, 'Kartika Utami', 'kartika.utami_5@student.ac.id', '$2a$10$RSkZRsA7U61f4p9zkOfGR.U../8gzlcw63XpZXDWNokYJJyMEpyyS', 'Universitas Brawijaya', 'Manajemen', 'bg-orange-500', 'Sangat tertarik dengan proyek berdampak sosial dan startup ramah lingkungan.', 'peserta', '["Lomba Mini Web Universitas Brawijaya — Juara 2","Project Bootcamp UI/UX Manajemen — Peserta Terbaik"]', '["Sertifikat Professional Kelulusan Manajemen","Juara Favorit Lomba Ide Solutif"]', true, true, true, true, NULL, NULL, NULL, NULL, NULL, 'none', NULL, NULL, NULL, false),
  (65, 'Tegar Wijaya', 'tegar.wijaya_6@student.ac.id', '$2a$10$RSkZRsA7U61f4p9zkOfGR.U../8gzlcw63XpZXDWNokYJJyMEpyyS', 'Telkom University', 'Rekayasa Perangkat Lunak', 'bg-cyan-500', 'Antusias dengan kolaborasi riset dan pengembangan software tingkat mahasiswa.', 'peserta', '["Lomba Mini Web Telkom University — Juara 2","Project Bootcamp UI/UX Rekayasa Perangkat Lunak — Peserta Terbaik"]', '["Sertifikat Professional Kelulusan Rekayasa Perangkat Lunak","Juara Favorit Lomba Ide Solutif"]', true, true, true, true, NULL, NULL, NULL, NULL, NULL, 'none', NULL, NULL, NULL, false),
  (66, 'Kartika Tanjung', 'kartika.tanjung_7@student.ac.id', '$2a$10$RSkZRsA7U61f4p9zkOfGR.U../8gzlcw63XpZXDWNokYJJyMEpyyS', 'Telkom University', 'Statistika', 'bg-orange-500', 'Sedang mendalami UI/UX design dan riset pengguna secara praktis.', 'peserta', '["Lomba Mini Web Telkom University — Juara 2","Project Bootcamp UI/UX Statistika — Peserta Terbaik"]', '["Sertifikat Professional Kelulusan Statistika","Juara Favorit Lomba Ide Solutif"]', false, true, true, true, NULL, NULL, NULL, NULL, NULL, 'none', NULL, NULL, NULL, false),
  (67, 'Aditya Simanjuntak', 'aditya.simanjuntak_8@student.ac.id', '$2a$10$RSkZRsA7U61f4p9zkOfGR.U../8gzlcw63XpZXDWNokYJJyMEpyyS', 'ITS Surabaya', 'Teknik Komputer', 'bg-indigo-500', 'Business strategist yang siap membantu merancang pitch deck dan analisis keuangan.', 'peserta', '["Lomba Mini Web ITS Surabaya — Juara 2","Project Bootcamp UI/UX Teknik Komputer — Peserta Terbaik"]', '["Sertifikat Professional Kelulusan Teknik Komputer","Juara Favorit Lomba Ide Solutif"]', false, true, true, true, NULL, NULL, NULL, NULL, NULL, 'none', NULL, NULL, NULL, false),
  (68, 'Tegar Rahmawati', 'tegar.rahmawati_9@student.ac.id', '$2a$10$RSkZRsA7U61f4p9zkOfGR.U../8gzlcw63XpZXDWNokYJJyMEpyyS', 'Universitas Padjadjaran', 'Sistem Informasi', 'bg-cyan-500', 'Machine learning enthusiast yang senang menganalisis pola data statistik.', 'peserta', '["Lomba Mini Web Universitas Padjadjaran — Juara 1","Project Bootcamp UI/UX Sistem Informasi — Peserta Terbaik"]', '["Sertifikat Professional Kelulusan Sistem Informasi","Juara Favorit Lomba Ide Solutif"]', true, true, true, true, NULL, NULL, NULL, NULL, NULL, 'none', NULL, NULL, NULL, false),
  (69, 'Olivia Gunawan', 'olivia.gunawan_10@student.ac.id', '$2a$10$RSkZRsA7U61f4p9zkOfGR.U../8gzlcw63XpZXDWNokYJJyMEpyyS', 'Universitas Gadjah Mada', 'Teknik Komputer', 'bg-violet-500', 'Sedang mendalami UI/UX design dan riset pengguna secara praktis.', 'peserta', '["Lomba Mini Web Universitas Gadjah Mada — Juara 3","Project Bootcamp UI/UX Teknik Komputer — Peserta Terbaik"]', '["Sertifikat Professional Kelulusan Teknik Komputer","Juara Favorit Lomba Ide Solutif"]', false, true, true, true, NULL, NULL, NULL, NULL, NULL, 'none', NULL, NULL, NULL, false),
  (70, 'Mega Indah', 'mega.indah_11@student.ac.id', '$2a$10$RSkZRsA7U61f4p9zkOfGR.U../8gzlcw63XpZXDWNokYJJyMEpyyS', 'Universitas Gadjah Mada', 'Teknik Komputer', 'bg-orange-500', 'Full-stack developer yang berfokus pada efisiensi API dan database relational.', 'peserta', '["Lomba Mini Web Universitas Gadjah Mada — Juara 2","Project Bootcamp UI/UX Teknik Komputer — Peserta Terbaik"]', '["Sertifikat Professional Kelulusan Teknik Komputer","Juara Favorit Lomba Ide Solutif"]', false, true, true, true, NULL, NULL, NULL, NULL, NULL, 'none', NULL, NULL, NULL, false),
  (71, 'Oki Siregar', 'oki.siregar_12@student.ac.id', '$2a$10$RSkZRsA7U61f4p9zkOfGR.U../8gzlcw63XpZXDWNokYJJyMEpyyS', 'Universitas Padjadjaran', 'Informatika', 'bg-violet-500', 'Sangat tertarik dengan proyek berdampak sosial dan startup ramah lingkungan.', 'peserta', '["Lomba Mini Web Universitas Padjadjaran — Juara 3","Project Bootcamp UI/UX Informatika — Peserta Terbaik"]', '["Sertifikat Professional Kelulusan Informatika","Juara Favorit Lomba Ide Solutif"]', true, true, true, true, NULL, NULL, NULL, NULL, NULL, 'none', NULL, NULL, NULL, false),
  (72, 'Andi Nugroho', 'andi.nugroho_13@student.ac.id', '$2a$10$RSkZRsA7U61f4p9zkOfGR.U../8gzlcw63XpZXDWNokYJJyMEpyyS', 'ITB Bandung', 'Sistem Informasi', 'bg-amber-500', 'Sangat tertarik dengan proyek berdampak sosial dan startup ramah lingkungan.', 'peserta', '["Lomba Mini Web ITB Bandung — Juara 2","Project Bootcamp UI/UX Sistem Informasi — Peserta Terbaik"]', '["Sertifikat Professional Kelulusan Sistem Informasi","Juara Favorit Lomba Ide Solutif"]', false, true, true, true, NULL, NULL, NULL, NULL, NULL, 'none', NULL, NULL, NULL, false),
  (73, 'Ketut Indah', 'ketut.indah_14@student.ac.id', '$2a$10$RSkZRsA7U61f4p9zkOfGR.U../8gzlcw63XpZXDWNokYJJyMEpyyS', 'Universitas Diponegoro', 'Desain Komunikasi Visual', 'bg-emerald-500', 'Antusias dengan kolaborasi riset dan pengembangan software tingkat mahasiswa.', 'peserta', '["Lomba Mini Web Universitas Diponegoro — Juara 3","Project Bootcamp UI/UX Desain Komunikasi Visual — Peserta Terbaik"]', '["Sertifikat Professional Kelulusan Desain Komunikasi Visual","Juara Favorit Lomba Ide Solutif"]', true, true, true, true, NULL, NULL, NULL, NULL, NULL, 'none', NULL, NULL, NULL, false),
  (74, 'Dewi Simanjuntak', 'dewi.simanjuntak_15@student.ac.id', '$2a$10$RSkZRsA7U61f4p9zkOfGR.U../8gzlcw63XpZXDWNokYJJyMEpyyS', 'Universitas Padjadjaran', 'Manajemen', 'bg-cyan-500', 'Pembelajar cepat yang berdedikasi mencari pengalaman lomba tingkat nasional.', 'peserta', '["Lomba Mini Web Universitas Padjadjaran — Juara 2","Project Bootcamp UI/UX Manajemen — Peserta Terbaik"]', '["Sertifikat Professional Kelulusan Manajemen","Juara Favorit Lomba Ide Solutif"]', true, true, true, true, NULL, NULL, NULL, NULL, NULL, 'none', NULL, NULL, NULL, false),
  (75, 'Dewi Tanjung', 'dewi.tanjung_16@student.ac.id', '$2a$10$RSkZRsA7U61f4p9zkOfGR.U../8gzlcw63XpZXDWNokYJJyMEpyyS', 'Universitas Padjadjaran', 'Informatika', 'bg-amber-500', 'Business strategist yang siap membantu merancang pitch deck dan analisis keuangan.', 'peserta', '["Lomba Mini Web Universitas Padjadjaran — Juara 3","Project Bootcamp UI/UX Informatika — Peserta Terbaik"]', '["Sertifikat Professional Kelulusan Informatika","Juara Favorit Lomba Ide Solutif"]', false, true, true, true, NULL, NULL, NULL, NULL, NULL, 'none', NULL, NULL, NULL, false),
  (76, 'Rahmat Siregar', 'rahmat.siregar_17@student.ac.id', '$2a$10$RSkZRsA7U61f4p9zkOfGR.U../8gzlcw63XpZXDWNokYJJyMEpyyS', 'ITS Surabaya', 'Sistem Informasi', 'bg-teal-500', 'Sedang mendalami UI/UX design dan riset pengguna secara praktis.', 'peserta', '["Lomba Mini Web ITS Surabaya — Juara 2","Project Bootcamp UI/UX Sistem Informasi — Peserta Terbaik"]', '["Sertifikat Professional Kelulusan Sistem Informasi","Juara Favorit Lomba Ide Solutif"]', false, true, true, true, NULL, NULL, NULL, NULL, NULL, 'none', NULL, NULL, NULL, false),
  (77, 'Mega Sembiring', 'mega.sembiring_18@student.ac.id', '$2a$10$RSkZRsA7U61f4p9zkOfGR.U../8gzlcw63XpZXDWNokYJJyMEpyyS', 'Universitas Airlangga', 'Rekayasa Perangkat Lunak', 'bg-purple-500', 'Pembelajar cepat yang berdedikasi mencari pengalaman lomba tingkat nasional.', 'peserta', '["Lomba Mini Web Universitas Airlangga — Juara 2","Project Bootcamp UI/UX Rekayasa Perangkat Lunak — Peserta Terbaik"]', '["Sertifikat Professional Kelulusan Rekayasa Perangkat Lunak","Juara Favorit Lomba Ide Solutif"]', false, true, true, true, NULL, NULL, NULL, NULL, NULL, 'none', NULL, NULL, NULL, false),
  (78, 'Taufik Sinaga', 'taufik.sinaga_19@student.ac.id', '$2a$10$RSkZRsA7U61f4p9zkOfGR.U../8gzlcw63XpZXDWNokYJJyMEpyyS', 'ITS Surabaya', 'Manajemen', 'bg-blue-500', 'Sangat tertarik dengan proyek berdampak sosial dan startup ramah lingkungan.', 'peserta', '["Lomba Mini Web ITS Surabaya — Juara 2","Project Bootcamp UI/UX Manajemen — Peserta Terbaik"]', '["Sertifikat Professional Kelulusan Manajemen","Juara Favorit Lomba Ide Solutif"]', false, true, true, true, NULL, NULL, NULL, NULL, NULL, 'none', NULL, NULL, NULL, false),
  (79, 'Elsa Pangaribuan', 'elsa.pangaribuan_20@student.ac.id', '$2a$10$RSkZRsA7U61f4p9zkOfGR.U../8gzlcw63XpZXDWNokYJJyMEpyyS', 'Universitas Padjadjaran', 'Desain Komunikasi Visual', 'bg-cyan-500', 'Sedang mendalami UI/UX design dan riset pengguna secara praktis.', 'peserta', '["Lomba Mini Web Universitas Padjadjaran — Juara 2","Project Bootcamp UI/UX Desain Komunikasi Visual — Peserta Terbaik"]', '["Sertifikat Professional Kelulusan Desain Komunikasi Visual","Juara Favorit Lomba Ide Solutif"]', false, true, true, true, NULL, NULL, NULL, NULL, NULL, 'none', NULL, NULL, NULL, false),
  (80, 'Wulan Suryadi', 'wulan.suryadi_21@student.ac.id', '$2a$10$RSkZRsA7U61f4p9zkOfGR.U../8gzlcw63XpZXDWNokYJJyMEpyyS', 'Universitas Brawijaya', 'Informatika', 'bg-blue-500', 'Pembelajar cepat yang berdedikasi mencari pengalaman lomba tingkat nasional.', 'peserta', '["Lomba Mini Web Universitas Brawijaya — Juara 1","Project Bootcamp UI/UX Informatika — Peserta Terbaik"]', '["Sertifikat Professional Kelulusan Informatika","Juara Favorit Lomba Ide Solutif"]', true, true, true, true, NULL, NULL, NULL, NULL, NULL, 'none', NULL, NULL, NULL, false),
  (81, 'Annisa Nugroho', 'annisa.nugroho_22@student.ac.id', '$2a$10$RSkZRsA7U61f4p9zkOfGR.U../8gzlcw63XpZXDWNokYJJyMEpyyS', 'ITS Surabaya', 'Kecerdasan Buatan', 'bg-indigo-500', 'UI/UX designer dengan kecintaan pada desain minimalis dan glassmorphism.', 'peserta', '["Lomba Mini Web ITS Surabaya — Juara 2","Project Bootcamp UI/UX Kecerdasan Buatan — Peserta Terbaik"]', '["Sertifikat Professional Kelulusan Kecerdasan Buatan","Juara Favorit Lomba Ide Solutif"]', true, true, true, true, NULL, NULL, NULL, NULL, NULL, 'none', NULL, NULL, NULL, false),
  (82, 'Farhan Indah', 'farhan.indah_23@student.ac.id', '$2a$10$RSkZRsA7U61f4p9zkOfGR.U../8gzlcw63XpZXDWNokYJJyMEpyyS', 'Telkom University', 'Teknik Komputer', 'bg-amber-500', 'Pembelajar cepat yang berdedikasi mencari pengalaman lomba tingkat nasional.', 'peserta', '["Lomba Mini Web Telkom University — Juara 3","Project Bootcamp UI/UX Teknik Komputer — Peserta Terbaik"]', '["Sertifikat Professional Kelulusan Teknik Komputer","Juara Favorit Lomba Ide Solutif"]', false, true, true, true, NULL, NULL, NULL, NULL, NULL, 'none', NULL, NULL, NULL, false),
  (83, 'Made Nasution', 'made.nasution_24@student.ac.id', '$2a$10$RSkZRsA7U61f4p9zkOfGR.U../8gzlcw63XpZXDWNokYJJyMEpyyS', 'ITS Surabaya', 'Informatika', 'bg-amber-500', 'Sangat tertarik dengan proyek berdampak sosial dan startup ramah lingkungan.', 'peserta', '["Lomba Mini Web ITS Surabaya — Juara 1","Project Bootcamp UI/UX Informatika — Peserta Terbaik"]', '["Sertifikat Professional Kelulusan Informatika","Juara Favorit Lomba Ide Solutif"]', false, true, true, true, NULL, NULL, NULL, NULL, NULL, 'none', NULL, NULL, NULL, false),
  (84, 'Zacky Kusuma', 'zacky.kusuma_25@student.ac.id', '$2a$10$RSkZRsA7U61f4p9zkOfGR.U../8gzlcw63XpZXDWNokYJJyMEpyyS', 'ITS Surabaya', 'Statistika', 'bg-amber-500', 'Sedang mendalami UI/UX design dan riset pengguna secara praktis.', 'peserta', '["Lomba Mini Web ITS Surabaya — Juara 2","Project Bootcamp UI/UX Statistika — Peserta Terbaik"]', '["Sertifikat Professional Kelulusan Statistika","Juara Favorit Lomba Ide Solutif"]', false, true, true, true, NULL, NULL, NULL, NULL, NULL, 'none', NULL, NULL, NULL, false),
  (85, 'Made Harahap', 'made.harahap_26@student.ac.id', '$2a$10$RSkZRsA7U61f4p9zkOfGR.U../8gzlcw63XpZXDWNokYJJyMEpyyS', 'Universitas Indonesia', 'Rekayasa Perangkat Lunak', 'bg-rose-500', 'Business strategist yang siap membantu merancang pitch deck dan analisis keuangan.', 'peserta', '["Lomba Mini Web Universitas Indonesia — Juara 1","Project Bootcamp UI/UX Rekayasa Perangkat Lunak — Peserta Terbaik"]', '["Sertifikat Professional Kelulusan Rekayasa Perangkat Lunak","Juara Favorit Lomba Ide Solutif"]', true, true, true, true, NULL, NULL, NULL, NULL, NULL, 'none', NULL, NULL, NULL, false),
  (86, 'Bella Utami', 'bella.utami_27@student.ac.id', '$2a$10$RSkZRsA7U61f4p9zkOfGR.U../8gzlcw63XpZXDWNokYJJyMEpyyS', 'Universitas Padjadjaran', 'Kecerdasan Buatan', 'bg-cyan-500', 'UI/UX designer dengan kecintaan pada desain minimalis dan glassmorphism.', 'peserta', '["Lomba Mini Web Universitas Padjadjaran — Juara 1","Project Bootcamp UI/UX Kecerdasan Buatan — Peserta Terbaik"]', '["Sertifikat Professional Kelulusan Kecerdasan Buatan","Juara Favorit Lomba Ide Solutif"]', false, true, true, true, NULL, NULL, NULL, NULL, NULL, 'none', NULL, NULL, NULL, false),
  (87, 'Farhan Tanjung', 'farhan.tanjung_28@student.ac.id', '$2a$10$RSkZRsA7U61f4p9zkOfGR.U../8gzlcw63XpZXDWNokYJJyMEpyyS', 'Universitas Airlangga', 'Informatika', 'bg-amber-500', 'Full-stack developer yang berfokus pada efisiensi API dan database relational.', 'peserta', '["Lomba Mini Web Universitas Airlangga — Juara 1","Project Bootcamp UI/UX Informatika — Peserta Terbaik"]', '["Sertifikat Professional Kelulusan Informatika","Juara Favorit Lomba Ide Solutif"]', false, true, true, true, NULL, NULL, NULL, NULL, NULL, 'none', NULL, NULL, NULL, false),
  (88, 'Candra Nugroho', 'candra.nugroho_29@student.ac.id', '$2a$10$RSkZRsA7U61f4p9zkOfGR.U../8gzlcw63XpZXDWNokYJJyMEpyyS', 'Universitas Padjadjaran', 'Teknik Komputer', 'bg-pink-500', 'Business strategist yang siap membantu merancang pitch deck dan analisis keuangan.', 'peserta', '["Lomba Mini Web Universitas Padjadjaran — Juara 3","Project Bootcamp UI/UX Teknik Komputer — Peserta Terbaik"]', '["Sertifikat Professional Kelulusan Teknik Komputer","Juara Favorit Lomba Ide Solutif"]', false, true, true, true, NULL, NULL, NULL, NULL, NULL, 'none', NULL, NULL, NULL, false),
  (89, 'Jihan Fitriani', 'jihan.fitriani_30@student.ac.id', '$2a$10$RSkZRsA7U61f4p9zkOfGR.U../8gzlcw63XpZXDWNokYJJyMEpyyS', 'Universitas Brawijaya', 'Informatika', 'bg-blue-500', 'Pembelajar cepat yang berdedikasi mencari pengalaman lomba tingkat nasional.', 'peserta', '["Lomba Mini Web Universitas Brawijaya — Juara 3","Project Bootcamp UI/UX Informatika — Peserta Terbaik"]', '["Sertifikat Professional Kelulusan Informatika","Juara Favorit Lomba Ide Solutif"]', true, true, true, true, NULL, NULL, NULL, NULL, NULL, 'none', NULL, NULL, NULL, false),
  (90, 'Indah Nugroho', 'indah.nugroho_31@student.ac.id', '$2a$10$RSkZRsA7U61f4p9zkOfGR.U../8gzlcw63XpZXDWNokYJJyMEpyyS', 'Telkom University', 'Teknik Komputer', 'bg-orange-500', 'Machine learning enthusiast yang senang menganalisis pola data statistik.', 'peserta', '["Lomba Mini Web Telkom University — Juara 2","Project Bootcamp UI/UX Teknik Komputer — Peserta Terbaik"]', '["Sertifikat Professional Kelulusan Teknik Komputer","Juara Favorit Lomba Ide Solutif"]', false, true, true, true, NULL, NULL, NULL, NULL, NULL, 'none', NULL, NULL, NULL, false),
  (91, 'Vina Putra', 'vina.putra_32@student.ac.id', '$2a$10$RSkZRsA7U61f4p9zkOfGR.U../8gzlcw63XpZXDWNokYJJyMEpyyS', 'Universitas Hasanuddin', 'Statistika', 'bg-orange-500', 'Sangat tertarik dengan proyek berdampak sosial dan startup ramah lingkungan.', 'peserta', '["Lomba Mini Web Universitas Hasanuddin — Juara 2","Project Bootcamp UI/UX Statistika — Peserta Terbaik"]', '["Sertifikat Professional Kelulusan Statistika","Juara Favorit Lomba Ide Solutif"]', false, true, true, true, NULL, NULL, NULL, NULL, NULL, 'none', NULL, NULL, NULL, false),
  (92, 'Fadilah Setiawan', 'fadilah.setiawan_33@student.ac.id', '$2a$10$RSkZRsA7U61f4p9zkOfGR.U../8gzlcw63XpZXDWNokYJJyMEpyyS', 'Universitas Padjadjaran', 'Statistika', 'bg-indigo-500', 'Full-stack developer yang berfokus pada efisiensi API dan database relational.', 'peserta', '["Lomba Mini Web Universitas Padjadjaran — Juara 3","Project Bootcamp UI/UX Statistika — Peserta Terbaik"]', '["Sertifikat Professional Kelulusan Statistika","Juara Favorit Lomba Ide Solutif"]', true, true, true, true, NULL, NULL, NULL, NULL, NULL, 'none', NULL, NULL, NULL, false),
  (93, 'Bella Sembiring', 'bella.sembiring_34@student.ac.id', '$2a$10$RSkZRsA7U61f4p9zkOfGR.U../8gzlcw63XpZXDWNokYJJyMEpyyS', 'Telkom University', 'Kecerdasan Buatan', 'bg-indigo-500', 'Sedang mendalami UI/UX design dan riset pengguna secara praktis.', 'peserta', '["Lomba Mini Web Telkom University — Juara 1","Project Bootcamp UI/UX Kecerdasan Buatan — Peserta Terbaik"]', '["Sertifikat Professional Kelulusan Kecerdasan Buatan","Juara Favorit Lomba Ide Solutif"]', false, true, true, true, NULL, NULL, NULL, NULL, NULL, 'none', NULL, NULL, NULL, false),
  (94, 'Andi Manurung', 'andi.manurung_35@student.ac.id', '$2a$10$RSkZRsA7U61f4p9zkOfGR.U../8gzlcw63XpZXDWNokYJJyMEpyyS', 'Universitas Brawijaya', 'Kecerdasan Buatan', 'bg-cyan-500', 'Full-stack developer yang berfokus pada efisiensi API dan database relational.', 'peserta', '["Lomba Mini Web Universitas Brawijaya — Juara 2","Project Bootcamp UI/UX Kecerdasan Buatan — Peserta Terbaik"]', '["Sertifikat Professional Kelulusan Kecerdasan Buatan","Juara Favorit Lomba Ide Solutif"]', false, true, true, true, NULL, NULL, NULL, NULL, NULL, 'none', NULL, NULL, NULL, false),
  (95, 'Rina Manurung', 'rina.manurung_36@student.ac.id', '$2a$10$RSkZRsA7U61f4p9zkOfGR.U../8gzlcw63XpZXDWNokYJJyMEpyyS', 'ITS Surabaya', 'Manajemen', 'bg-teal-500', 'Antusias dengan kolaborasi riset dan pengembangan software tingkat mahasiswa.', 'peserta', '["Lomba Mini Web ITS Surabaya — Juara 2","Project Bootcamp UI/UX Manajemen — Peserta Terbaik"]', '["Sertifikat Professional Kelulusan Manajemen","Juara Favorit Lomba Ide Solutif"]', false, true, true, true, NULL, NULL, NULL, NULL, NULL, 'none', NULL, NULL, NULL, false),
  (96, 'Satria Nasution', 'satria.nasution_37@student.ac.id', '$2a$10$RSkZRsA7U61f4p9zkOfGR.U../8gzlcw63XpZXDWNokYJJyMEpyyS', 'ITS Surabaya', 'Sistem Informasi', 'bg-indigo-500', 'Sedang mendalami UI/UX design dan riset pengguna secara praktis.', 'peserta', '["Lomba Mini Web ITS Surabaya — Juara 2","Project Bootcamp UI/UX Sistem Informasi — Peserta Terbaik"]', '["Sertifikat Professional Kelulusan Sistem Informasi","Juara Favorit Lomba Ide Solutif"]', true, true, true, true, NULL, NULL, NULL, NULL, NULL, 'none', NULL, NULL, NULL, false),
  (97, 'Kevin Sari', 'kevin.sari_38@student.ac.id', '$2a$10$RSkZRsA7U61f4p9zkOfGR.U../8gzlcw63XpZXDWNokYJJyMEpyyS', 'Universitas Diponegoro', 'Rekayasa Perangkat Lunak', 'bg-blue-500', 'UI/UX designer dengan kecintaan pada desain minimalis dan glassmorphism.', 'peserta', '["Lomba Mini Web Universitas Diponegoro — Juara 1","Project Bootcamp UI/UX Rekayasa Perangkat Lunak — Peserta Terbaik"]', '["Sertifikat Professional Kelulusan Rekayasa Perangkat Lunak","Juara Favorit Lomba Ide Solutif"]', true, true, true, true, NULL, NULL, NULL, NULL, NULL, 'none', NULL, NULL, NULL, false),
  (98, 'Satria Gunawan', 'satria.gunawan_39@student.ac.id', '$2a$10$RSkZRsA7U61f4p9zkOfGR.U../8gzlcw63XpZXDWNokYJJyMEpyyS', 'Universitas Hasanuddin', 'Manajemen', 'bg-cyan-500', 'Machine learning enthusiast yang senang menganalisis pola data statistik.', 'peserta', '["Lomba Mini Web Universitas Hasanuddin — Juara 2","Project Bootcamp UI/UX Manajemen — Peserta Terbaik"]', '["Sertifikat Professional Kelulusan Manajemen","Juara Favorit Lomba Ide Solutif"]', false, true, true, true, NULL, NULL, NULL, NULL, NULL, 'none', NULL, NULL, NULL, false),
  (99, 'Citra Kusuma', 'citra.kusuma_40@student.ac.id', '$2a$10$RSkZRsA7U61f4p9zkOfGR.U../8gzlcw63XpZXDWNokYJJyMEpyyS', 'Universitas Padjadjaran', 'Desain Komunikasi Visual', 'bg-rose-500', 'Machine learning enthusiast yang senang menganalisis pola data statistik.', 'peserta', '["Lomba Mini Web Universitas Padjadjaran — Juara 1","Project Bootcamp UI/UX Desain Komunikasi Visual — Peserta Terbaik"]', '["Sertifikat Professional Kelulusan Desain Komunikasi Visual","Juara Favorit Lomba Ide Solutif"]', true, true, true, true, NULL, NULL, NULL, NULL, NULL, 'none', NULL, NULL, NULL, false),
  (100, 'Gita Budiman', 'gita.budiman_41@student.ac.id', '$2a$10$RSkZRsA7U61f4p9zkOfGR.U../8gzlcw63XpZXDWNokYJJyMEpyyS', 'ITB Bandung', 'Sistem Informasi', 'bg-pink-500', 'Sedang mendalami UI/UX design dan riset pengguna secara praktis.', 'peserta', '["Lomba Mini Web ITB Bandung — Juara 2","Project Bootcamp UI/UX Sistem Informasi — Peserta Terbaik"]', '["Sertifikat Professional Kelulusan Sistem Informasi","Juara Favorit Lomba Ide Solutif"]', false, true, true, true, NULL, NULL, NULL, NULL, NULL, 'none', NULL, NULL, NULL, false),
  (101, 'Hesti Setiawan', 'hesti.setiawan_42@student.ac.id', '$2a$10$RSkZRsA7U61f4p9zkOfGR.U../8gzlcw63XpZXDWNokYJJyMEpyyS', 'ITB Bandung', 'Manajemen', 'bg-rose-500', 'Full-stack developer yang berfokus pada efisiensi API dan database relational.', 'peserta', '["Lomba Mini Web ITB Bandung — Juara 2","Project Bootcamp UI/UX Manajemen — Peserta Terbaik"]', '["Sertifikat Professional Kelulusan Manajemen","Juara Favorit Lomba Ide Solutif"]', true, true, true, true, NULL, NULL, NULL, NULL, NULL, 'none', NULL, NULL, NULL, false),
  (102, 'Made Nugroho', 'made.nugroho_43@student.ac.id', '$2a$10$RSkZRsA7U61f4p9zkOfGR.U../8gzlcw63XpZXDWNokYJJyMEpyyS', 'BINUS University', 'Teknik Komputer', 'bg-rose-500', 'Antusias dengan kolaborasi riset dan pengembangan software tingkat mahasiswa.', 'peserta', '["Lomba Mini Web BINUS University — Juara 1","Project Bootcamp UI/UX Teknik Komputer — Peserta Terbaik"]', '["Sertifikat Professional Kelulusan Teknik Komputer","Juara Favorit Lomba Ide Solutif"]', false, true, true, true, NULL, NULL, NULL, NULL, NULL, 'none', NULL, NULL, NULL, false),
  (103, 'Andi Tanjung', 'andi.tanjung_44@student.ac.id', '$2a$10$RSkZRsA7U61f4p9zkOfGR.U../8gzlcw63XpZXDWNokYJJyMEpyyS', 'ITS Surabaya', 'Rekayasa Perangkat Lunak', 'bg-rose-500', 'Pembelajar cepat yang berdedikasi mencari pengalaman lomba tingkat nasional.', 'peserta', '["Lomba Mini Web ITS Surabaya — Juara 2","Project Bootcamp UI/UX Rekayasa Perangkat Lunak — Peserta Terbaik"]', '["Sertifikat Professional Kelulusan Rekayasa Perangkat Lunak","Juara Favorit Lomba Ide Solutif"]', true, true, true, true, NULL, NULL, NULL, NULL, NULL, 'none', NULL, NULL, NULL, false),
  (104, 'Indah Pangaribuan', 'indah.pangaribuan_45@student.ac.id', '$2a$10$RSkZRsA7U61f4p9zkOfGR.U../8gzlcw63XpZXDWNokYJJyMEpyyS', 'Universitas Indonesia', 'Rekayasa Perangkat Lunak', 'bg-cyan-500', 'UI/UX designer dengan kecintaan pada desain minimalis dan glassmorphism.', 'peserta', '["Lomba Mini Web Universitas Indonesia — Juara 1","Project Bootcamp UI/UX Rekayasa Perangkat Lunak — Peserta Terbaik"]', '["Sertifikat Professional Kelulusan Rekayasa Perangkat Lunak","Juara Favorit Lomba Ide Solutif"]', false, true, true, true, NULL, NULL, NULL, NULL, NULL, 'none', NULL, NULL, NULL, false),
  (105, 'Gita Wibowo', 'gita.wibowo_46@student.ac.id', '$2a$10$RSkZRsA7U61f4p9zkOfGR.U../8gzlcw63XpZXDWNokYJJyMEpyyS', 'Universitas Diponegoro', 'Manajemen', 'bg-violet-500', 'Sedang mendalami UI/UX design dan riset pengguna secara praktis.', 'peserta', '["Lomba Mini Web Universitas Diponegoro — Juara 1","Project Bootcamp UI/UX Manajemen — Peserta Terbaik"]', '["Sertifikat Professional Kelulusan Manajemen","Juara Favorit Lomba Ide Solutif"]', false, true, true, true, NULL, NULL, NULL, NULL, NULL, 'none', NULL, NULL, NULL, false),
  (106, 'Rina Pratama', 'rina.pratama_47@student.ac.id', '$2a$10$RSkZRsA7U61f4p9zkOfGR.U../8gzlcw63XpZXDWNokYJJyMEpyyS', 'Telkom University', 'Rekayasa Perangkat Lunak', 'bg-purple-500', 'UI/UX designer dengan kecintaan pada desain minimalis dan glassmorphism.', 'peserta', '["Lomba Mini Web Telkom University — Juara 2","Project Bootcamp UI/UX Rekayasa Perangkat Lunak — Peserta Terbaik"]', '["Sertifikat Professional Kelulusan Rekayasa Perangkat Lunak","Juara Favorit Lomba Ide Solutif"]', true, true, true, true, NULL, NULL, NULL, NULL, NULL, 'none', NULL, NULL, NULL, false),
  (107, 'Satria Suryadi', 'satria.suryadi_48@student.ac.id', '$2a$10$RSkZRsA7U61f4p9zkOfGR.U../8gzlcw63XpZXDWNokYJJyMEpyyS', 'ITB Bandung', 'Statistika', 'bg-teal-500', 'Sangat tertarik dengan proyek berdampak sosial dan startup ramah lingkungan.', 'peserta', '["Lomba Mini Web ITB Bandung — Juara 3","Project Bootcamp UI/UX Statistika — Peserta Terbaik"]', '["Sertifikat Professional Kelulusan Statistika","Juara Favorit Lomba Ide Solutif"]', false, true, true, true, NULL, NULL, NULL, NULL, NULL, 'none', NULL, NULL, NULL, false),
  (108, 'Pratama Wijaya', 'pratama.wijaya_49@student.ac.id', '$2a$10$RSkZRsA7U61f4p9zkOfGR.U../8gzlcw63XpZXDWNokYJJyMEpyyS', 'Universitas Hasanuddin', 'Teknik Komputer', 'bg-blue-500', 'Sedang mendalami UI/UX design dan riset pengguna secara praktis.', 'peserta', '["Lomba Mini Web Universitas Hasanuddin — Juara 1","Project Bootcamp UI/UX Teknik Komputer — Peserta Terbaik"]', '["Sertifikat Professional Kelulusan Teknik Komputer","Juara Favorit Lomba Ide Solutif"]', true, true, true, true, NULL, NULL, NULL, NULL, NULL, 'none', NULL, NULL, NULL, false),
  (109, 'Eka Saputra', 'eka.saputra_50@student.ac.id', '$2a$10$RSkZRsA7U61f4p9zkOfGR.U../8gzlcw63XpZXDWNokYJJyMEpyyS', 'Universitas Airlangga', 'Statistika', 'bg-teal-500', 'Machine learning enthusiast yang senang menganalisis pola data statistik.', 'peserta', '["Lomba Mini Web Universitas Airlangga — Juara 1","Project Bootcamp UI/UX Statistika — Peserta Terbaik"]', '["Sertifikat Professional Kelulusan Statistika","Juara Favorit Lomba Ide Solutif"]', false, true, true, true, NULL, NULL, NULL, NULL, NULL, 'none', NULL, NULL, NULL, false),
  (110, 'Indah Sari', 'indah.sari_51@student.ac.id', '$2a$10$RSkZRsA7U61f4p9zkOfGR.U../8gzlcw63XpZXDWNokYJJyMEpyyS', 'Universitas Hasanuddin', 'Rekayasa Perangkat Lunak', 'bg-orange-500', 'Sangat tertarik dengan proyek berdampak sosial dan startup ramah lingkungan.', 'peserta', '["Lomba Mini Web Universitas Hasanuddin — Juara 1","Project Bootcamp UI/UX Rekayasa Perangkat Lunak — Peserta Terbaik"]', '["Sertifikat Professional Kelulusan Rekayasa Perangkat Lunak","Juara Favorit Lomba Ide Solutif"]', true, true, true, true, NULL, NULL, NULL, NULL, NULL, 'none', NULL, NULL, NULL, false),
  (111, 'Mega Pangaribuan', 'mega.pangaribuan_52@student.ac.id', '$2a$10$RSkZRsA7U61f4p9zkOfGR.U../8gzlcw63XpZXDWNokYJJyMEpyyS', 'ITB Bandung', 'Statistika', 'bg-teal-500', 'Antusias dengan kolaborasi riset dan pengembangan software tingkat mahasiswa.', 'peserta', '["Lomba Mini Web ITB Bandung — Juara 1","Project Bootcamp UI/UX Statistika — Peserta Terbaik"]', '["Sertifikat Professional Kelulusan Statistika","Juara Favorit Lomba Ide Solutif"]', true, true, true, true, NULL, NULL, NULL, NULL, NULL, 'none', NULL, NULL, NULL, false),
  (112, 'Daffa Amalia', 'daffa.amalia_53@student.ac.id', '$2a$10$RSkZRsA7U61f4p9zkOfGR.U../8gzlcw63XpZXDWNokYJJyMEpyyS', 'Universitas Indonesia', 'Desain Komunikasi Visual', 'bg-amber-500', 'Antusias dengan kolaborasi riset dan pengembangan software tingkat mahasiswa.', 'peserta', '["Lomba Mini Web Universitas Indonesia — Juara 2","Project Bootcamp UI/UX Desain Komunikasi Visual — Peserta Terbaik"]', '["Sertifikat Professional Kelulusan Desain Komunikasi Visual","Juara Favorit Lomba Ide Solutif"]', true, true, true, true, NULL, NULL, NULL, NULL, NULL, 'none', NULL, NULL, NULL, false),
  (113, 'Kartika Fitriani', 'kartika.fitriani_54@student.ac.id', '$2a$10$RSkZRsA7U61f4p9zkOfGR.U../8gzlcw63XpZXDWNokYJJyMEpyyS', 'Universitas Brawijaya', 'Teknik Komputer', 'bg-cyan-500', 'Sedang mendalami UI/UX design dan riset pengguna secara praktis.', 'peserta', '["Lomba Mini Web Universitas Brawijaya — Juara 2","Project Bootcamp UI/UX Teknik Komputer — Peserta Terbaik"]', '["Sertifikat Professional Kelulusan Teknik Komputer","Juara Favorit Lomba Ide Solutif"]', true, true, true, true, NULL, NULL, NULL, NULL, NULL, 'none', NULL, NULL, NULL, false),
  (114, 'Siti Fitriani', 'siti.fitriani_55@student.ac.id', '$2a$10$RSkZRsA7U61f4p9zkOfGR.U../8gzlcw63XpZXDWNokYJJyMEpyyS', 'Universitas Diponegoro', 'Desain Komunikasi Visual', 'bg-orange-500', 'Business strategist yang siap membantu merancang pitch deck dan analisis keuangan.', 'peserta', '["Lomba Mini Web Universitas Diponegoro — Juara 1","Project Bootcamp UI/UX Desain Komunikasi Visual — Peserta Terbaik"]', '["Sertifikat Professional Kelulusan Desain Komunikasi Visual","Juara Favorit Lomba Ide Solutif"]', false, true, true, true, NULL, NULL, NULL, NULL, NULL, 'none', NULL, NULL, NULL, false),
  (115, 'Putri Lestari', 'putri.lestari_56@student.ac.id', '$2a$10$RSkZRsA7U61f4p9zkOfGR.U../8gzlcw63XpZXDWNokYJJyMEpyyS', 'BINUS University', 'Desain Komunikasi Visual', 'bg-pink-500', 'Sedang mendalami UI/UX design dan riset pengguna secara praktis.', 'peserta', '["Lomba Mini Web BINUS University — Juara 2","Project Bootcamp UI/UX Desain Komunikasi Visual — Peserta Terbaik"]', '["Sertifikat Professional Kelulusan Desain Komunikasi Visual","Juara Favorit Lomba Ide Solutif"]', true, true, true, true, NULL, NULL, NULL, NULL, NULL, 'none', NULL, NULL, NULL, false),
  (116, 'Annisa Amalia', 'annisa.amalia_57@student.ac.id', '$2a$10$RSkZRsA7U61f4p9zkOfGR.U../8gzlcw63XpZXDWNokYJJyMEpyyS', 'ITB Bandung', 'Rekayasa Perangkat Lunak', 'bg-violet-500', 'UI/UX designer dengan kecintaan pada desain minimalis dan glassmorphism.', 'peserta', '["Lomba Mini Web ITB Bandung — Juara 3","Project Bootcamp UI/UX Rekayasa Perangkat Lunak — Peserta Terbaik"]', '["Sertifikat Professional Kelulusan Rekayasa Perangkat Lunak","Juara Favorit Lomba Ide Solutif"]', false, true, true, true, NULL, NULL, NULL, NULL, NULL, 'none', NULL, NULL, NULL, false),
  (117, 'Fajar Sinaga', 'fajar.sinaga_58@student.ac.id', '$2a$10$RSkZRsA7U61f4p9zkOfGR.U../8gzlcw63XpZXDWNokYJJyMEpyyS', 'Universitas Brawijaya', 'Sistem Informasi', 'bg-blue-500', 'Full-stack developer yang berfokus pada efisiensi API dan database relational.', 'peserta', '["Lomba Mini Web Universitas Brawijaya — Juara 2","Project Bootcamp UI/UX Sistem Informasi — Peserta Terbaik"]', '["Sertifikat Professional Kelulusan Sistem Informasi","Juara Favorit Lomba Ide Solutif"]', true, true, true, true, NULL, NULL, NULL, NULL, NULL, 'none', NULL, NULL, NULL, false),
  (118, 'Muhammad Kartika', 'muhammad.kartika_59@student.ac.id', '$2a$10$RSkZRsA7U61f4p9zkOfGR.U../8gzlcw63XpZXDWNokYJJyMEpyyS', 'IPB University', 'Teknik Komputer', 'bg-pink-500', 'Full-stack developer yang berfokus pada efisiensi API dan database relational.', 'peserta', '["Lomba Mini Web IPB University — Juara 2","Project Bootcamp UI/UX Teknik Komputer — Peserta Terbaik"]', '["Sertifikat Professional Kelulusan Teknik Komputer","Juara Favorit Lomba Ide Solutif"]', true, true, true, true, NULL, NULL, NULL, NULL, NULL, 'none', NULL, NULL, NULL, false),
  (119, 'Fitri Fitriani', 'fitri.fitriani_60@student.ac.id', '$2a$10$RSkZRsA7U61f4p9zkOfGR.U../8gzlcw63XpZXDWNokYJJyMEpyyS', 'Universitas Diponegoro', 'Desain Komunikasi Visual', 'bg-violet-500', 'Business strategist yang siap membantu merancang pitch deck dan analisis keuangan.', 'peserta', '["Lomba Mini Web Universitas Diponegoro — Juara 1","Project Bootcamp UI/UX Desain Komunikasi Visual — Peserta Terbaik"]', '["Sertifikat Professional Kelulusan Desain Komunikasi Visual","Juara Favorit Lomba Ide Solutif"]', true, true, true, true, NULL, NULL, NULL, NULL, NULL, 'none', NULL, NULL, NULL, false),
  (120, 'Hendra Lestari', 'hendra.lestari_61@student.ac.id', '$2a$10$RSkZRsA7U61f4p9zkOfGR.U../8gzlcw63XpZXDWNokYJJyMEpyyS', 'Universitas Padjadjaran', 'Informatika', 'bg-emerald-500', 'Sangat tertarik dengan proyek berdampak sosial dan startup ramah lingkungan.', 'peserta', '["Lomba Mini Web Universitas Padjadjaran — Juara 3","Project Bootcamp UI/UX Informatika — Peserta Terbaik"]', '["Sertifikat Professional Kelulusan Informatika","Juara Favorit Lomba Ide Solutif"]', false, true, true, true, NULL, NULL, NULL, NULL, NULL, 'none', NULL, NULL, NULL, false),
  (121, 'Nyoman Indah', 'nyoman.indah_62@student.ac.id', '$2a$10$RSkZRsA7U61f4p9zkOfGR.U../8gzlcw63XpZXDWNokYJJyMEpyyS', 'ITS Surabaya', 'Desain Komunikasi Visual', 'bg-pink-500', 'UI/UX designer dengan kecintaan pada desain minimalis dan glassmorphism.', 'peserta', '["Lomba Mini Web ITS Surabaya — Juara 3","Project Bootcamp UI/UX Desain Komunikasi Visual — Peserta Terbaik"]', '["Sertifikat Professional Kelulusan Desain Komunikasi Visual","Juara Favorit Lomba Ide Solutif"]', true, true, true, true, NULL, NULL, NULL, NULL, NULL, 'none', NULL, NULL, NULL, false),
  (122, 'Elsa Saputra', 'elsa.saputra_63@student.ac.id', '$2a$10$RSkZRsA7U61f4p9zkOfGR.U../8gzlcw63XpZXDWNokYJJyMEpyyS', 'Universitas Diponegoro', 'Rekayasa Perangkat Lunak', 'bg-pink-500', 'Sangat tertarik dengan proyek berdampak sosial dan startup ramah lingkungan.', 'peserta', '["Lomba Mini Web Universitas Diponegoro — Juara 3","Project Bootcamp UI/UX Rekayasa Perangkat Lunak — Peserta Terbaik"]', '["Sertifikat Professional Kelulusan Rekayasa Perangkat Lunak","Juara Favorit Lomba Ide Solutif"]', false, true, true, true, NULL, NULL, NULL, NULL, NULL, 'none', NULL, NULL, NULL, false),
  (123, 'Made Hasibuan', 'made.hasibuan_64@student.ac.id', '$2a$10$RSkZRsA7U61f4p9zkOfGR.U../8gzlcw63XpZXDWNokYJJyMEpyyS', 'Universitas Brawijaya', 'Sistem Informasi', 'bg-emerald-500', 'Pembelajar cepat yang berdedikasi mencari pengalaman lomba tingkat nasional.', 'peserta', '["Lomba Mini Web Universitas Brawijaya — Juara 3","Project Bootcamp UI/UX Sistem Informasi — Peserta Terbaik"]', '["Sertifikat Professional Kelulusan Sistem Informasi","Juara Favorit Lomba Ide Solutif"]', true, true, true, true, NULL, NULL, NULL, NULL, NULL, 'none', NULL, NULL, NULL, false),
  (124, 'Muhammad Simanjuntak', 'muhammad.simanjuntak_65@student.ac.id', '$2a$10$RSkZRsA7U61f4p9zkOfGR.U../8gzlcw63XpZXDWNokYJJyMEpyyS', 'Universitas Indonesia', 'Rekayasa Perangkat Lunak', 'bg-amber-500', 'Pembelajar cepat yang berdedikasi mencari pengalaman lomba tingkat nasional.', 'peserta', '["Lomba Mini Web Universitas Indonesia — Juara 1","Project Bootcamp UI/UX Rekayasa Perangkat Lunak — Peserta Terbaik"]', '["Sertifikat Professional Kelulusan Rekayasa Perangkat Lunak","Juara Favorit Lomba Ide Solutif"]', false, true, true, true, NULL, NULL, NULL, NULL, NULL, 'none', NULL, NULL, NULL, false),
  (125, 'Gita Santoso', 'gita.santoso_66@student.ac.id', '$2a$10$RSkZRsA7U61f4p9zkOfGR.U../8gzlcw63XpZXDWNokYJJyMEpyyS', 'Universitas Diponegoro', 'Teknik Komputer', 'bg-orange-500', 'Business strategist yang siap membantu merancang pitch deck dan analisis keuangan.', 'peserta', '["Lomba Mini Web Universitas Diponegoro — Juara 1","Project Bootcamp UI/UX Teknik Komputer — Peserta Terbaik"]', '["Sertifikat Professional Kelulusan Teknik Komputer","Juara Favorit Lomba Ide Solutif"]', false, true, true, true, NULL, NULL, NULL, NULL, NULL, 'none', NULL, NULL, NULL, false),
  (126, 'Vina Sembiring', 'vina.sembiring_67@student.ac.id', '$2a$10$RSkZRsA7U61f4p9zkOfGR.U../8gzlcw63XpZXDWNokYJJyMEpyyS', 'Universitas Diponegoro', 'Sistem Informasi', 'bg-pink-500', 'Antusias dengan kolaborasi riset dan pengembangan software tingkat mahasiswa.', 'peserta', '["Lomba Mini Web Universitas Diponegoro — Juara 3","Project Bootcamp UI/UX Sistem Informasi — Peserta Terbaik"]', '["Sertifikat Professional Kelulusan Sistem Informasi","Juara Favorit Lomba Ide Solutif"]', false, true, true, true, NULL, NULL, NULL, NULL, NULL, 'none', NULL, NULL, NULL, false),
  (127, 'Dian Saputra', 'dian.saputra_68@student.ac.id', '$2a$10$RSkZRsA7U61f4p9zkOfGR.U../8gzlcw63XpZXDWNokYJJyMEpyyS', 'Universitas Airlangga', 'Sistem Informasi', 'bg-emerald-500', 'Business strategist yang siap membantu merancang pitch deck dan analisis keuangan.', 'peserta', '["Lomba Mini Web Universitas Airlangga — Juara 2","Project Bootcamp UI/UX Sistem Informasi — Peserta Terbaik"]', '["Sertifikat Professional Kelulusan Sistem Informasi","Juara Favorit Lomba Ide Solutif"]', true, true, true, true, NULL, NULL, NULL, NULL, NULL, 'none', NULL, NULL, NULL, false),
  (128, 'Gojek Indonesia', 'info@gojek.com', '$2a$10$RSkZRsA7U61f4p9zkOfGR.U../8gzlcw63XpZXDWNokYJJyMEpyyS', NULL, NULL, NULL, 'Official Corporate Sponsor partner for SideQuest students collaboration platform. PT PT GoTo Gojek Tokopedia.', 'sponsor', NULL, NULL, false, true, true, true, NULL, NULL, NULL, NULL, NULL, 'none', NULL, NULL, NULL, false),
  (129, 'Tokopedia', 'partnership@tokopedia.com', '$2a$10$RSkZRsA7U61f4p9zkOfGR.U../8gzlcw63XpZXDWNokYJJyMEpyyS', NULL, NULL, NULL, 'Official Corporate Sponsor partner for SideQuest students collaboration platform. PT PT Tokopedia.', 'sponsor', NULL, NULL, false, true, true, true, NULL, NULL, NULL, NULL, NULL, 'none', NULL, NULL, NULL, false),
  (130, 'Microsoft Corp', 'contact@microsoft.id', '$2a$10$RSkZRsA7U61f4p9zkOfGR.U../8gzlcw63XpZXDWNokYJJyMEpyyS', NULL, NULL, NULL, 'Official Corporate Sponsor partner for SideQuest students collaboration platform. PT Microsoft Indonesia.', 'sponsor', NULL, NULL, false, true, true, true, NULL, NULL, NULL, NULL, NULL, 'none', NULL, NULL, NULL, false),
  (131, 'Shopee Indonesia', 'cs@shopee.co.id', '$2a$10$RSkZRsA7U61f4p9zkOfGR.U../8gzlcw63XpZXDWNokYJJyMEpyyS', NULL, NULL, NULL, 'Official Corporate Sponsor partner for SideQuest students collaboration platform. PT PT Shopee International.', 'sponsor', NULL, NULL, false, true, true, true, NULL, NULL, NULL, NULL, NULL, 'none', NULL, NULL, NULL, false);

ALTER SEQUENCE "users_id_seq" RESTART WITH 132;

-- Seeding table: user_skills
INSERT INTO "user_skills" ("user_id", "skill_id") VALUES
  (1, 1),
  (1, 2),
  (1, 3),
  (2, 4),
  (2, 5),
  (3, 3),
  (3, 6),
  (4, 1),
  (4, 2),
  (4, 7),
  (5, 3),
  (5, 6),
  (5, 8),
  (5, 9),
  (6, 10),
  (6, 11),
  (6, 12),
  (7, 13),
  (7, 14),
  (7, 15),
  (8, 16),
  (8, 17),
  (8, 18),
  (8, 19),
  (9, 1),
  (9, 2),
  (9, 20),
  (9, 21),
  (10, 8),
  (10, 22),
  (10, 23),
  (10, 24),
  (11, 14),
  (11, 25),
  (11, 26),
  (11, 27),
  (12, 28),
  (12, 29),
  (12, 30),
  (12, 31),
  (13, 10),
  (13, 32),
  (13, 33),
  (13, 34),
  (14, 35),
  (14, 36),
  (14, 37),
  (14, 38),
  (15, 15),
  (15, 39),
  (15, 40),
  (15, 41),
  (16, 42),
  (16, 43),
  (16, 44),
  (16, 45),
  (17, 46),
  (17, 47),
  (17, 48),
  (17, 49),
  (18, 50),
  (18, 51),
  (18, 52),
  (18, 53),
  (19, 54),
  (19, 55),
  (19, 56),
  (19, 57),
  (20, 11),
  (20, 56),
  (20, 58),
  (20, 59),
  (21, 54),
  (21, 60),
  (21, 61),
  (21, 62),
  (22, 63),
  (22, 64),
  (22, 65),
  (22, 66),
  (23, 67),
  (23, 68),
  (23, 69),
  (23, 70),
  (24, 14),
  (24, 65),
  (24, 71),
  (24, 72),
  (60, 29),
  (60, 46),
  (60, 57),
  (60, 67),
  (61, 29),
  (61, 46),
  (61, 47),
  (61, 59),
  (61, 67),
  (62, 31),
  (62, 57),
  (62, 67),
  (63, 2),
  (63, 20),
  (63, 35),
  (63, 62),
  (64, 18),
  (64, 37),
  (64, 57),
  (65, 9),
  (65, 39),
  (65, 44),
  (65, 55),
  (66, 17),
  (66, 27),
  (66, 60),
  (67, 26),
  (67, 31),
  (67, 54),
  (67, 57),
  (68, 9),
  (68, 30),
  (68, 46),
  (68, 54),
  (68, 66),
  (69, 30),
  (69, 37),
  (69, 52),
  (70, 33),
  (70, 36),
  (70, 45),
  (71, 26),
  (71, 36),
  (71, 47),
  (71, 59),
  (72, 17),
  (72, 26),
  (72, 47),
  (72, 50),
  (73, 11),
  (73, 26),
  (73, 48),
  (74, 26),
  (74, 28),
  (74, 59),
  (75, 28),
  (75, 30),
  (75, 52),
  (75, 61),
  (76, 33),
  (76, 37),
  (76, 48),
  (76, 55),
  (76, 56),
  (77, 4),
  (77, 34),
  (77, 36),
  (78, 1),
  (78, 14),
  (78, 34),
  (79, 2),
  (79, 38),
  (79, 48),
  (79, 65),
  (80, 2),
  (80, 51),
  (80, 66),
  (81, 49),
  (81, 50),
  (81, 53),
  (81, 58),
  (82, 11),
  (82, 54),
  (82, 62),
  (82, 71),
  (83, 23),
  (83, 32),
  (83, 43),
  (83, 45),
  (83, 54),
  (84, 45),
  (84, 50),
  (84, 59),
  (85, 22),
  (85, 25),
  (85, 46),
  (85, 58),
  (85, 63),
  (86, 24),
  (86, 56),
  (86, 69),
  (87, 1),
  (87, 20),
  (87, 28),
  (87, 51),
  (87, 63),
  (88, 33),
  (88, 41),
  (88, 49),
  (89, 10),
  (89, 13),
  (89, 18),
  (90, 21),
  (90, 22),
  (90, 34),
  (90, 39),
  (90, 54),
  (91, 10),
  (91, 12),
  (91, 15),
  (91, 39),
  (92, 12),
  (92, 15),
  (92, 36),
  (92, 37),
  (93, 16),
  (93, 34),
  (93, 42),
  (93, 57),
  (94, 5),
  (94, 15),
  (94, 54),
  (95, 15),
  (95, 29),
  (95, 57),
  (96, 15),
  (96, 20),
  (96, 34),
  (97, 7),
  (97, 28),
  (97, 58),
  (97, 64),
  (98, 4),
  (98, 5),
  (98, 23),
  (98, 27),
  (98, 53),
  (99, 3),
  (99, 24),
  (99, 27),
  (99, 71),
  (100, 16),
  (100, 37),
  (100, 40),
  (100, 41),
  (100, 69),
  (101, 16),
  (101, 34),
  (101, 41),
  (102, 1),
  (102, 15),
  (102, 21),
  (102, 30),
  (102, 38),
  (103, 14),
  (103, 31),
  (103, 66),
  (104, 16),
  (104, 26),
  (104, 31),
  (104, 41),
  (104, 51),
  (105, 14),
  (105, 31),
  (105, 40),
  (105, 53),
  (106, 34),
  (106, 36),
  (106, 53),
  (106, 69),
  (107, 3),
  (107, 41),
  (107, 46),
  (108, 33),
  (108, 35),
  (108, 45),
  (108, 60),
  (109, 5),
  (109, 33),
  (109, 47),
  (109, 63),
  (110, 5),
  (110, 27),
  (110, 39),
  (110, 55),
  (110, 59),
  (111, 54),
  (111, 58),
  (111, 66),
  (112, 2),
  (112, 19),
  (112, 55),
  (112, 58),
  (112, 62),
  (113, 25),
  (113, 30),
  (113, 66),
  (113, 67),
  (114, 1),
  (114, 19),
  (114, 33),
  (114, 38),
  (114, 43),
  (115, 27),
  (115, 37),
  (115, 55),
  (115, 64),
  (116, 16),
  (116, 25),
  (116, 32),
  (116, 62),
  (116, 64),
  (117, 12),
  (117, 17),
  (117, 43),
  (117, 65),
  (118, 28),
  (118, 49),
  (118, 56),
  (119, 5),
  (119, 6),
  (119, 12),
  (119, 56),
  (119, 59),
  (120, 12),
  (120, 24),
  (120, 26),
  (120, 39),
  (120, 50),
  (121, 34),
  (121, 40),
  (121, 60),
  (122, 3),
  (122, 39),
  (122, 61),
  (123, 8),
  (123, 64),
  (123, 67),
  (124, 45),
  (124, 66),
  (124, 70),
  (125, 10),
  (125, 43),
  (125, 44),
  (125, 65),
  (125, 72),
  (126, 10),
  (126, 12),
  (126, 32),
  (126, 56),
  (126, 60),
  (127, 24),
  (127, 50),
  (127, 68);

-- Seeding table: platform_settings
INSERT INTO "platform_settings" ("key", "value") VALUES
  ('feature_competitions', 'active'),
  ('feature_teams', 'active'),
  ('feature_connections', 'active'),
  ('feature_premium_organizer', 'active'),
  ('premium_organizer_trial_days', '90'),
  ('feature_matchmaking', 'active'),
  ('maintenance_mode', 'false');

-- Seeding table: competitions
INSERT INTO "competitions" ("id", "category_id", "title", "organizer", "deadline", "tags", "color_gradient", "emoji", "is_free", "prize", "description", "status", "organizer_id", "min_members", "max_members", "registration_model", "winner_announcement", "is_active") VALUES
  (1, 1, 'Gemastik XVII — Pengembangan Perangkat Lunak', 'Kemendikbud Ristek RI', '2026-06-29 17:00:00.000', '["Teknologi","Nasional"]', 'from-primary to-purple-500', '🏆', true, 'Medali + Uang Pembinaan', 'Kompetisi TIK mahasiswa nasional bidang software development. Sangat bergengsi.', 'draft', NULL, 1, 5, 'non-hosted', '2026-07-07 00:00:00', true),
  (2, 1, 'Hackathon Nasional 2026 — Smart City', 'Kemenkominfo', '2026-07-09 17:00:00.000', '["Teknologi","Hackathon"]', 'from-blue-500 to-primary', '🌆', true, 'Rp 25 Juta', 'Hackathon 48 jam membangun solusi smart city inovatif berbasis IoT.', 'draft', NULL, 1, 5, 'non-hosted', '2026-07-17 00:00:00', true),
  (3, 1, 'Google Solution Challenge 2026', 'Google Developer Student Clubs', '2026-07-14 17:00:00.000', '["Teknologi","Global"]', 'from-red-400 to-orange-400', '⚡', true, 'Mentoring global & USD 3,000', 'Bangun solusi untuk SDGs PBB menggunakan teknologi Google.', 'draft', NULL, 1, 5, 'non-hosted', '2026-07-22 00:00:00', true),
  (4, 1, 'ICPC Asia Regional 2026', 'ACM International Collegiate Programming Contest', '2026-07-31 17:00:00.000', '["Teknologi","Programming"]', 'from-indigo-500 to-blue-600', '💻', false, 'Rp 10 Juta', 'Kompetisi pemrograman kompetitif tingkat Asia Pasifik untuk tim mahasiswa.', 'draft', NULL, 1, 5, 'non-hosted', '2026-08-08 00:00:00', true),
  (5, 1, 'Microsoft Imagine Cup 2026', 'Microsoft', '2026-08-19 17:00:00.000', '["Teknologi","Inovasi"]', 'from-blue-400 to-cyan-500', '🪟', true, 'USD 100,000', 'Kompetisi inovasi teknologi terbesar dari Microsoft untuk mahasiswa.', 'draft', NULL, 1, 5, 'non-hosted', '2026-08-27 00:00:00', true),
  (6, 1, 'AWS Build On ASEAN 2026', 'Amazon Web Services', '2026-09-04 17:00:00.000', '["Teknologi","Cloud"]', 'from-orange-400 to-yellow-400', '☁️', true, 'USD 25,000', 'Bangun solusi cloud AWS untuk tantangan industri di ASEAN.', 'draft', NULL, 1, 5, 'non-hosted', '2026-09-12 00:00:00', true),
  (7, 2, 'ASEAN Business Plan Competition 2026', 'ASEAN Youth Council', '2026-06-24 17:00:00.000', '["Bisnis","ASEAN"]', 'from-orange-400 to-accent', '💼', false, 'Rp 15 Juta', 'Kompetisi rencana bisnis tingkat regional untuk mahasiswa se-ASEAN.', 'draft', NULL, 1, 5, 'non-hosted', '2026-07-02 00:00:00', true),
  (8, 2, 'Startup Weekend Jakarta 2026', 'Techstars × ANGIN', '2026-07-19 17:00:00.000', '["Bisnis","Startup"]', 'from-yellow-400 to-orange-400', '🚀', false, 'Mentoring + Pendanaan', '54 jam membangun ide bisnis mentah menjadi prototype siap pitching.', 'draft', NULL, 1, 5, 'non-hosted', '2026-07-27 00:00:00', true),
  (9, 2, 'Young Entrepreneur Challenge 2026', 'HIPMI', '2026-08-04 17:00:00.000', '["Bisnis","Wirausaha"]', 'from-emerald-400 to-green-500', '💰', false, 'Rp 50 Juta', 'Pencarian wirausaha muda terbaik nasional dari jaringan HIPMI.', 'draft', NULL, 1, 5, 'non-hosted', '2026-08-12 00:00:00', true),
  (10, 2, 'Idea-thon Kewirausahaan Nasional', 'Kemenparekraf', '2026-08-31 17:00:00.000', '["Bisnis","Kreatif"]', 'from-pink-400 to-rose-500', '💡', true, 'Rp 30 Juta', 'Kompetisi ide bisnis inovatif berbasis pariwisata & ekonomi kreatif.', 'draft', NULL, 1, 5, 'non-hosted', '2026-09-08 00:00:00', true),
  (11, 3, 'Hult Prize 2026 — Campus Round', 'Hult International Business School', '2026-06-14 17:00:00.000', '["Social Impact","Internasional"]', 'from-green-400 to-teal-500', '🌱', true, 'Golden Ticket to Regional', 'Kompetisi wirausaha sosial bertaraf internasional terbesar di dunia.', 'draft', NULL, 1, 5, 'non-hosted', '2026-06-22 00:00:00', true),
  (12, 3, 'Youth Innovation Challenge 2026', 'UNDP Indonesia', '2026-07-27 17:00:00.000', '["Social Impact","SDGs"]', 'from-teal-400 to-cyan-500', '🌍', true, 'USD 5,000', 'Inovasi sosial mahasiswa menjawab tantangan SDGs di Indonesia.', 'draft', NULL, 1, 5, 'non-hosted', '2026-08-04 00:00:00', true),
  (13, 3, 'Sociopreneur Competition IYREF 2026', 'Indonesia Youth Renewable Energy Forum', '2026-08-09 17:00:00.000', '["Social Impact","Energi"]', 'from-lime-400 to-green-500', '♻️', true, 'Rp 20 Juta', 'Kompetisi wirausaha sosial berbasis transisi energi terbarukan.', 'draft', NULL, 1, 5, 'non-hosted', '2026-08-17 00:00:00', true),
  (14, 4, 'National UI/UX Design Challenge', 'Tokopedia × Google DSC', '2026-06-27 17:00:00.000', '["Desain","UI/UX"]', 'from-pink-400 to-purple-400', '🎨', true, 'Rp 10 Juta', 'Kompetisi mendesain antarmuka & pengalaman pengguna e-commerce masa depan.', 'draft', NULL, 1, 5, 'non-hosted', '2026-07-05 00:00:00', true),
  (15, 4, 'Redot Design Award 2026', 'Red Dot GmbH & Co. KG', '2026-08-14 17:00:00.000', '["Desain","Internasional"]', 'from-red-500 to-pink-500', '🔴', false, 'Trophy + Winner Label', 'Penghargaan desain produk & konsep bergengsi tingkat dunia.', 'draft', NULL, 1, 5, 'non-hosted', '2026-08-22 00:00:00', true),
  (16, 4, 'Compfest UI Design Competition', 'Fasilkom UI', '2026-07-04 17:00:00.000', '["Desain","UI/UX","Nasional"]', 'from-violet-500 to-purple-600', '🖌️', true, 'Rp 15 Juta', 'Kompetisi desain UI/UX bergengsi skala nasional dari Universitas Indonesia.', 'draft', NULL, 1, 5, 'non-hosted', '2026-07-12 00:00:00', true),
  (17, 5, 'Lomba Karya Tulis Ilmiah Nasional', 'ITS Surabaya', '2026-07-29 17:00:00.000', '["Sains","Ilmiah"]', 'from-cyan-500 to-blue-500', '🔬', false, 'Rp 10 Juta', 'LKTIN riset inovatif multidisiplin untuk solusi masa depan.', 'draft', NULL, 1, 5, 'non-hosted', '2026-08-06 00:00:00', true),
  (18, 5, 'Physics Olympiad Tingkat Mahasiswa 2026', 'HFI (Himpunan Fisika Indonesia)', '2026-08-19 17:00:00.000', '["Sains","Fisika"]', 'from-sky-400 to-blue-500', '⚛️', false, 'Rp 10 Juta', 'Olimpiade fisika mahasiswa bergengsi untuk menguji batas analitik.', 'draft', NULL, 1, 5, 'non-hosted', '2026-08-27 00:00:00', true),
  (19, 5, 'Pagelaran Mahasiswa Nasional (GEMASTIK) Sains Data', 'Kemendikbud', '2026-07-14 17:00:00.000', '["Sains","Data Science"]', 'from-cyan-400 to-teal-400', '📊', true, 'Medali Gemastik', 'Kompetisi nasional pengolahan sains data dalam rangkaian Gemastik.', 'draft', NULL, 1, 5, 'non-hosted', '2026-07-22 00:00:00', true),
  (20, 5, 'National Science Bowl Indonesia 2026', 'BRIN (Badan Riset dan Inovasi Nasional)', '2026-09-14 17:00:00.000', '["Sains","Multidisiplin"]', 'from-blue-500 to-indigo-600', '🧪', true, 'Rp 25 Juta', 'Kompetisi trivia & pemecahan kasus sains multidisiplin nasional.', 'draft', NULL, 1, 5, 'non-hosted', '2026-09-22 00:00:00', true),
  (21, 1, 'Indonesia Artificial Intelligence Innovation Challenge 2026', 'Google Developer Student Clubs', '2026-06-26 17:00:00.000', '["AI","Python","Machine Learning","API Development"]', 'from-blue-600 to-indigo-600', '🧠', true, 'Rp 25.000.000 + Cloud Credits', 'Kompetisi perancangan aplikasi cerdas berbasis AI tingkat nasional. Seluruh siklus lomba, pengumpulan berkas, form pendaftaran kustom, penilaian dewan juri, hingga pengumuman pemenang diselenggarakan di platform SideQuest.', 'published', 27, 1, 5, 'hosted', '2026-07-02 00:00:00', true),
  (22, 2, 'National Startup Business Plan Olympiad 2026', 'HIPMI IPB', '2026-06-26 17:00:00.000', '["Pitch Deck","Business Dev","Financial Modeling","Pitching"]', 'from-orange-500 to-red-500', '💼', true, 'Rp 30.000.000 + Seed Funding', 'Rancang proposal ide bisnis startup yang inovatif dan terukur untuk menjawab tantangan berkelanjutan di Indonesia. Menggunakan form kustom pendaftaran SideQuest dan penjurian token terotentikasi.', 'published', 26, 1, 5, 'hosted', '2026-07-02 00:00:00', true),
  (23, 3, 'Sustainable Cities & Green Energy Hackathon 2026', 'UNDP Indonesia', '2026-06-26 17:00:00.000', '["Social Impact","Green Tech","React","UX Design"]', 'from-green-500 to-teal-500', '🌱', true, 'Rp 20.000.000 + Global Mentor Support', 'Program hackathon 48 jam untuk menciptakan solusi teknologi kota ramah lingkungan dan terbarukan guna melestarikan lingkungan perkotaan masa depan.', 'published', 27, 1, 5, 'hosted', '2026-07-02 00:00:00', true),
  (24, 4, 'Red Dot UI/UX Design Masterclass & Contest 2026', 'Red Dot GmbH & Co. KG', '2026-06-26 17:00:00.000', '["Figma","UI/UX","User Research","Prototyping"]', 'from-pink-500 to-rose-500', '🎨', true, 'Rp 15.000.000 + Figma Pro License', 'Tantangan perancangan antarmuka aplikasi terpadu berestetika premium, ramah aksesibilitas, dengan pengalaman transisi micro-interaction terbaik.', 'published', 27, 1, 5, 'hosted', '2026-07-02 00:00:00', true),
  (25, 5, 'Ksatria Data Nasional — Big Data Analytics Cup 2026', 'Kemendikbud Ristek RI', '2026-06-26 17:00:00.000', '["Statistics","Python","Data Science","SQL"]', 'from-cyan-500 to-blue-500', '🔬', true, 'Rp 20.000.000 + Internship BRIN', 'Kompetisi analisis Big Data nasional untuk menggali wawasan berharga dari data publik guna mendukung kebijakan pembangunan nasional yang presisi.', 'published', 27, 1, 5, 'hosted', '2026-07-02 00:00:00', true);

ALTER SEQUENCE "competitions_id_seq" RESTART WITH 26;

-- Seeding table: teams
INSERT INTO "teams" ("id", "name", "competition_id", "created_by", "created_at", "description", "skills_needed", "recruitment_deadline", "contact", "max_members", "urgency", "avatar_color", "emoji", "is_active", "require_connection_to_apply") VALUES
  (1, 'team Metaverse', 1, 1, '2026-06-02 05:25:02.409', 'Membangun platform metaverse inovatif berskala nasional. Fokus pada interaksi sosial 3D.', '["Next.js","Solidity"]', '2026-06-28 17:00:00.000', 'wa.me/628111', 4, 'normal', 'bg-primary', '🏆', true, false),
  (2, 'Tim Nebula', 1, 8, '2026-06-02 05:25:02.409', 'Tim solid dari UI, sudah punya konsep produk matang. Butuh frontend dev ahli & desainer berpengalaman.', '["Frontend Dev","UI/UX"]', '2026-06-24 17:00:00.000', 'wa.me/628111', 5, 'hot', 'bg-primary', '💻', true, false),
  (3, 'Tim Bisnis Muda', 7, 6, '2026-06-02 05:25:02.409', 'Tim dari FEB UGM. Rencana bisnis bertema sirkular ekonomi. Butuh analis keuangan & presentasi.', '["Financial Analyst","Presenter"]', '2026-06-19 17:00:00.000', 'discord.gg/bizmuda', 4, 'normal', 'bg-orange-500', '💼', true, false),
  (4, 'Tim Hult Hijau', 11, 5, '2026-06-02 05:25:02.409', 'Tim fokus SDGs poin 13 (iklim). Butuh periset sosial dan orang yang jago presentasi/pitching.', '["Social Researcher","Presenter"]', '2026-06-11 17:00:00.000', 'line: hultgreen', 5, 'hot', 'bg-green-500', '🌱', true, false),
  (5, 'Tim Pixel Perfect', 14, 4, '2026-06-02 05:25:02.409', 'UX designer berpengalaman dari Telkom mencari partner UI designer & illustrator digital.', '["UI Designer","Illustrator"]', '2026-06-19 17:00:00.000', 'wa.me/628222', 3, 'normal', 'bg-pink-500', '🎨', true, false),
  (6, 'Tim Quanta', 18, 7, '2026-06-02 05:25:02.409', 'Tim riset fisika dari ITB. Butuh anggota dengan basis teori kuat mekanika & numerik.', '["Fisika","Matematika"]', '2026-07-14 17:00:00.000', 'wa.me/628333', 4, 'normal', 'bg-blue-500', '⚛️', true, false),
  (7, 'Tim DataStorm', 19, 5, '2026-06-02 05:25:02.409', 'Tim ML dari ITS, sudah punya dataset & baseline model. Butuh data engineer & data visualizer.', '["Machine Learning","Python","Data Viz"]', '2026-07-09 17:00:00.000', 'discord.gg/datastorm', 4, 'hot', 'bg-violet-500', '📊', true, false),
  (8, 'Tim Sociopreneur', 12, 9, '2026-06-02 05:25:02.409', 'Tim mahasiswa beda kampus yg peduli isu sosial. Mencari business developer antusias.', '["Community Org","Business Dev","Social Media"]', '2026-07-19 17:00:00.000', 'ig: @sociopreneur.id', 5, 'normal', 'bg-teal-500', '🌍', true, false),
  (9, 'Tim Hackstar', 2, 8, '2026-06-02 05:25:02.409', 'Tim hackathon pemenang 2x kompetisi. Butuh backend engineer yang andal di AWS cloud.', '["Backend Dev","IoT","Cloud AWS"]', '2026-07-04 17:00:00.000', 'wa.me/628444', 4, 'hot', 'bg-cyan-600', '🌆', true, false),
  (10, 'Code Knights', 21, 109, '2026-06-02 05:45:01.310', 'Tim kolaboratif berdedikasi tinggi yang dibentuk untuk bersaing dan memberikan solusi terbaik di ajang Indonesia Artificial Intelligence Innovation Challenge 2026.', '["React","Figma","UI/UX","Node.js","Business Dev"]', '2026-06-11 17:00:00.000', 'wa.me/6281228056881', 5, 'high', 'bg-blue-500', '🚀', true, false),
  (11, 'Figma Wizards', 22, 102, '2026-06-02 05:45:01.310', 'Tim kolaboratif berdedikasi tinggi yang dibentuk untuk bersaing dan memberikan solusi terbaik di ajang National Startup Business Plan Olympiad 2026.', '["React","Figma","UI/UX","Node.js","Business Dev"]', '2026-06-11 17:00:00.000', 'wa.me/6281259420070', 5, 'high', 'bg-purple-500', '⚡', true, false),
  (12, 'Data Spartans', 23, 8, '2026-06-02 05:45:01.310', 'Tim kolaboratif berdedikasi tinggi yang dibentuk untuk bersaing dan memberikan solusi terbaik di ajang Sustainable Cities & Green Energy Hackathon 2026.', '["React","Figma","UI/UX","Node.js","Business Dev"]', '2026-06-11 17:00:00.000', 'wa.me/6281278866987', 5, 'high', 'bg-green-500', '🤖', true, false),
  (13, 'Sustainable Squad', 24, 19, '2026-06-02 05:45:01.310', 'Tim kolaboratif berdedikasi tinggi yang dibentuk untuk bersaing dan memberikan solusi terbaik di ajang Red Dot UI/UX Design Masterclass & Contest 2026.', '["React","Figma","UI/UX","Node.js","Business Dev"]', '2026-06-11 17:00:00.000', 'wa.me/6281299804363', 5, 'high', 'bg-orange-500', '💻', true, false),
  (14, 'Social Titans', 25, 97, '2026-06-02 05:45:01.310', 'Tim kolaboratif berdedikasi tinggi yang dibentuk untuk bersaing dan memberikan solusi terbaik di ajang Ksatria Data Nasional — Big Data Analytics Cup 2026.', '["React","Figma","UI/UX","Node.js","Business Dev"]', '2026-06-11 17:00:00.000', 'wa.me/6281215207017', 5, 'high', 'bg-cyan-500', '💡', true, false),
  (15, 'Cyber Sentinels', 21, 109, '2026-06-02 05:45:01.310', 'Tim kolaboratif berdedikasi tinggi yang dibentuk untuk bersaing dan memberikan solusi terbaik di ajang Indonesia Artificial Intelligence Innovation Challenge 2026.', '["React","Figma","UI/UX","Node.js","Business Dev"]', '2026-06-11 17:00:00.000', 'wa.me/6281237994336', 5, 'high', 'bg-pink-500', '🌱', true, false),
  (16, 'Algorithm Alchemists', 22, 83, '2026-06-02 05:45:01.310', 'Tim kolaboratif berdedikasi tinggi yang dibentuk untuk bersaing dan memberikan solusi terbaik di ajang National Startup Business Plan Olympiad 2026.', '["React","Figma","UI/UX","Node.js","Business Dev"]', '2026-06-11 17:00:00.000', 'wa.me/6281278671246', 5, 'high', 'bg-indigo-500', '📈', true, false),
  (17, 'Creative Sparks', 23, 64, '2026-06-02 05:45:01.310', 'Tim kolaboratif berdedikasi tinggi yang dibentuk untuk bersaing dan memberikan solusi terbaik di ajang Sustainable Cities & Green Energy Hackathon 2026.', '["React","Figma","UI/UX","Node.js","Business Dev"]', '2026-06-11 17:00:00.000', 'wa.me/6281293468766', 5, 'high', 'bg-teal-500', '🔥', true, false),
  (18, 'Bio-Hacker Hub', 24, 59, '2026-06-02 05:45:01.310', 'Tim kolaboratif berdedikasi tinggi yang dibentuk untuk bersaing dan memberikan solusi terbaik di ajang Red Dot UI/UX Design Masterclass & Contest 2026.', '["React","Figma","UI/UX","Node.js","Business Dev"]', '2026-06-11 17:00:00.000', 'wa.me/6281252301141', 5, 'high', 'bg-rose-500', '🏆', true, false),
  (19, 'Physics Frontier', 25, 11, '2026-06-02 05:45:01.310', 'Tim kolaboratif berdedikasi tinggi yang dibentuk untuk bersaing dan memberikan solusi terbaik di ajang Ksatria Data Nasional — Big Data Analytics Cup 2026.', '["React","Figma","UI/UX","Node.js","Business Dev"]', '2026-06-11 17:00:00.000', 'wa.me/6281246810651', 5, 'high', 'bg-emerald-500', '🎯', true, false),
  (20, 'Vanguard Ventures', 21, 98, '2026-06-02 05:45:01.310', 'Tim kolaboratif berdedikasi tinggi yang dibentuk untuk bersaing dan memberikan solusi terbaik di ajang Indonesia Artificial Intelligence Innovation Challenge 2026.', '["React","Figma","UI/UX","Node.js","Business Dev"]', '2026-06-11 17:00:00.000', 'wa.me/6281229522391', 5, 'high', 'bg-violet-500', '✨', true, false),
  (21, 'NextGen Innovators', 22, 125, '2026-06-02 05:45:01.310', 'Tim kolaboratif berdedikasi tinggi yang dibentuk untuk bersaing dan memberikan solusi terbaik di ajang National Startup Business Plan Olympiad 2026.', '["React","Figma","UI/UX","Node.js","Business Dev"]', '2026-06-11 17:00:00.000', 'wa.me/6281253742906', 5, 'high', 'bg-amber-500', '🪐', true, false),
  (22, 'Hyperion Devs', 23, 16, '2026-06-02 05:45:01.310', 'Tim kolaboratif berdedikasi tinggi yang dibentuk untuk bersaing dan memberikan solusi terbaik di ajang Sustainable Cities & Green Energy Hackathon 2026.', '["React","Figma","UI/UX","Node.js","Business Dev"]', '2026-06-11 17:00:00.000', 'wa.me/6281266902997', 5, 'high', 'bg-blue-500', '🚀', true, false),
  (23, 'Eclipse Analytics', 24, 106, '2026-06-02 05:45:01.310', 'Tim kolaboratif berdedikasi tinggi yang dibentuk untuk bersaing dan memberikan solusi terbaik di ajang Red Dot UI/UX Design Masterclass & Contest 2026.', '["React","Figma","UI/UX","Node.js","Business Dev"]', '2026-06-11 17:00:00.000', 'wa.me/6281245207889', 5, 'high', 'bg-purple-500', '⚡', true, false),
  (24, 'Zenith Designers', 25, 22, '2026-06-02 05:45:01.310', 'Tim kolaboratif berdedikasi tinggi yang dibentuk untuk bersaing dan memberikan solusi terbaik di ajang Ksatria Data Nasional — Big Data Analytics Cup 2026.', '["React","Figma","UI/UX","Node.js","Business Dev"]', '2026-06-11 17:00:00.000', 'wa.me/6281251699928', 5, 'high', 'bg-green-500', '🤖', true, false),
  (25, 'Summit Strategists', 21, 21, '2026-06-02 05:45:01.310', 'Tim kolaboratif berdedikasi tinggi yang dibentuk untuk bersaing dan memberikan solusi terbaik di ajang Indonesia Artificial Intelligence Innovation Challenge 2026.', '["React","Figma","UI/UX","Node.js","Business Dev"]', '2026-06-11 17:00:00.000', 'wa.me/6281235463502', 5, 'high', 'bg-orange-500', '💻', true, false),
  (26, 'Aurora Solvers', 22, 5, '2026-06-02 05:45:01.310', 'Tim kolaboratif berdedikasi tinggi yang dibentuk untuk bersaing dan memberikan solusi terbaik di ajang National Startup Business Plan Olympiad 2026.', '["React","Figma","UI/UX","Node.js","Business Dev"]', '2026-06-11 17:00:00.000', 'wa.me/6281227269412', 5, 'high', 'bg-cyan-500', '💡', true, false),
  (27, 'Nebula Makers', 23, 96, '2026-06-02 05:45:01.310', 'Tim kolaboratif berdedikasi tinggi yang dibentuk untuk bersaing dan memberikan solusi terbaik di ajang Sustainable Cities & Green Energy Hackathon 2026.', '["React","Figma","UI/UX","Node.js","Business Dev"]', '2026-06-11 17:00:00.000', 'wa.me/6281251013428', 5, 'high', 'bg-pink-500', '🌱', true, false),
  (28, 'Infinity Hackers', 24, 69, '2026-06-02 05:45:01.310', 'Tim kolaboratif berdedikasi tinggi yang dibentuk untuk bersaing dan memberikan solusi terbaik di ajang Red Dot UI/UX Design Masterclass & Contest 2026.', '["React","Figma","UI/UX","Node.js","Business Dev"]', '2026-06-11 17:00:00.000', 'wa.me/6281263629105', 5, 'high', 'bg-indigo-500', '📈', true, false),
  (29, 'Nexus AI Core', 25, 14, '2026-06-02 05:45:01.310', 'Tim kolaboratif berdedikasi tinggi yang dibentuk untuk bersaing dan memberikan solusi terbaik di ajang Ksatria Data Nasional — Big Data Analytics Cup 2026.', '["React","Figma","UI/UX","Node.js","Business Dev"]', '2026-06-11 17:00:00.000', 'wa.me/6281289340664', 5, 'high', 'bg-teal-500', '🔥', true, false);

ALTER SEQUENCE "teams_id_seq" RESTART WITH 30;

-- Seeding table: team_members
INSERT INTO "team_members" ("team_id", "user_id", "role", "status") VALUES
  (1, 1, 'owner', 'joined'),
  (1, 2, 'member', 'joined'),
  (2, 7, 'member', 'joined'),
  (2, 8, 'owner', 'joined'),
  (2, 9, 'member', 'joined'),
  (3, 6, 'owner', 'joined'),
  (3, 7, 'member', 'joined'),
  (4, 4, 'member', 'joined'),
  (4, 5, 'owner', 'joined'),
  (4, 6, 'member', 'joined'),
  (5, 4, 'owner', 'joined'),
  (6, 4, 'member', 'joined'),
  (6, 7, 'owner', 'joined'),
  (7, 5, 'owner', 'joined'),
  (7, 7, 'member', 'joined'),
  (8, 6, 'member', 'joined'),
  (8, 9, 'owner', 'joined'),
  (9, 5, 'member', 'joined'),
  (9, 8, 'owner', 'joined'),
  (10, 22, 'member', 'joined'),
  (10, 85, 'member', 'applied'),
  (10, 93, 'member', 'joined'),
  (10, 109, 'owner', 'joined'),
  (10, 112, 'member', 'invited'),
  (10, 118, 'member', 'joined'),
  (11, 33, 'member', 'invited'),
  (11, 59, 'member', 'applied'),
  (11, 73, 'member', 'joined'),
  (11, 82, 'member', 'joined'),
  (11, 102, 'owner', 'joined'),
  (12, 5, 'member', 'joined'),
  (12, 8, 'owner', 'joined'),
  (12, 23, 'member', 'joined'),
  (12, 77, 'member', 'applied'),
  (12, 122, 'member', 'invited'),
  (13, 3, 'member', 'joined'),
  (13, 19, 'owner', 'joined'),
  (13, 34, 'member', 'joined'),
  (13, 51, 'member', 'joined'),
  (13, 90, 'member', 'applied'),
  (13, 126, 'member', 'invited'),
  (14, 8, 'member', 'joined'),
  (14, 85, 'member', 'joined'),
  (14, 91, 'member', 'applied'),
  (14, 97, 'owner', 'joined'),
  (14, 113, 'member', 'invited'),
  (14, 116, 'member', 'joined'),
  (15, 2, 'member', 'invited'),
  (15, 15, 'member', 'applied'),
  (15, 74, 'member', 'joined'),
  (15, 76, 'member', 'joined'),
  (15, 109, 'owner', 'joined'),
  (16, 1, 'member', 'applied'),
  (16, 66, 'member', 'joined'),
  (16, 68, 'member', 'joined'),
  (16, 83, 'owner', 'joined'),
  (16, 90, 'member', 'invited'),
  (17, 12, 'member', 'applied'),
  (17, 18, 'member', 'joined'),
  (17, 23, 'member', 'invited'),
  (17, 64, 'owner', 'joined'),
  (17, 78, 'member', 'joined'),
  (17, 94, 'member', 'joined'),
  (18, 19, 'member', 'invited'),
  (18, 51, 'member', 'joined'),
  (18, 59, 'owner', 'joined'),
  (18, 69, 'member', 'applied'),
  (19, 11, 'owner', 'joined'),
  (19, 62, 'member', 'applied'),
  (19, 78, 'member', 'invited'),
  (19, 80, 'member', 'joined'),
  (20, 90, 'member', 'invited'),
  (20, 96, 'member', 'joined'),
  (20, 98, 'owner', 'joined'),
  (20, 122, 'member', 'applied'),
  (21, 53, 'member', 'joined'),
  (21, 60, 'member', 'joined'),
  (21, 74, 'member', 'invited'),
  (21, 94, 'member', 'applied'),
  (21, 125, 'owner', 'joined'),
  (22, 16, 'owner', 'joined'),
  (22, 55, 'member', 'invited'),
  (22, 76, 'member', 'applied'),
  (22, 101, 'member', 'joined'),
  (23, 1, 'member', 'joined'),
  (23, 3, 'member', 'invited'),
  (23, 35, 'member', 'applied'),
  (23, 87, 'member', 'joined'),
  (23, 106, 'owner', 'joined'),
  (24, 1, 'member', 'applied'),
  (24, 2, 'member', 'invited'),
  (24, 22, 'owner', 'joined'),
  (24, 35, 'member', 'joined'),
  (25, 7, 'member', 'applied'),
  (25, 21, 'owner', 'joined'),
  (25, 53, 'member', 'invited'),
  (25, 63, 'member', 'joined'),
  (25, 81, 'member', 'joined'),
  (26, 5, 'owner', 'joined'),
  (26, 8, 'member', 'applied'),
  (26, 12, 'member', 'joined'),
  (26, 24, 'member', 'invited'),
  (27, 21, 'member', 'applied'),
  (27, 70, 'member', 'invited'),
  (27, 75, 'member', 'joined'),
  (27, 96, 'owner', 'joined'),
  (27, 101, 'member', 'joined'),
  (27, 123, 'member', 'joined'),
  (28, 69, 'owner', 'joined'),
  (28, 81, 'member', 'invited'),
  (28, 86, 'member', 'joined'),
  (28, 104, 'member', 'applied'),
  (29, 14, 'owner', 'joined'),
  (29, 71, 'member', 'joined'),
  (29, 79, 'member', 'joined'),
  (29, 102, 'member', 'joined'),
  (29, 110, 'member', 'applied'),
  (29, 117, 'member', 'invited');

-- Seeding table: competition_registrations
INSERT INTO "competition_registrations" ("user_id", "competition_id", "registered_at", "status", "portfolio_url", "motivation", "contact", "team_id") VALUES
  (1, 21, '2026-06-02 05:45:01.310', 'approved', 'https://drive.google.com/file/d/cv_1/view', 'Sangat termotivasi untuk mengasah keahlian di bidang ini dan berkolaborasi secara produktif.', '081263485216', NULL),
  (1, 24, '2026-06-02 05:45:01.310', 'approved', 'https://drive.google.com/file/d/cv_1/view', 'Sangat termotivasi untuk mengasah keahlian di bidang ini dan berkolaborasi secara produktif.', '081250549394', 23),
  (2, 22, '2026-06-02 05:45:01.310', 'approved', 'https://drive.google.com/file/d/cv_2/view', 'Sangat termotivasi untuk mengasah keahlian di bidang ini dan berkolaborasi secara produktif.', '081241225232', NULL),
  (2, 24, '2026-06-02 05:45:01.310', 'approved', 'https://drive.google.com/file/d/cv_2/view', 'Sangat termotivasi untuk mengasah keahlian di bidang ini dan berkolaborasi secara produktif.', '081229916540', NULL),
  (3, 21, '2026-06-02 05:45:01.310', 'approved', 'https://drive.google.com/file/d/cv_3/view', 'Sangat termotivasi untuk mengasah keahlian di bidang ini dan berkolaborasi secara produktif.', '081296011351', NULL),
  (3, 24, '2026-06-02 05:45:01.310', 'approved', 'https://drive.google.com/file/d/cv_3/view', 'Sangat termotivasi untuk mengasah keahlian di bidang ini dan berkolaborasi secara produktif.', '081243271054', 13),
  (4, 21, '2026-06-02 05:45:01.310', 'approved', 'https://drive.google.com/file/d/cv_4/view', 'Sangat termotivasi untuk mengasah keahlian di bidang ini dan berkolaborasi secara produktif.', '081274423512', NULL),
  (4, 25, '2026-06-02 05:45:01.310', 'approved', 'https://drive.google.com/file/d/cv_4/view', 'Sangat termotivasi untuk mengasah keahlian di bidang ini dan berkolaborasi secara produktif.', '081272657936', NULL),
  (5, 21, '2026-06-02 05:45:01.310', 'approved', 'https://drive.google.com/file/d/cv_5/view', 'Sangat termotivasi untuk mengasah keahlian di bidang ini dan berkolaborasi secara produktif.', '081296125909', NULL),
  (5, 25, '2026-06-02 05:45:01.310', 'approved', 'https://drive.google.com/file/d/cv_5/view', 'Sangat termotivasi untuk mengasah keahlian di bidang ini dan berkolaborasi secara produktif.', '081261097575', NULL),
  (6, 23, '2026-06-02 05:45:01.310', 'approved', 'https://drive.google.com/file/d/cv_6/view', 'Sangat termotivasi untuk mengasah keahlian di bidang ini dan berkolaborasi secara produktif.', '081275379570', NULL),
  (6, 24, '2026-06-02 05:45:01.310', 'approved', 'https://drive.google.com/file/d/cv_6/view', 'Sangat termotivasi untuk mengasah keahlian di bidang ini dan berkolaborasi secara produktif.', '081270154087', NULL),
  (7, 22, '2026-06-02 05:45:01.310', 'approved', 'https://drive.google.com/file/d/cv_7/view', 'Sangat termotivasi untuk mengasah keahlian di bidang ini dan berkolaborasi secara produktif.', '081255992368', NULL),
  (7, 24, '2026-06-02 05:45:01.310', 'approved', 'https://drive.google.com/file/d/cv_7/view', 'Sangat termotivasi untuk mengasah keahlian di bidang ini dan berkolaborasi secara produktif.', '081260001877', NULL),
  (8, 24, '2026-06-02 05:45:01.310', 'approved', 'https://drive.google.com/file/d/cv_8/view', 'Sangat termotivasi untuk mengasah keahlian di bidang ini dan berkolaborasi secara produktif.', '081247652917', NULL),
  (8, 25, '2026-06-02 05:45:01.310', 'approved', 'https://drive.google.com/file/d/cv_8/view', 'Sangat termotivasi untuk mengasah keahlian di bidang ini dan berkolaborasi secara produktif.', '081271946576', 14),
  (9, 23, '2026-06-02 05:45:01.310', 'approved', 'https://drive.google.com/file/d/cv_9/view', 'Sangat termotivasi untuk mengasah keahlian di bidang ini dan berkolaborasi secara produktif.', '081241191598', NULL),
  (9, 25, '2026-06-02 05:45:01.310', 'approved', 'https://drive.google.com/file/d/cv_9/view', 'Sangat termotivasi untuk mengasah keahlian di bidang ini dan berkolaborasi secara produktif.', '081253489262', NULL),
  (10, 22, '2026-06-02 05:45:01.310', 'approved', 'https://drive.google.com/file/d/cv_10/view', 'Sangat termotivasi untuk mengasah keahlian di bidang ini dan berkolaborasi secara produktif.', '081216972314', NULL),
  (10, 23, '2026-06-02 05:45:01.310', 'approved', 'https://drive.google.com/file/d/cv_10/view', 'Sangat termotivasi untuk mengasah keahlian di bidang ini dan berkolaborasi secara produktif.', '081210590269', NULL),
  (11, 23, '2026-06-02 05:45:01.310', 'approved', 'https://drive.google.com/file/d/cv_11/view', 'Sangat termotivasi untuk mengasah keahlian di bidang ini dan berkolaborasi secara produktif.', '081255159511', NULL),
  (11, 24, '2026-06-02 05:45:01.310', 'approved', 'https://drive.google.com/file/d/cv_11/view', 'Sangat termotivasi untuk mengasah keahlian di bidang ini dan berkolaborasi secara produktif.', '081260060788', NULL),
  (12, 23, '2026-06-02 05:45:01.310', 'approved', 'https://drive.google.com/file/d/cv_12/view', 'Sangat termotivasi untuk mengasah keahlian di bidang ini dan berkolaborasi secara produktif.', '081260274965', NULL),
  (12, 25, '2026-06-02 05:45:01.310', 'approved', 'https://drive.google.com/file/d/cv_12/view', 'Sangat termotivasi untuk mengasah keahlian di bidang ini dan berkolaborasi secara produktif.', '081248836144', NULL),
  (13, 23, '2026-06-02 05:45:01.310', 'approved', 'https://drive.google.com/file/d/cv_13/view', 'Sangat termotivasi untuk mengasah keahlian di bidang ini dan berkolaborasi secara produktif.', '081251497388', NULL),
  (13, 24, '2026-06-02 05:45:01.310', 'approved', 'https://drive.google.com/file/d/cv_13/view', 'Sangat termotivasi untuk mengasah keahlian di bidang ini dan berkolaborasi secara produktif.', '081218576052', NULL),
  (14, 23, '2026-06-02 05:45:01.310', 'approved', 'https://drive.google.com/file/d/cv_14/view', 'Sangat termotivasi untuk mengasah keahlian di bidang ini dan berkolaborasi secara produktif.', '081210068844', NULL),
  (14, 25, '2026-06-02 05:45:01.310', 'approved', 'https://drive.google.com/file/d/cv_14/view', 'Sangat termotivasi untuk mengasah keahlian di bidang ini dan berkolaborasi secara produktif.', '081221338072', 29),
  (15, 21, '2026-06-02 05:45:01.310', 'approved', 'https://drive.google.com/file/d/cv_15/view', 'Sangat termotivasi untuk mengasah keahlian di bidang ini dan berkolaborasi secara produktif.', '081291838755', NULL),
  (15, 25, '2026-06-02 05:45:01.310', 'approved', 'https://drive.google.com/file/d/cv_15/view', 'Sangat termotivasi untuk mengasah keahlian di bidang ini dan berkolaborasi secara produktif.', '081224732301', NULL),
  (16, 21, '2026-06-02 05:45:01.310', 'approved', 'https://drive.google.com/file/d/cv_16/view', 'Sangat termotivasi untuk mengasah keahlian di bidang ini dan berkolaborasi secara produktif.', '081225514118', NULL),
  (16, 25, '2026-06-02 05:45:01.310', 'approved', 'https://drive.google.com/file/d/cv_16/view', 'Sangat termotivasi untuk mengasah keahlian di bidang ini dan berkolaborasi secara produktif.', '081270430620', NULL),
  (17, 21, '2026-06-02 05:45:01.310', 'approved', 'https://drive.google.com/file/d/cv_17/view', 'Sangat termotivasi untuk mengasah keahlian di bidang ini dan berkolaborasi secara produktif.', '081291973488', NULL),
  (17, 25, '2026-06-02 05:45:01.310', 'approved', 'https://drive.google.com/file/d/cv_17/view', 'Sangat termotivasi untuk mengasah keahlian di bidang ini dan berkolaborasi secara produktif.', '081263499763', NULL),
  (18, 23, '2026-06-02 05:45:01.310', 'approved', 'https://drive.google.com/file/d/cv_18/view', 'Sangat termotivasi untuk mengasah keahlian di bidang ini dan berkolaborasi secara produktif.', '081253130306', 17),
  (18, 24, '2026-06-02 05:45:01.310', 'approved', 'https://drive.google.com/file/d/cv_18/view', 'Sangat termotivasi untuk mengasah keahlian di bidang ini dan berkolaborasi secara produktif.', '081297249106', NULL),
  (19, 21, '2026-06-02 05:45:01.310', 'approved', 'https://drive.google.com/file/d/cv_19/view', 'Sangat termotivasi untuk mengasah keahlian di bidang ini dan berkolaborasi secara produktif.', '081268686137', NULL),
  (19, 24, '2026-06-02 05:45:01.310', 'approved', 'https://drive.google.com/file/d/cv_19/view', 'Sangat termotivasi untuk mengasah keahlian di bidang ini dan berkolaborasi secara produktif.', '081226000611', 13),
  (20, 22, '2026-06-02 05:45:01.310', 'approved', 'https://drive.google.com/file/d/cv_20/view', 'Sangat termotivasi untuk mengasah keahlian di bidang ini dan berkolaborasi secara produktif.', '081246243259', NULL),
  (20, 25, '2026-06-02 05:45:01.310', 'approved', 'https://drive.google.com/file/d/cv_20/view', 'Sangat termotivasi untuk mengasah keahlian di bidang ini dan berkolaborasi secara produktif.', '081253000254', NULL),
  (21, 22, '2026-06-02 05:45:01.310', 'approved', 'https://drive.google.com/file/d/cv_21/view', 'Sangat termotivasi untuk mengasah keahlian di bidang ini dan berkolaborasi secara produktif.', '081212472433', NULL),
  (21, 24, '2026-06-02 05:45:01.310', 'approved', 'https://drive.google.com/file/d/cv_21/view', 'Sangat termotivasi untuk mengasah keahlian di bidang ini dan berkolaborasi secara produktif.', '081265149102', NULL),
  (22, 23, '2026-06-02 05:45:01.310', 'approved', 'https://drive.google.com/file/d/cv_22/view', 'Sangat termotivasi untuk mengasah keahlian di bidang ini dan berkolaborasi secara produktif.', '081257374574', NULL),
  (22, 25, '2026-06-02 05:45:01.310', 'approved', 'https://drive.google.com/file/d/cv_22/view', 'Sangat termotivasi untuk mengasah keahlian di bidang ini dan berkolaborasi secara produktif.', '081239291103', 24),
  (23, 23, '2026-06-02 05:45:01.310', 'approved', 'https://drive.google.com/file/d/cv_23/view', 'Sangat termotivasi untuk mengasah keahlian di bidang ini dan berkolaborasi secara produktif.', '081271960588', 12),
  (23, 25, '2026-06-02 05:45:01.310', 'approved', 'https://drive.google.com/file/d/cv_23/view', 'Sangat termotivasi untuk mengasah keahlian di bidang ini dan berkolaborasi secara produktif.', '081239488545', NULL),
  (24, 24, '2026-06-02 05:45:01.310', 'approved', 'https://drive.google.com/file/d/cv_24/view', 'Sangat termotivasi untuk mengasah keahlian di bidang ini dan berkolaborasi secara produktif.', '081233097416', NULL),
  (24, 25, '2026-06-02 05:45:01.310', 'approved', 'https://drive.google.com/file/d/cv_24/view', 'Sangat termotivasi untuk mengasah keahlian di bidang ini dan berkolaborasi secara produktif.', '081249360376', NULL),
  (33, 21, '2026-06-02 05:45:01.310', 'approved', 'https://drive.google.com/file/d/cv_33/view', 'Sangat termotivasi untuk mengasah keahlian di bidang ini dan berkolaborasi secara produktif.', '081250401466', NULL),
  (33, 25, '2026-06-02 05:45:01.310', 'approved', 'https://drive.google.com/file/d/cv_33/view', 'Sangat termotivasi untuk mengasah keahlian di bidang ini dan berkolaborasi secara produktif.', '081282574008', NULL),
  (34, 21, '2026-06-02 05:45:01.310', 'approved', 'https://drive.google.com/file/d/cv_34/view', 'Sangat termotivasi untuk mengasah keahlian di bidang ini dan berkolaborasi secara produktif.', '081226755196', NULL),
  (34, 25, '2026-06-02 05:45:01.310', 'approved', 'https://drive.google.com/file/d/cv_34/view', 'Sangat termotivasi untuk mengasah keahlian di bidang ini dan berkolaborasi secara produktif.', '081210082923', NULL),
  (35, 22, '2026-06-02 05:45:01.310', 'approved', 'https://drive.google.com/file/d/cv_35/view', 'Sangat termotivasi untuk mengasah keahlian di bidang ini dan berkolaborasi secara produktif.', '081218138653', NULL),
  (35, 24, '2026-06-02 05:45:01.310', 'approved', 'https://drive.google.com/file/d/cv_35/view', 'Sangat termotivasi untuk mengasah keahlian di bidang ini dan berkolaborasi secara produktif.', '081296180396', NULL),
  (51, 22, '2026-06-02 05:45:01.310', 'approved', 'https://drive.google.com/file/d/cv_51/view', 'Sangat termotivasi untuk mengasah keahlian di bidang ini dan berkolaborasi secara produktif.', '081265881431', NULL),
  (51, 25, '2026-06-02 05:45:01.310', 'approved', 'https://drive.google.com/file/d/cv_51/view', 'Sangat termotivasi untuk mengasah keahlian di bidang ini dan berkolaborasi secara produktif.', '081294715194', NULL),
  (53, 21, '2026-06-02 05:45:01.310', 'approved', 'https://drive.google.com/file/d/cv_53/view', 'Sangat termotivasi untuk mengasah keahlian di bidang ini dan berkolaborasi secara produktif.', '081232220472', NULL),
  (53, 25, '2026-06-02 05:45:01.310', 'approved', 'https://drive.google.com/file/d/cv_53/view', 'Sangat termotivasi untuk mengasah keahlian di bidang ini dan berkolaborasi secara produktif.', '081215921117', NULL),
  (55, 21, '2026-06-02 05:45:01.310', 'approved', 'https://drive.google.com/file/d/cv_55/view', 'Sangat termotivasi untuk mengasah keahlian di bidang ini dan berkolaborasi secara produktif.', '081251920148', NULL),
  (55, 23, '2026-06-02 05:45:01.310', 'approved', 'https://drive.google.com/file/d/cv_55/view', 'Sangat termotivasi untuk mengasah keahlian di bidang ini dan berkolaborasi secara produktif.', '081272362124', NULL),
  (57, 23, '2026-06-02 05:45:01.310', 'approved', 'https://drive.google.com/file/d/cv_57/view', 'Sangat termotivasi untuk mengasah keahlian di bidang ini dan berkolaborasi secara produktif.', '081257873988', NULL),
  (57, 24, '2026-06-02 05:45:01.310', 'approved', 'https://drive.google.com/file/d/cv_57/view', 'Sangat termotivasi untuk mengasah keahlian di bidang ini dan berkolaborasi secara produktif.', '081288855165', NULL),
  (59, 24, '2026-06-02 05:45:01.310', 'approved', 'https://drive.google.com/file/d/cv_59/view', 'Sangat termotivasi untuk mengasah keahlian di bidang ini dan berkolaborasi secara produktif.', '081211966978', 18),
  (59, 25, '2026-06-02 05:45:01.310', 'approved', 'https://drive.google.com/file/d/cv_59/view', 'Sangat termotivasi untuk mengasah keahlian di bidang ini dan berkolaborasi secara produktif.', '081246860802', NULL),
  (60, 21, '2026-06-02 05:45:01.310', 'approved', 'https://drive.google.com/file/d/cv_60/view', 'Sangat termotivasi untuk mengasah keahlian di bidang ini dan berkolaborasi secara produktif.', '081224002033', NULL),
  (60, 23, '2026-06-02 05:45:01.310', 'approved', 'https://drive.google.com/file/d/cv_60/view', 'Sangat termotivasi untuk mengasah keahlian di bidang ini dan berkolaborasi secara produktif.', '081254536229', NULL),
  (61, 21, '2026-06-02 05:45:01.310', 'approved', 'https://drive.google.com/file/d/cv_61/view', 'Sangat termotivasi untuk mengasah keahlian di bidang ini dan berkolaborasi secara produktif.', '081230993058', NULL),
  (61, 23, '2026-06-02 05:45:01.310', 'approved', 'https://drive.google.com/file/d/cv_61/view', 'Sangat termotivasi untuk mengasah keahlian di bidang ini dan berkolaborasi secara produktif.', '081288858769', NULL),
  (62, 22, '2026-06-02 05:45:01.310', 'approved', 'https://drive.google.com/file/d/cv_62/view', 'Sangat termotivasi untuk mengasah keahlian di bidang ini dan berkolaborasi secara produktif.', '081282344231', NULL),
  (62, 24, '2026-06-02 05:45:01.310', 'approved', 'https://drive.google.com/file/d/cv_62/view', 'Sangat termotivasi untuk mengasah keahlian di bidang ini dan berkolaborasi secara produktif.', '081225783249', NULL),
  (63, 24, '2026-06-02 05:45:01.310', 'approved', 'https://drive.google.com/file/d/cv_63/view', 'Sangat termotivasi untuk mengasah keahlian di bidang ini dan berkolaborasi secara produktif.', '081280180037', NULL),
  (63, 25, '2026-06-02 05:45:01.310', 'approved', 'https://drive.google.com/file/d/cv_63/view', 'Sangat termotivasi untuk mengasah keahlian di bidang ini dan berkolaborasi secara produktif.', '081230614414', NULL),
  (64, 21, '2026-06-02 05:45:01.310', 'approved', 'https://drive.google.com/file/d/cv_64/view', 'Sangat termotivasi untuk mengasah keahlian di bidang ini dan berkolaborasi secara produktif.', '081270507137', NULL),
  (64, 25, '2026-06-02 05:45:01.310', 'approved', 'https://drive.google.com/file/d/cv_64/view', 'Sangat termotivasi untuk mengasah keahlian di bidang ini dan berkolaborasi secara produktif.', '081212316871', NULL),
  (65, 21, '2026-06-02 05:45:01.310', 'approved', 'https://drive.google.com/file/d/cv_65/view', 'Sangat termotivasi untuk mengasah keahlian di bidang ini dan berkolaborasi secara produktif.', '081299595057', NULL),
  (65, 25, '2026-06-02 05:45:01.310', 'approved', 'https://drive.google.com/file/d/cv_65/view', 'Sangat termotivasi untuk mengasah keahlian di bidang ini dan berkolaborasi secara produktif.', '081214686810', NULL),
  (66, 22, '2026-06-02 05:45:01.310', 'approved', 'https://drive.google.com/file/d/cv_66/view', 'Sangat termotivasi untuk mengasah keahlian di bidang ini dan berkolaborasi secara produktif.', '081234719724', 16),
  (66, 23, '2026-06-02 05:45:01.310', 'approved', 'https://drive.google.com/file/d/cv_66/view', 'Sangat termotivasi untuk mengasah keahlian di bidang ini dan berkolaborasi secara produktif.', '081294259583', NULL),
  (67, 22, '2026-06-02 05:45:01.310', 'approved', 'https://drive.google.com/file/d/cv_67/view', 'Sangat termotivasi untuk mengasah keahlian di bidang ini dan berkolaborasi secara produktif.', '081296346267', NULL),
  (67, 23, '2026-06-02 05:45:01.310', 'approved', 'https://drive.google.com/file/d/cv_67/view', 'Sangat termotivasi untuk mengasah keahlian di bidang ini dan berkolaborasi secara produktif.', '081223083480', NULL),
  (68, 23, '2026-06-02 05:45:01.310', 'approved', 'https://drive.google.com/file/d/cv_68/view', 'Sangat termotivasi untuk mengasah keahlian di bidang ini dan berkolaborasi secara produktif.', '081269518370', NULL),
  (68, 24, '2026-06-02 05:45:01.310', 'approved', 'https://drive.google.com/file/d/cv_68/view', 'Sangat termotivasi untuk mengasah keahlian di bidang ini dan berkolaborasi secara produktif.', '081218321322', NULL),
  (69, 21, '2026-06-02 05:45:01.310', 'approved', 'https://drive.google.com/file/d/cv_69/view', 'Sangat termotivasi untuk mengasah keahlian di bidang ini dan berkolaborasi secara produktif.', '081292369783', NULL),
  (69, 23, '2026-06-02 05:45:01.310', 'approved', 'https://drive.google.com/file/d/cv_69/view', 'Sangat termotivasi untuk mengasah keahlian di bidang ini dan berkolaborasi secara produktif.', '081238434417', NULL),
  (70, 23, '2026-06-02 05:45:01.310', 'approved', 'https://drive.google.com/file/d/cv_70/view', 'Sangat termotivasi untuk mengasah keahlian di bidang ini dan berkolaborasi secara produktif.', '081225876803', NULL),
  (70, 25, '2026-06-02 05:45:01.310', 'approved', 'https://drive.google.com/file/d/cv_70/view', 'Sangat termotivasi untuk mengasah keahlian di bidang ini dan berkolaborasi secara produktif.', '081263724118', NULL),
  (71, 21, '2026-06-02 05:45:01.310', 'approved', 'https://drive.google.com/file/d/cv_71/view', 'Sangat termotivasi untuk mengasah keahlian di bidang ini dan berkolaborasi secara produktif.', '081244833453', NULL),
  (71, 24, '2026-06-02 05:45:01.310', 'approved', 'https://drive.google.com/file/d/cv_71/view', 'Sangat termotivasi untuk mengasah keahlian di bidang ini dan berkolaborasi secara produktif.', '081275786517', NULL),
  (72, 21, '2026-06-02 05:45:01.310', 'approved', 'https://drive.google.com/file/d/cv_72/view', 'Sangat termotivasi untuk mengasah keahlian di bidang ini dan berkolaborasi secara produktif.', '081291006428', NULL),
  (72, 24, '2026-06-02 05:45:01.310', 'approved', 'https://drive.google.com/file/d/cv_72/view', 'Sangat termotivasi untuk mengasah keahlian di bidang ini dan berkolaborasi secara produktif.', '081261449907', NULL),
  (73, 21, '2026-06-02 05:45:01.310', 'approved', 'https://drive.google.com/file/d/cv_73/view', 'Sangat termotivasi untuk mengasah keahlian di bidang ini dan berkolaborasi secara produktif.', '081258469407', NULL),
  (73, 23, '2026-06-02 05:45:01.310', 'approved', 'https://drive.google.com/file/d/cv_73/view', 'Sangat termotivasi untuk mengasah keahlian di bidang ini dan berkolaborasi secara produktif.', '081257491759', NULL),
  (74, 22, '2026-06-02 05:45:01.310', 'approved', 'https://drive.google.com/file/d/cv_74/view', 'Sangat termotivasi untuk mengasah keahlian di bidang ini dan berkolaborasi secara produktif.', '081239146030', NULL),
  (74, 23, '2026-06-02 05:45:01.310', 'approved', 'https://drive.google.com/file/d/cv_74/view', 'Sangat termotivasi untuk mengasah keahlian di bidang ini dan berkolaborasi secara produktif.', '081285058329', NULL),
  (75, 22, '2026-06-02 05:45:01.310', 'approved', 'https://drive.google.com/file/d/cv_75/view', 'Sangat termotivasi untuk mengasah keahlian di bidang ini dan berkolaborasi secara produktif.', '081293501384', NULL),
  (75, 24, '2026-06-02 05:45:01.310', 'approved', 'https://drive.google.com/file/d/cv_75/view', 'Sangat termotivasi untuk mengasah keahlian di bidang ini dan berkolaborasi secara produktif.', '081292640757', NULL),
  (76, 21, '2026-06-02 05:45:01.310', 'approved', 'https://drive.google.com/file/d/cv_76/view', 'Sangat termotivasi untuk mengasah keahlian di bidang ini dan berkolaborasi secara produktif.', '081222460813', 15),
  (76, 22, '2026-06-02 05:45:01.310', 'approved', 'https://drive.google.com/file/d/cv_76/view', 'Sangat termotivasi untuk mengasah keahlian di bidang ini dan berkolaborasi secara produktif.', '081212439661', NULL),
  (77, 24, '2026-06-02 05:45:01.310', 'approved', 'https://drive.google.com/file/d/cv_77/view', 'Sangat termotivasi untuk mengasah keahlian di bidang ini dan berkolaborasi secara produktif.', '081211213381', NULL),
  (77, 25, '2026-06-02 05:45:01.310', 'approved', 'https://drive.google.com/file/d/cv_77/view', 'Sangat termotivasi untuk mengasah keahlian di bidang ini dan berkolaborasi secara produktif.', '081274971642', NULL),
  (78, 21, '2026-06-02 05:45:01.310', 'approved', 'https://drive.google.com/file/d/cv_78/view', 'Sangat termotivasi untuk mengasah keahlian di bidang ini dan berkolaborasi secara produktif.', '081271588724', NULL),
  (78, 25, '2026-06-02 05:45:01.310', 'approved', 'https://drive.google.com/file/d/cv_78/view', 'Sangat termotivasi untuk mengasah keahlian di bidang ini dan berkolaborasi secara produktif.', '081295384358', NULL),
  (79, 21, '2026-06-02 05:45:01.310', 'approved', 'https://drive.google.com/file/d/cv_79/view', 'Sangat termotivasi untuk mengasah keahlian di bidang ini dan berkolaborasi secara produktif.', '081250238378', NULL),
  (79, 22, '2026-06-02 05:45:01.310', 'approved', 'https://drive.google.com/file/d/cv_79/view', 'Sangat termotivasi untuk mengasah keahlian di bidang ini dan berkolaborasi secara produktif.', '081269326819', NULL),
  (80, 23, '2026-06-02 05:45:01.310', 'approved', 'https://drive.google.com/file/d/cv_80/view', 'Sangat termotivasi untuk mengasah keahlian di bidang ini dan berkolaborasi secara produktif.', '081290541062', NULL),
  (80, 25, '2026-06-02 05:45:01.310', 'approved', 'https://drive.google.com/file/d/cv_80/view', 'Sangat termotivasi untuk mengasah keahlian di bidang ini dan berkolaborasi secara produktif.', '081299223829', 19),
  (81, 21, '2026-06-02 05:45:01.310', 'approved', 'https://drive.google.com/file/d/cv_81/view', 'Sangat termotivasi untuk mengasah keahlian di bidang ini dan berkolaborasi secara produktif.', '081277163036', 25),
  (81, 23, '2026-06-02 05:45:01.310', 'approved', 'https://drive.google.com/file/d/cv_81/view', 'Sangat termotivasi untuk mengasah keahlian di bidang ini dan berkolaborasi secara produktif.', '081219812154', NULL),
  (82, 24, '2026-06-02 05:45:01.310', 'approved', 'https://drive.google.com/file/d/cv_82/view', 'Sangat termotivasi untuk mengasah keahlian di bidang ini dan berkolaborasi secara produktif.', '081283914542', NULL),
  (82, 25, '2026-06-02 05:45:01.310', 'approved', 'https://drive.google.com/file/d/cv_82/view', 'Sangat termotivasi untuk mengasah keahlian di bidang ini dan berkolaborasi secara produktif.', '081218464550', NULL),
  (83, 24, '2026-06-02 05:45:01.310', 'approved', 'https://drive.google.com/file/d/cv_83/view', 'Sangat termotivasi untuk mengasah keahlian di bidang ini dan berkolaborasi secara produktif.', '081285567488', NULL),
  (83, 25, '2026-06-02 05:45:01.310', 'approved', 'https://drive.google.com/file/d/cv_83/view', 'Sangat termotivasi untuk mengasah keahlian di bidang ini dan berkolaborasi secara produktif.', '081239026254', NULL),
  (84, 24, '2026-06-02 05:45:01.310', 'approved', 'https://drive.google.com/file/d/cv_84/view', 'Sangat termotivasi untuk mengasah keahlian di bidang ini dan berkolaborasi secara produktif.', '081265549358', NULL),
  (84, 25, '2026-06-02 05:45:01.310', 'approved', 'https://drive.google.com/file/d/cv_84/view', 'Sangat termotivasi untuk mengasah keahlian di bidang ini dan berkolaborasi secara produktif.', '081213601968', NULL),
  (85, 21, '2026-06-02 05:45:01.310', 'approved', 'https://drive.google.com/file/d/cv_85/view', 'Sangat termotivasi untuk mengasah keahlian di bidang ini dan berkolaborasi secara produktif.', '081254104106', NULL),
  (85, 25, '2026-06-02 05:45:01.310', 'approved', 'https://drive.google.com/file/d/cv_85/view', 'Sangat termotivasi untuk mengasah keahlian di bidang ini dan berkolaborasi secara produktif.', '081280221678', 14),
  (86, 21, '2026-06-02 05:45:01.310', 'approved', 'https://drive.google.com/file/d/cv_86/view', 'Sangat termotivasi untuk mengasah keahlian di bidang ini dan berkolaborasi secara produktif.', '081242375730', NULL),
  (86, 25, '2026-06-02 05:45:01.310', 'approved', 'https://drive.google.com/file/d/cv_86/view', 'Sangat termotivasi untuk mengasah keahlian di bidang ini dan berkolaborasi secara produktif.', '081261839145', NULL),
  (87, 22, '2026-06-02 05:45:01.310', 'approved', 'https://drive.google.com/file/d/cv_87/view', 'Sangat termotivasi untuk mengasah keahlian di bidang ini dan berkolaborasi secara produktif.', '081258041074', NULL),
  (87, 24, '2026-06-02 05:45:01.310', 'approved', 'https://drive.google.com/file/d/cv_87/view', 'Sangat termotivasi untuk mengasah keahlian di bidang ini dan berkolaborasi secara produktif.', '081229492219', 23),
  (88, 24, '2026-06-02 05:45:01.310', 'approved', 'https://drive.google.com/file/d/cv_88/view', 'Sangat termotivasi untuk mengasah keahlian di bidang ini dan berkolaborasi secara produktif.', '081297179816', NULL),
  (88, 25, '2026-06-02 05:45:01.310', 'approved', 'https://drive.google.com/file/d/cv_88/view', 'Sangat termotivasi untuk mengasah keahlian di bidang ini dan berkolaborasi secara produktif.', '081268915880', NULL),
  (89, 23, '2026-06-02 05:45:01.310', 'approved', 'https://drive.google.com/file/d/cv_89/view', 'Sangat termotivasi untuk mengasah keahlian di bidang ini dan berkolaborasi secara produktif.', '081230829417', NULL),
  (89, 25, '2026-06-02 05:45:01.310', 'approved', 'https://drive.google.com/file/d/cv_89/view', 'Sangat termotivasi untuk mengasah keahlian di bidang ini dan berkolaborasi secara produktif.', '081265837217', NULL),
  (90, 21, '2026-06-02 05:45:01.310', 'approved', 'https://drive.google.com/file/d/cv_90/view', 'Sangat termotivasi untuk mengasah keahlian di bidang ini dan berkolaborasi secara produktif.', '081276415815', NULL),
  (90, 24, '2026-06-02 05:45:01.310', 'approved', 'https://drive.google.com/file/d/cv_90/view', 'Sangat termotivasi untuk mengasah keahlian di bidang ini dan berkolaborasi secara produktif.', '081256782959', NULL),
  (91, 24, '2026-06-02 05:45:01.310', 'approved', 'https://drive.google.com/file/d/cv_91/view', 'Sangat termotivasi untuk mengasah keahlian di bidang ini dan berkolaborasi secara produktif.', '081277202723', NULL),
  (91, 25, '2026-06-02 05:45:01.310', 'approved', 'https://drive.google.com/file/d/cv_91/view', 'Sangat termotivasi untuk mengasah keahlian di bidang ini dan berkolaborasi secara produktif.', '081240373061', NULL),
  (92, 21, '2026-06-02 05:45:01.310', 'approved', 'https://drive.google.com/file/d/cv_92/view', 'Sangat termotivasi untuk mengasah keahlian di bidang ini dan berkolaborasi secara produktif.', '081237558562', NULL),
  (92, 24, '2026-06-02 05:45:01.310', 'approved', 'https://drive.google.com/file/d/cv_92/view', 'Sangat termotivasi untuk mengasah keahlian di bidang ini dan berkolaborasi secara produktif.', '081266442166', NULL),
  (93, 24, '2026-06-02 05:45:01.310', 'approved', 'https://drive.google.com/file/d/cv_93/view', 'Sangat termotivasi untuk mengasah keahlian di bidang ini dan berkolaborasi secara produktif.', '081252671679', NULL),
  (93, 25, '2026-06-02 05:45:01.310', 'approved', 'https://drive.google.com/file/d/cv_93/view', 'Sangat termotivasi untuk mengasah keahlian di bidang ini dan berkolaborasi secara produktif.', '081240234201', NULL),
  (94, 21, '2026-06-02 05:45:01.310', 'approved', 'https://drive.google.com/file/d/cv_94/view', 'Sangat termotivasi untuk mengasah keahlian di bidang ini dan berkolaborasi secara produktif.', '081271958854', NULL),
  (94, 22, '2026-06-02 05:45:01.310', 'approved', 'https://drive.google.com/file/d/cv_94/view', 'Sangat termotivasi untuk mengasah keahlian di bidang ini dan berkolaborasi secara produktif.', '081216316017', NULL),
  (95, 23, '2026-06-02 05:45:01.310', 'approved', 'https://drive.google.com/file/d/cv_95/view', 'Sangat termotivasi untuk mengasah keahlian di bidang ini dan berkolaborasi secara produktif.', '081262461773', NULL),
  (95, 25, '2026-06-02 05:45:01.310', 'approved', 'https://drive.google.com/file/d/cv_95/view', 'Sangat termotivasi untuk mengasah keahlian di bidang ini dan berkolaborasi secara produktif.', '081255095973', NULL),
  (96, 21, '2026-06-02 05:45:01.310', 'approved', 'https://drive.google.com/file/d/cv_96/view', 'Sangat termotivasi untuk mengasah keahlian di bidang ini dan berkolaborasi secara produktif.', '081235102930', 20),
  (96, 24, '2026-06-02 05:45:01.310', 'approved', 'https://drive.google.com/file/d/cv_96/view', 'Sangat termotivasi untuk mengasah keahlian di bidang ini dan berkolaborasi secara produktif.', '081294790881', NULL),
  (97, 22, '2026-06-02 05:45:01.310', 'approved', 'https://drive.google.com/file/d/cv_97/view', 'Sangat termotivasi untuk mengasah keahlian di bidang ini dan berkolaborasi secara produktif.', '081235010832', NULL),
  (97, 24, '2026-06-02 05:45:01.310', 'approved', 'https://drive.google.com/file/d/cv_97/view', 'Sangat termotivasi untuk mengasah keahlian di bidang ini dan berkolaborasi secara produktif.', '081287414192', NULL),
  (98, 22, '2026-06-02 05:45:01.310', 'approved', 'https://drive.google.com/file/d/cv_98/view', 'Sangat termotivasi untuk mengasah keahlian di bidang ini dan berkolaborasi secara produktif.', '081298180169', NULL),
  (98, 24, '2026-06-02 05:45:01.310', 'approved', 'https://drive.google.com/file/d/cv_98/view', 'Sangat termotivasi untuk mengasah keahlian di bidang ini dan berkolaborasi secara produktif.', '081230683550', NULL),
  (99, 22, '2026-06-02 05:45:01.310', 'approved', 'https://drive.google.com/file/d/cv_99/view', 'Sangat termotivasi untuk mengasah keahlian di bidang ini dan berkolaborasi secara produktif.', '081224932797', NULL),
  (99, 23, '2026-06-02 05:45:01.310', 'approved', 'https://drive.google.com/file/d/cv_99/view', 'Sangat termotivasi untuk mengasah keahlian di bidang ini dan berkolaborasi secara produktif.', '081216907526', NULL),
  (100, 21, '2026-06-02 05:45:01.310', 'approved', 'https://drive.google.com/file/d/cv_100/view', 'Sangat termotivasi untuk mengasah keahlian di bidang ini dan berkolaborasi secara produktif.', '081256355873', NULL),
  (100, 25, '2026-06-02 05:45:01.310', 'approved', 'https://drive.google.com/file/d/cv_100/view', 'Sangat termotivasi untuk mengasah keahlian di bidang ini dan berkolaborasi secara produktif.', '081262217549', NULL),
  (101, 24, '2026-06-02 05:45:01.310', 'approved', 'https://drive.google.com/file/d/cv_101/view', 'Sangat termotivasi untuk mengasah keahlian di bidang ini dan berkolaborasi secara produktif.', '081259320181', NULL),
  (101, 25, '2026-06-02 05:45:01.310', 'approved', 'https://drive.google.com/file/d/cv_101/view', 'Sangat termotivasi untuk mengasah keahlian di bidang ini dan berkolaborasi secara produktif.', '081213766237', NULL),
  (102, 22, '2026-06-02 05:45:01.310', 'approved', 'https://drive.google.com/file/d/cv_102/view', 'Sangat termotivasi untuk mengasah keahlian di bidang ini dan berkolaborasi secara produktif.', '081279574153', 11),
  (102, 24, '2026-06-02 05:45:01.310', 'approved', 'https://drive.google.com/file/d/cv_102/view', 'Sangat termotivasi untuk mengasah keahlian di bidang ini dan berkolaborasi secara produktif.', '081273113722', NULL),
  (103, 21, '2026-06-02 05:45:01.310', 'approved', 'https://drive.google.com/file/d/cv_103/view', 'Sangat termotivasi untuk mengasah keahlian di bidang ini dan berkolaborasi secara produktif.', '081211664756', NULL),
  (103, 23, '2026-06-02 05:45:01.310', 'approved', 'https://drive.google.com/file/d/cv_103/view', 'Sangat termotivasi untuk mengasah keahlian di bidang ini dan berkolaborasi secara produktif.', '081223247417', NULL),
  (104, 21, '2026-06-02 05:45:01.310', 'approved', 'https://drive.google.com/file/d/cv_104/view', 'Sangat termotivasi untuk mengasah keahlian di bidang ini dan berkolaborasi secara produktif.', '081254196569', NULL),
  (104, 23, '2026-06-02 05:45:01.310', 'approved', 'https://drive.google.com/file/d/cv_104/view', 'Sangat termotivasi untuk mengasah keahlian di bidang ini dan berkolaborasi secara produktif.', '081229067640', NULL),
  (105, 24, '2026-06-02 05:45:01.310', 'approved', 'https://drive.google.com/file/d/cv_105/view', 'Sangat termotivasi untuk mengasah keahlian di bidang ini dan berkolaborasi secara produktif.', '081227430465', NULL),
  (105, 25, '2026-06-02 05:45:01.310', 'approved', 'https://drive.google.com/file/d/cv_105/view', 'Sangat termotivasi untuk mengasah keahlian di bidang ini dan berkolaborasi secara produktif.', '081264283414', NULL),
  (106, 22, '2026-06-02 05:45:01.310', 'approved', 'https://drive.google.com/file/d/cv_106/view', 'Sangat termotivasi untuk mengasah keahlian di bidang ini dan berkolaborasi secara produktif.', '081242628806', NULL),
  (106, 23, '2026-06-02 05:45:01.310', 'approved', 'https://drive.google.com/file/d/cv_106/view', 'Sangat termotivasi untuk mengasah keahlian di bidang ini dan berkolaborasi secara produktif.', '081280297828', NULL),
  (107, 23, '2026-06-02 05:45:01.310', 'approved', 'https://drive.google.com/file/d/cv_107/view', 'Sangat termotivasi untuk mengasah keahlian di bidang ini dan berkolaborasi secara produktif.', '081228936201', NULL),
  (107, 25, '2026-06-02 05:45:01.310', 'approved', 'https://drive.google.com/file/d/cv_107/view', 'Sangat termotivasi untuk mengasah keahlian di bidang ini dan berkolaborasi secara produktif.', '081262009957', NULL),
  (108, 22, '2026-06-02 05:45:01.310', 'approved', 'https://drive.google.com/file/d/cv_108/view', 'Sangat termotivasi untuk mengasah keahlian di bidang ini dan berkolaborasi secara produktif.', '081283585775', NULL),
  (108, 24, '2026-06-02 05:45:01.310', 'approved', 'https://drive.google.com/file/d/cv_108/view', 'Sangat termotivasi untuk mengasah keahlian di bidang ini dan berkolaborasi secara produktif.', '081293200833', NULL),
  (109, 23, '2026-06-02 05:45:01.310', 'approved', 'https://drive.google.com/file/d/cv_109/view', 'Sangat termotivasi untuk mengasah keahlian di bidang ini dan berkolaborasi secara produktif.', '081291066967', NULL),
  (109, 24, '2026-06-02 05:45:01.310', 'approved', 'https://drive.google.com/file/d/cv_109/view', 'Sangat termotivasi untuk mengasah keahlian di bidang ini dan berkolaborasi secara produktif.', '081271478182', NULL),
  (110, 21, '2026-06-02 05:45:01.310', 'approved', 'https://drive.google.com/file/d/cv_110/view', 'Sangat termotivasi untuk mengasah keahlian di bidang ini dan berkolaborasi secara produktif.', '081241565220', NULL),
  (110, 23, '2026-06-02 05:45:01.310', 'approved', 'https://drive.google.com/file/d/cv_110/view', 'Sangat termotivasi untuk mengasah keahlian di bidang ini dan berkolaborasi secara produktif.', '081284569427', NULL),
  (111, 21, '2026-06-02 05:45:01.310', 'approved', 'https://drive.google.com/file/d/cv_111/view', 'Sangat termotivasi untuk mengasah keahlian di bidang ini dan berkolaborasi secara produktif.', '081212615303', NULL),
  (111, 23, '2026-06-02 05:45:01.310', 'approved', 'https://drive.google.com/file/d/cv_111/view', 'Sangat termotivasi untuk mengasah keahlian di bidang ini dan berkolaborasi secara produktif.', '081229405222', NULL),
  (112, 24, '2026-06-02 05:45:01.310', 'approved', 'https://drive.google.com/file/d/cv_112/view', 'Sangat termotivasi untuk mengasah keahlian di bidang ini dan berkolaborasi secara produktif.', '081295467642', NULL),
  (112, 25, '2026-06-02 05:45:01.310', 'approved', 'https://drive.google.com/file/d/cv_112/view', 'Sangat termotivasi untuk mengasah keahlian di bidang ini dan berkolaborasi secara produktif.', '081294954618', NULL),
  (113, 22, '2026-06-02 05:45:01.310', 'approved', 'https://drive.google.com/file/d/cv_113/view', 'Sangat termotivasi untuk mengasah keahlian di bidang ini dan berkolaborasi secara produktif.', '081245014628', NULL),
  (113, 25, '2026-06-02 05:45:01.310', 'approved', 'https://drive.google.com/file/d/cv_113/view', 'Sangat termotivasi untuk mengasah keahlian di bidang ini dan berkolaborasi secara produktif.', '081274508588', NULL),
  (114, 21, '2026-06-02 05:45:01.310', 'approved', 'https://drive.google.com/file/d/cv_114/view', 'Sangat termotivasi untuk mengasah keahlian di bidang ini dan berkolaborasi secara produktif.', '081293078932', NULL),
  (114, 23, '2026-06-02 05:45:01.310', 'approved', 'https://drive.google.com/file/d/cv_114/view', 'Sangat termotivasi untuk mengasah keahlian di bidang ini dan berkolaborasi secara produktif.', '081279006714', NULL),
  (115, 22, '2026-06-02 05:45:01.310', 'approved', 'https://drive.google.com/file/d/cv_115/view', 'Sangat termotivasi untuk mengasah keahlian di bidang ini dan berkolaborasi secara produktif.', '081259550440', NULL),
  (115, 25, '2026-06-02 05:45:01.310', 'approved', 'https://drive.google.com/file/d/cv_115/view', 'Sangat termotivasi untuk mengasah keahlian di bidang ini dan berkolaborasi secara produktif.', '081252399832', NULL),
  (116, 22, '2026-06-02 05:45:01.310', 'approved', 'https://drive.google.com/file/d/cv_116/view', 'Sangat termotivasi untuk mengasah keahlian di bidang ini dan berkolaborasi secara produktif.', '081270347470', NULL),
  (116, 24, '2026-06-02 05:45:01.310', 'approved', 'https://drive.google.com/file/d/cv_116/view', 'Sangat termotivasi untuk mengasah keahlian di bidang ini dan berkolaborasi secara produktif.', '081295312855', NULL),
  (117, 21, '2026-06-02 05:45:01.310', 'approved', 'https://drive.google.com/file/d/cv_117/view', 'Sangat termotivasi untuk mengasah keahlian di bidang ini dan berkolaborasi secara produktif.', '081257163040', NULL),
  (117, 22, '2026-06-02 05:45:01.310', 'approved', 'https://drive.google.com/file/d/cv_117/view', 'Sangat termotivasi untuk mengasah keahlian di bidang ini dan berkolaborasi secara produktif.', '081295815614', NULL),
  (118, 22, '2026-06-02 05:45:01.310', 'approved', 'https://drive.google.com/file/d/cv_118/view', 'Sangat termotivasi untuk mengasah keahlian di bidang ini dan berkolaborasi secara produktif.', '081213896557', NULL),
  (118, 23, '2026-06-02 05:45:01.310', 'approved', 'https://drive.google.com/file/d/cv_118/view', 'Sangat termotivasi untuk mengasah keahlian di bidang ini dan berkolaborasi secara produktif.', '081251905329', NULL),
  (119, 21, '2026-06-02 05:45:01.310', 'approved', 'https://drive.google.com/file/d/cv_119/view', 'Sangat termotivasi untuk mengasah keahlian di bidang ini dan berkolaborasi secara produktif.', '081251137680', NULL),
  (119, 24, '2026-06-02 05:45:01.310', 'approved', 'https://drive.google.com/file/d/cv_119/view', 'Sangat termotivasi untuk mengasah keahlian di bidang ini dan berkolaborasi secara produktif.', '081245578146', NULL),
  (120, 21, '2026-06-02 05:45:01.310', 'approved', 'https://drive.google.com/file/d/cv_120/view', 'Sangat termotivasi untuk mengasah keahlian di bidang ini dan berkolaborasi secara produktif.', '081250317761', NULL),
  (120, 22, '2026-06-02 05:45:01.310', 'approved', 'https://drive.google.com/file/d/cv_120/view', 'Sangat termotivasi untuk mengasah keahlian di bidang ini dan berkolaborasi secara produktif.', '081279064956', NULL),
  (121, 21, '2026-06-02 05:45:01.310', 'approved', 'https://drive.google.com/file/d/cv_121/view', 'Sangat termotivasi untuk mengasah keahlian di bidang ini dan berkolaborasi secara produktif.', '081241712249', NULL),
  (121, 24, '2026-06-02 05:45:01.310', 'approved', 'https://drive.google.com/file/d/cv_121/view', 'Sangat termotivasi untuk mengasah keahlian di bidang ini dan berkolaborasi secara produktif.', '081292180031', NULL),
  (122, 22, '2026-06-02 05:45:01.310', 'approved', 'https://drive.google.com/file/d/cv_122/view', 'Sangat termotivasi untuk mengasah keahlian di bidang ini dan berkolaborasi secara produktif.', '081235751839', NULL),
  (122, 24, '2026-06-02 05:45:01.310', 'approved', 'https://drive.google.com/file/d/cv_122/view', 'Sangat termotivasi untuk mengasah keahlian di bidang ini dan berkolaborasi secara produktif.', '081244043825', NULL),
  (123, 22, '2026-06-02 05:45:01.310', 'approved', 'https://drive.google.com/file/d/cv_123/view', 'Sangat termotivasi untuk mengasah keahlian di bidang ini dan berkolaborasi secara produktif.', '081298194461', NULL),
  (123, 23, '2026-06-02 05:45:01.310', 'approved', 'https://drive.google.com/file/d/cv_123/view', 'Sangat termotivasi untuk mengasah keahlian di bidang ini dan berkolaborasi secara produktif.', '081222854993', 27),
  (124, 22, '2026-06-02 05:45:01.310', 'approved', 'https://drive.google.com/file/d/cv_124/view', 'Sangat termotivasi untuk mengasah keahlian di bidang ini dan berkolaborasi secara produktif.', '081287568524', NULL),
  (124, 25, '2026-06-02 05:45:01.310', 'approved', 'https://drive.google.com/file/d/cv_124/view', 'Sangat termotivasi untuk mengasah keahlian di bidang ini dan berkolaborasi secara produktif.', '081249583780', NULL),
  (125, 22, '2026-06-02 05:45:01.310', 'approved', 'https://drive.google.com/file/d/cv_125/view', 'Sangat termotivasi untuk mengasah keahlian di bidang ini dan berkolaborasi secara produktif.', '081255544510', 21),
  (125, 23, '2026-06-02 05:45:01.310', 'approved', 'https://drive.google.com/file/d/cv_125/view', 'Sangat termotivasi untuk mengasah keahlian di bidang ini dan berkolaborasi secara produktif.', '081223319826', NULL),
  (126, 24, '2026-06-02 05:45:01.310', 'approved', 'https://drive.google.com/file/d/cv_126/view', 'Sangat termotivasi untuk mengasah keahlian di bidang ini dan berkolaborasi secara produktif.', '081273871298', NULL),
  (126, 25, '2026-06-02 05:45:01.310', 'approved', 'https://drive.google.com/file/d/cv_126/view', 'Sangat termotivasi untuk mengasah keahlian di bidang ini dan berkolaborasi secara produktif.', '081271976495', NULL),
  (127, 21, '2026-06-02 05:45:01.310', 'approved', 'https://drive.google.com/file/d/cv_127/view', 'Sangat termotivasi untuk mengasah keahlian di bidang ini dan berkolaborasi secara produktif.', '081231250561', NULL),
  (127, 24, '2026-06-02 05:45:01.310', 'approved', 'https://drive.google.com/file/d/cv_127/view', 'Sangat termotivasi untuk mengasah keahlian di bidang ini dan berkolaborasi secara produktif.', '081240764023', NULL);

-- Seeding table: hosted_event_settings
INSERT INTO "hosted_event_settings" ("competition_id", "banner_url", "accent_color", "custom_domain", "announcement_text", "created_at") VALUES
  (21, 'https://images.unsplash.com/photo-1540575467063-178a50c2df87?w=1200&auto=format&fit=crop&q=80', '#6C63FF', 'www.indonesia-2026.id', 'Pendaftaran gelombang utama ditutup dalam waktu dekat! Akses portal untuk merancang formulir pendaftaran khusus kelompok.', '2026-06-02 05:45:01.310'),
  (22, 'https://images.unsplash.com/photo-1540575467063-178a50c2df87?w=1200&auto=format&fit=crop&q=80', '#6C63FF', 'www.national-2026.id', 'Pendaftaran gelombang utama ditutup dalam waktu dekat! Akses portal untuk merancang formulir pendaftaran khusus kelompok.', '2026-06-02 05:45:01.310'),
  (23, 'https://images.unsplash.com/photo-1540575467063-178a50c2df87?w=1200&auto=format&fit=crop&q=80', '#6C63FF', 'www.sustainable-2026.id', 'Pendaftaran gelombang utama ditutup dalam waktu dekat! Akses portal untuk merancang formulir pendaftaran khusus kelompok.', '2026-06-02 05:45:01.310'),
  (24, 'https://images.unsplash.com/photo-1540575467063-178a50c2df87?w=1200&auto=format&fit=crop&q=80', '#6C63FF', 'www.red-2026.id', 'Pendaftaran gelombang utama ditutup dalam waktu dekat! Akses portal untuk merancang formulir pendaftaran khusus kelompok.', '2026-06-02 05:45:01.310'),
  (25, 'https://images.unsplash.com/photo-1540575467063-178a50c2df87?w=1200&auto=format&fit=crop&q=80', '#6C63FF', 'www.ksatria-2026.id', 'Pendaftaran gelombang utama ditutup dalam waktu dekat! Akses portal untuk merancang formulir pendaftaran khusus kelompok.', '2026-06-02 05:45:01.310');

-- Seeding table: custom_registration_fields
INSERT INTO "custom_registration_fields" ("id", "competition_id", "field_name", "field_type", "required", "options", "created_at") VALUES
  (1, 21, 'Tautan CV / Portfolio Kelompok (Drive)', 'file', true, NULL, '2026-06-02 05:45:01.310'),
  (2, 21, 'Tautan URL Repositori GitHub / Figma File', 'text', true, NULL, '2026-06-02 05:45:01.310'),
  (3, 21, 'Motivasi Utama & Strategi Tim', 'textarea', false, NULL, '2026-06-02 05:45:01.310'),
  (4, 22, 'Tautan CV / Portfolio Kelompok (Drive)', 'file', true, NULL, '2026-06-02 05:45:01.310'),
  (5, 22, 'Tautan URL Repositori GitHub / Figma File', 'text', true, NULL, '2026-06-02 05:45:01.310'),
  (6, 22, 'Motivasi Utama & Strategi Tim', 'textarea', false, NULL, '2026-06-02 05:45:01.310'),
  (7, 23, 'Tautan CV / Portfolio Kelompok (Drive)', 'file', true, NULL, '2026-06-02 05:45:01.310'),
  (8, 23, 'Tautan URL Repositori GitHub / Figma File', 'text', true, NULL, '2026-06-02 05:45:01.310'),
  (9, 23, 'Motivasi Utama & Strategi Tim', 'textarea', false, NULL, '2026-06-02 05:45:01.310'),
  (10, 24, 'Tautan CV / Portfolio Kelompok (Drive)', 'file', true, NULL, '2026-06-02 05:45:01.310'),
  (11, 24, 'Tautan URL Repositori GitHub / Figma File', 'text', true, NULL, '2026-06-02 05:45:01.310'),
  (12, 24, 'Motivasi Utama & Strategi Tim', 'textarea', false, NULL, '2026-06-02 05:45:01.310'),
  (13, 25, 'Tautan CV / Portfolio Kelompok (Drive)', 'file', true, NULL, '2026-06-02 05:45:01.310'),
  (14, 25, 'Tautan URL Repositori GitHub / Figma File', 'text', true, NULL, '2026-06-02 05:45:01.310'),
  (15, 25, 'Motivasi Utama & Strategi Tim', 'textarea', false, NULL, '2026-06-02 05:45:01.310');

ALTER SEQUENCE "custom_registration_fields_id_seq" RESTART WITH 16;

-- Seeding table: custom_registration_responses
INSERT INTO "custom_registration_responses" ("user_id", "competition_id", "field_id", "response_value") VALUES
  (1, 21, 1, 'https://drive.google.com/file/d/cv_portfolio_seed_1/view'),
  (1, 21, 2, 'https://github.com/project_seed_repo_1'),
  (1, 21, 3, 'Ingin memberikan solusi komprehensif bagi kelestarian nasional dengan tim hebat saya.'),
  (1, 24, 10, 'https://drive.google.com/file/d/cv_portfolio_seed_1/view'),
  (1, 24, 11, 'https://github.com/project_seed_repo_1'),
  (1, 24, 12, 'Ingin memberikan solusi komprehensif bagi kelestarian nasional dengan tim hebat saya.'),
  (2, 22, 4, 'https://drive.google.com/file/d/cv_portfolio_seed_2/view'),
  (2, 22, 5, 'https://github.com/project_seed_repo_2'),
  (2, 22, 6, 'Ingin memberikan solusi komprehensif bagi kelestarian nasional dengan tim hebat saya.'),
  (2, 24, 10, 'https://drive.google.com/file/d/cv_portfolio_seed_2/view'),
  (2, 24, 11, 'https://github.com/project_seed_repo_2'),
  (2, 24, 12, 'Ingin memberikan solusi komprehensif bagi kelestarian nasional dengan tim hebat saya.'),
  (3, 21, 1, 'https://drive.google.com/file/d/cv_portfolio_seed_3/view'),
  (3, 21, 2, 'https://github.com/project_seed_repo_3'),
  (3, 21, 3, 'Ingin memberikan solusi komprehensif bagi kelestarian nasional dengan tim hebat saya.'),
  (3, 24, 10, 'https://drive.google.com/file/d/cv_portfolio_seed_3/view'),
  (3, 24, 11, 'https://github.com/project_seed_repo_3'),
  (3, 24, 12, 'Ingin memberikan solusi komprehensif bagi kelestarian nasional dengan tim hebat saya.'),
  (4, 21, 1, 'https://drive.google.com/file/d/cv_portfolio_seed_4/view'),
  (4, 21, 2, 'https://github.com/project_seed_repo_4'),
  (4, 21, 3, 'Ingin memberikan solusi komprehensif bagi kelestarian nasional dengan tim hebat saya.'),
  (4, 25, 13, 'https://drive.google.com/file/d/cv_portfolio_seed_4/view'),
  (4, 25, 14, 'https://github.com/project_seed_repo_4'),
  (4, 25, 15, 'Ingin memberikan solusi komprehensif bagi kelestarian nasional dengan tim hebat saya.'),
  (5, 21, 1, 'https://drive.google.com/file/d/cv_portfolio_seed_5/view'),
  (5, 21, 2, 'https://github.com/project_seed_repo_5'),
  (5, 21, 3, 'Ingin memberikan solusi komprehensif bagi kelestarian nasional dengan tim hebat saya.'),
  (5, 25, 13, 'https://drive.google.com/file/d/cv_portfolio_seed_5/view'),
  (5, 25, 14, 'https://github.com/project_seed_repo_5'),
  (5, 25, 15, 'Ingin memberikan solusi komprehensif bagi kelestarian nasional dengan tim hebat saya.'),
  (6, 23, 7, 'https://drive.google.com/file/d/cv_portfolio_seed_6/view'),
  (6, 23, 8, 'https://github.com/project_seed_repo_6'),
  (6, 23, 9, 'Ingin memberikan solusi komprehensif bagi kelestarian nasional dengan tim hebat saya.'),
  (6, 24, 10, 'https://drive.google.com/file/d/cv_portfolio_seed_6/view'),
  (6, 24, 11, 'https://github.com/project_seed_repo_6'),
  (6, 24, 12, 'Ingin memberikan solusi komprehensif bagi kelestarian nasional dengan tim hebat saya.'),
  (7, 22, 4, 'https://drive.google.com/file/d/cv_portfolio_seed_7/view'),
  (7, 22, 5, 'https://github.com/project_seed_repo_7'),
  (7, 22, 6, 'Ingin memberikan solusi komprehensif bagi kelestarian nasional dengan tim hebat saya.'),
  (7, 24, 10, 'https://drive.google.com/file/d/cv_portfolio_seed_7/view'),
  (7, 24, 11, 'https://github.com/project_seed_repo_7'),
  (7, 24, 12, 'Ingin memberikan solusi komprehensif bagi kelestarian nasional dengan tim hebat saya.'),
  (8, 24, 10, 'https://drive.google.com/file/d/cv_portfolio_seed_8/view'),
  (8, 24, 11, 'https://github.com/project_seed_repo_8'),
  (8, 24, 12, 'Ingin memberikan solusi komprehensif bagi kelestarian nasional dengan tim hebat saya.'),
  (8, 25, 13, 'https://drive.google.com/file/d/cv_portfolio_seed_8/view'),
  (8, 25, 14, 'https://github.com/project_seed_repo_8'),
  (8, 25, 15, 'Ingin memberikan solusi komprehensif bagi kelestarian nasional dengan tim hebat saya.'),
  (9, 23, 7, 'https://drive.google.com/file/d/cv_portfolio_seed_9/view'),
  (9, 23, 8, 'https://github.com/project_seed_repo_9'),
  (9, 23, 9, 'Ingin memberikan solusi komprehensif bagi kelestarian nasional dengan tim hebat saya.'),
  (9, 25, 13, 'https://drive.google.com/file/d/cv_portfolio_seed_9/view'),
  (9, 25, 14, 'https://github.com/project_seed_repo_9'),
  (9, 25, 15, 'Ingin memberikan solusi komprehensif bagi kelestarian nasional dengan tim hebat saya.'),
  (10, 22, 4, 'https://drive.google.com/file/d/cv_portfolio_seed_10/view'),
  (10, 22, 5, 'https://github.com/project_seed_repo_10'),
  (10, 22, 6, 'Ingin memberikan solusi komprehensif bagi kelestarian nasional dengan tim hebat saya.'),
  (10, 23, 7, 'https://drive.google.com/file/d/cv_portfolio_seed_10/view'),
  (10, 23, 8, 'https://github.com/project_seed_repo_10'),
  (10, 23, 9, 'Ingin memberikan solusi komprehensif bagi kelestarian nasional dengan tim hebat saya.'),
  (11, 23, 7, 'https://drive.google.com/file/d/cv_portfolio_seed_11/view'),
  (11, 23, 8, 'https://github.com/project_seed_repo_11'),
  (11, 23, 9, 'Ingin memberikan solusi komprehensif bagi kelestarian nasional dengan tim hebat saya.'),
  (11, 24, 10, 'https://drive.google.com/file/d/cv_portfolio_seed_11/view'),
  (11, 24, 11, 'https://github.com/project_seed_repo_11'),
  (11, 24, 12, 'Ingin memberikan solusi komprehensif bagi kelestarian nasional dengan tim hebat saya.'),
  (12, 23, 7, 'https://drive.google.com/file/d/cv_portfolio_seed_12/view'),
  (12, 23, 8, 'https://github.com/project_seed_repo_12'),
  (12, 23, 9, 'Ingin memberikan solusi komprehensif bagi kelestarian nasional dengan tim hebat saya.'),
  (12, 25, 13, 'https://drive.google.com/file/d/cv_portfolio_seed_12/view'),
  (12, 25, 14, 'https://github.com/project_seed_repo_12'),
  (12, 25, 15, 'Ingin memberikan solusi komprehensif bagi kelestarian nasional dengan tim hebat saya.'),
  (13, 23, 7, 'https://drive.google.com/file/d/cv_portfolio_seed_13/view'),
  (13, 23, 8, 'https://github.com/project_seed_repo_13'),
  (13, 23, 9, 'Ingin memberikan solusi komprehensif bagi kelestarian nasional dengan tim hebat saya.'),
  (13, 24, 10, 'https://drive.google.com/file/d/cv_portfolio_seed_13/view'),
  (13, 24, 11, 'https://github.com/project_seed_repo_13'),
  (13, 24, 12, 'Ingin memberikan solusi komprehensif bagi kelestarian nasional dengan tim hebat saya.'),
  (14, 23, 7, 'https://drive.google.com/file/d/cv_portfolio_seed_14/view'),
  (14, 23, 8, 'https://github.com/project_seed_repo_14'),
  (14, 23, 9, 'Ingin memberikan solusi komprehensif bagi kelestarian nasional dengan tim hebat saya.'),
  (14, 25, 13, 'https://drive.google.com/file/d/cv_portfolio_seed_14/view'),
  (14, 25, 14, 'https://github.com/project_seed_repo_14'),
  (14, 25, 15, 'Ingin memberikan solusi komprehensif bagi kelestarian nasional dengan tim hebat saya.'),
  (15, 21, 1, 'https://drive.google.com/file/d/cv_portfolio_seed_15/view'),
  (15, 21, 2, 'https://github.com/project_seed_repo_15'),
  (15, 21, 3, 'Ingin memberikan solusi komprehensif bagi kelestarian nasional dengan tim hebat saya.'),
  (15, 25, 13, 'https://drive.google.com/file/d/cv_portfolio_seed_15/view'),
  (15, 25, 14, 'https://github.com/project_seed_repo_15'),
  (15, 25, 15, 'Ingin memberikan solusi komprehensif bagi kelestarian nasional dengan tim hebat saya.'),
  (16, 21, 1, 'https://drive.google.com/file/d/cv_portfolio_seed_16/view'),
  (16, 21, 2, 'https://github.com/project_seed_repo_16'),
  (16, 21, 3, 'Ingin memberikan solusi komprehensif bagi kelestarian nasional dengan tim hebat saya.'),
  (16, 25, 13, 'https://drive.google.com/file/d/cv_portfolio_seed_16/view'),
  (16, 25, 14, 'https://github.com/project_seed_repo_16'),
  (16, 25, 15, 'Ingin memberikan solusi komprehensif bagi kelestarian nasional dengan tim hebat saya.'),
  (17, 21, 1, 'https://drive.google.com/file/d/cv_portfolio_seed_17/view'),
  (17, 21, 2, 'https://github.com/project_seed_repo_17'),
  (17, 21, 3, 'Ingin memberikan solusi komprehensif bagi kelestarian nasional dengan tim hebat saya.'),
  (17, 25, 13, 'https://drive.google.com/file/d/cv_portfolio_seed_17/view'),
  (17, 25, 14, 'https://github.com/project_seed_repo_17'),
  (17, 25, 15, 'Ingin memberikan solusi komprehensif bagi kelestarian nasional dengan tim hebat saya.'),
  (18, 23, 7, 'https://drive.google.com/file/d/cv_portfolio_seed_18/view'),
  (18, 23, 8, 'https://github.com/project_seed_repo_18'),
  (18, 23, 9, 'Ingin memberikan solusi komprehensif bagi kelestarian nasional dengan tim hebat saya.'),
  (18, 24, 10, 'https://drive.google.com/file/d/cv_portfolio_seed_18/view'),
  (18, 24, 11, 'https://github.com/project_seed_repo_18'),
  (18, 24, 12, 'Ingin memberikan solusi komprehensif bagi kelestarian nasional dengan tim hebat saya.'),
  (19, 21, 1, 'https://drive.google.com/file/d/cv_portfolio_seed_19/view'),
  (19, 21, 2, 'https://github.com/project_seed_repo_19'),
  (19, 21, 3, 'Ingin memberikan solusi komprehensif bagi kelestarian nasional dengan tim hebat saya.'),
  (19, 24, 10, 'https://drive.google.com/file/d/cv_portfolio_seed_19/view'),
  (19, 24, 11, 'https://github.com/project_seed_repo_19'),
  (19, 24, 12, 'Ingin memberikan solusi komprehensif bagi kelestarian nasional dengan tim hebat saya.'),
  (20, 22, 4, 'https://drive.google.com/file/d/cv_portfolio_seed_20/view'),
  (20, 22, 5, 'https://github.com/project_seed_repo_20'),
  (20, 22, 6, 'Ingin memberikan solusi komprehensif bagi kelestarian nasional dengan tim hebat saya.'),
  (20, 25, 13, 'https://drive.google.com/file/d/cv_portfolio_seed_20/view'),
  (20, 25, 14, 'https://github.com/project_seed_repo_20'),
  (20, 25, 15, 'Ingin memberikan solusi komprehensif bagi kelestarian nasional dengan tim hebat saya.'),
  (21, 22, 4, 'https://drive.google.com/file/d/cv_portfolio_seed_21/view'),
  (21, 22, 5, 'https://github.com/project_seed_repo_21'),
  (21, 22, 6, 'Ingin memberikan solusi komprehensif bagi kelestarian nasional dengan tim hebat saya.'),
  (21, 24, 10, 'https://drive.google.com/file/d/cv_portfolio_seed_21/view'),
  (21, 24, 11, 'https://github.com/project_seed_repo_21'),
  (21, 24, 12, 'Ingin memberikan solusi komprehensif bagi kelestarian nasional dengan tim hebat saya.'),
  (22, 23, 7, 'https://drive.google.com/file/d/cv_portfolio_seed_22/view'),
  (22, 23, 8, 'https://github.com/project_seed_repo_22'),
  (22, 23, 9, 'Ingin memberikan solusi komprehensif bagi kelestarian nasional dengan tim hebat saya.'),
  (22, 25, 13, 'https://drive.google.com/file/d/cv_portfolio_seed_22/view'),
  (22, 25, 14, 'https://github.com/project_seed_repo_22'),
  (22, 25, 15, 'Ingin memberikan solusi komprehensif bagi kelestarian nasional dengan tim hebat saya.'),
  (23, 23, 7, 'https://drive.google.com/file/d/cv_portfolio_seed_23/view'),
  (23, 23, 8, 'https://github.com/project_seed_repo_23'),
  (23, 23, 9, 'Ingin memberikan solusi komprehensif bagi kelestarian nasional dengan tim hebat saya.'),
  (23, 25, 13, 'https://drive.google.com/file/d/cv_portfolio_seed_23/view'),
  (23, 25, 14, 'https://github.com/project_seed_repo_23'),
  (23, 25, 15, 'Ingin memberikan solusi komprehensif bagi kelestarian nasional dengan tim hebat saya.'),
  (24, 24, 10, 'https://drive.google.com/file/d/cv_portfolio_seed_24/view'),
  (24, 24, 11, 'https://github.com/project_seed_repo_24'),
  (24, 24, 12, 'Ingin memberikan solusi komprehensif bagi kelestarian nasional dengan tim hebat saya.'),
  (24, 25, 13, 'https://drive.google.com/file/d/cv_portfolio_seed_24/view'),
  (24, 25, 14, 'https://github.com/project_seed_repo_24'),
  (24, 25, 15, 'Ingin memberikan solusi komprehensif bagi kelestarian nasional dengan tim hebat saya.'),
  (33, 21, 1, 'https://drive.google.com/file/d/cv_portfolio_seed_33/view'),
  (33, 21, 2, 'https://github.com/project_seed_repo_33'),
  (33, 21, 3, 'Ingin memberikan solusi komprehensif bagi kelestarian nasional dengan tim hebat saya.'),
  (33, 25, 13, 'https://drive.google.com/file/d/cv_portfolio_seed_33/view'),
  (33, 25, 14, 'https://github.com/project_seed_repo_33'),
  (33, 25, 15, 'Ingin memberikan solusi komprehensif bagi kelestarian nasional dengan tim hebat saya.'),
  (34, 21, 1, 'https://drive.google.com/file/d/cv_portfolio_seed_34/view'),
  (34, 21, 2, 'https://github.com/project_seed_repo_34'),
  (34, 21, 3, 'Ingin memberikan solusi komprehensif bagi kelestarian nasional dengan tim hebat saya.'),
  (34, 25, 13, 'https://drive.google.com/file/d/cv_portfolio_seed_34/view'),
  (34, 25, 14, 'https://github.com/project_seed_repo_34'),
  (34, 25, 15, 'Ingin memberikan solusi komprehensif bagi kelestarian nasional dengan tim hebat saya.'),
  (35, 22, 4, 'https://drive.google.com/file/d/cv_portfolio_seed_35/view'),
  (35, 22, 5, 'https://github.com/project_seed_repo_35'),
  (35, 22, 6, 'Ingin memberikan solusi komprehensif bagi kelestarian nasional dengan tim hebat saya.'),
  (35, 24, 10, 'https://drive.google.com/file/d/cv_portfolio_seed_35/view'),
  (35, 24, 11, 'https://github.com/project_seed_repo_35'),
  (35, 24, 12, 'Ingin memberikan solusi komprehensif bagi kelestarian nasional dengan tim hebat saya.'),
  (51, 22, 4, 'https://drive.google.com/file/d/cv_portfolio_seed_51/view'),
  (51, 22, 5, 'https://github.com/project_seed_repo_51'),
  (51, 22, 6, 'Ingin memberikan solusi komprehensif bagi kelestarian nasional dengan tim hebat saya.'),
  (51, 25, 13, 'https://drive.google.com/file/d/cv_portfolio_seed_51/view'),
  (51, 25, 14, 'https://github.com/project_seed_repo_51'),
  (51, 25, 15, 'Ingin memberikan solusi komprehensif bagi kelestarian nasional dengan tim hebat saya.'),
  (53, 21, 1, 'https://drive.google.com/file/d/cv_portfolio_seed_53/view'),
  (53, 21, 2, 'https://github.com/project_seed_repo_53'),
  (53, 21, 3, 'Ingin memberikan solusi komprehensif bagi kelestarian nasional dengan tim hebat saya.'),
  (53, 25, 13, 'https://drive.google.com/file/d/cv_portfolio_seed_53/view'),
  (53, 25, 14, 'https://github.com/project_seed_repo_53'),
  (53, 25, 15, 'Ingin memberikan solusi komprehensif bagi kelestarian nasional dengan tim hebat saya.'),
  (55, 21, 1, 'https://drive.google.com/file/d/cv_portfolio_seed_55/view'),
  (55, 21, 2, 'https://github.com/project_seed_repo_55'),
  (55, 21, 3, 'Ingin memberikan solusi komprehensif bagi kelestarian nasional dengan tim hebat saya.'),
  (55, 23, 7, 'https://drive.google.com/file/d/cv_portfolio_seed_55/view'),
  (55, 23, 8, 'https://github.com/project_seed_repo_55'),
  (55, 23, 9, 'Ingin memberikan solusi komprehensif bagi kelestarian nasional dengan tim hebat saya.'),
  (57, 23, 7, 'https://drive.google.com/file/d/cv_portfolio_seed_57/view'),
  (57, 23, 8, 'https://github.com/project_seed_repo_57'),
  (57, 23, 9, 'Ingin memberikan solusi komprehensif bagi kelestarian nasional dengan tim hebat saya.'),
  (57, 24, 10, 'https://drive.google.com/file/d/cv_portfolio_seed_57/view'),
  (57, 24, 11, 'https://github.com/project_seed_repo_57'),
  (57, 24, 12, 'Ingin memberikan solusi komprehensif bagi kelestarian nasional dengan tim hebat saya.'),
  (59, 24, 10, 'https://drive.google.com/file/d/cv_portfolio_seed_59/view'),
  (59, 24, 11, 'https://github.com/project_seed_repo_59'),
  (59, 24, 12, 'Ingin memberikan solusi komprehensif bagi kelestarian nasional dengan tim hebat saya.'),
  (59, 25, 13, 'https://drive.google.com/file/d/cv_portfolio_seed_59/view'),
  (59, 25, 14, 'https://github.com/project_seed_repo_59'),
  (59, 25, 15, 'Ingin memberikan solusi komprehensif bagi kelestarian nasional dengan tim hebat saya.'),
  (60, 21, 1, 'https://drive.google.com/file/d/cv_portfolio_seed_60/view'),
  (60, 21, 2, 'https://github.com/project_seed_repo_60'),
  (60, 21, 3, 'Ingin memberikan solusi komprehensif bagi kelestarian nasional dengan tim hebat saya.'),
  (60, 23, 7, 'https://drive.google.com/file/d/cv_portfolio_seed_60/view'),
  (60, 23, 8, 'https://github.com/project_seed_repo_60'),
  (60, 23, 9, 'Ingin memberikan solusi komprehensif bagi kelestarian nasional dengan tim hebat saya.'),
  (61, 21, 1, 'https://drive.google.com/file/d/cv_portfolio_seed_61/view'),
  (61, 21, 2, 'https://github.com/project_seed_repo_61'),
  (61, 21, 3, 'Ingin memberikan solusi komprehensif bagi kelestarian nasional dengan tim hebat saya.'),
  (61, 23, 7, 'https://drive.google.com/file/d/cv_portfolio_seed_61/view'),
  (61, 23, 8, 'https://github.com/project_seed_repo_61'),
  (61, 23, 9, 'Ingin memberikan solusi komprehensif bagi kelestarian nasional dengan tim hebat saya.'),
  (62, 22, 4, 'https://drive.google.com/file/d/cv_portfolio_seed_62/view'),
  (62, 22, 5, 'https://github.com/project_seed_repo_62'),
  (62, 22, 6, 'Ingin memberikan solusi komprehensif bagi kelestarian nasional dengan tim hebat saya.'),
  (62, 24, 10, 'https://drive.google.com/file/d/cv_portfolio_seed_62/view'),
  (62, 24, 11, 'https://github.com/project_seed_repo_62'),
  (62, 24, 12, 'Ingin memberikan solusi komprehensif bagi kelestarian nasional dengan tim hebat saya.'),
  (63, 24, 10, 'https://drive.google.com/file/d/cv_portfolio_seed_63/view'),
  (63, 24, 11, 'https://github.com/project_seed_repo_63'),
  (63, 24, 12, 'Ingin memberikan solusi komprehensif bagi kelestarian nasional dengan tim hebat saya.'),
  (63, 25, 13, 'https://drive.google.com/file/d/cv_portfolio_seed_63/view'),
  (63, 25, 14, 'https://github.com/project_seed_repo_63'),
  (63, 25, 15, 'Ingin memberikan solusi komprehensif bagi kelestarian nasional dengan tim hebat saya.'),
  (64, 21, 1, 'https://drive.google.com/file/d/cv_portfolio_seed_64/view'),
  (64, 21, 2, 'https://github.com/project_seed_repo_64'),
  (64, 21, 3, 'Ingin memberikan solusi komprehensif bagi kelestarian nasional dengan tim hebat saya.'),
  (64, 25, 13, 'https://drive.google.com/file/d/cv_portfolio_seed_64/view'),
  (64, 25, 14, 'https://github.com/project_seed_repo_64'),
  (64, 25, 15, 'Ingin memberikan solusi komprehensif bagi kelestarian nasional dengan tim hebat saya.'),
  (65, 21, 1, 'https://drive.google.com/file/d/cv_portfolio_seed_65/view'),
  (65, 21, 2, 'https://github.com/project_seed_repo_65'),
  (65, 21, 3, 'Ingin memberikan solusi komprehensif bagi kelestarian nasional dengan tim hebat saya.'),
  (65, 25, 13, 'https://drive.google.com/file/d/cv_portfolio_seed_65/view'),
  (65, 25, 14, 'https://github.com/project_seed_repo_65'),
  (65, 25, 15, 'Ingin memberikan solusi komprehensif bagi kelestarian nasional dengan tim hebat saya.'),
  (66, 22, 4, 'https://drive.google.com/file/d/cv_portfolio_seed_66/view'),
  (66, 22, 5, 'https://github.com/project_seed_repo_66'),
  (66, 22, 6, 'Ingin memberikan solusi komprehensif bagi kelestarian nasional dengan tim hebat saya.'),
  (66, 23, 7, 'https://drive.google.com/file/d/cv_portfolio_seed_66/view'),
  (66, 23, 8, 'https://github.com/project_seed_repo_66'),
  (66, 23, 9, 'Ingin memberikan solusi komprehensif bagi kelestarian nasional dengan tim hebat saya.'),
  (67, 22, 4, 'https://drive.google.com/file/d/cv_portfolio_seed_67/view'),
  (67, 22, 5, 'https://github.com/project_seed_repo_67'),
  (67, 22, 6, 'Ingin memberikan solusi komprehensif bagi kelestarian nasional dengan tim hebat saya.'),
  (67, 23, 7, 'https://drive.google.com/file/d/cv_portfolio_seed_67/view'),
  (67, 23, 8, 'https://github.com/project_seed_repo_67'),
  (67, 23, 9, 'Ingin memberikan solusi komprehensif bagi kelestarian nasional dengan tim hebat saya.'),
  (68, 23, 7, 'https://drive.google.com/file/d/cv_portfolio_seed_68/view'),
  (68, 23, 8, 'https://github.com/project_seed_repo_68'),
  (68, 23, 9, 'Ingin memberikan solusi komprehensif bagi kelestarian nasional dengan tim hebat saya.'),
  (68, 24, 10, 'https://drive.google.com/file/d/cv_portfolio_seed_68/view'),
  (68, 24, 11, 'https://github.com/project_seed_repo_68'),
  (68, 24, 12, 'Ingin memberikan solusi komprehensif bagi kelestarian nasional dengan tim hebat saya.'),
  (69, 21, 1, 'https://drive.google.com/file/d/cv_portfolio_seed_69/view'),
  (69, 21, 2, 'https://github.com/project_seed_repo_69'),
  (69, 21, 3, 'Ingin memberikan solusi komprehensif bagi kelestarian nasional dengan tim hebat saya.'),
  (69, 23, 7, 'https://drive.google.com/file/d/cv_portfolio_seed_69/view'),
  (69, 23, 8, 'https://github.com/project_seed_repo_69'),
  (69, 23, 9, 'Ingin memberikan solusi komprehensif bagi kelestarian nasional dengan tim hebat saya.'),
  (70, 23, 7, 'https://drive.google.com/file/d/cv_portfolio_seed_70/view'),
  (70, 23, 8, 'https://github.com/project_seed_repo_70'),
  (70, 23, 9, 'Ingin memberikan solusi komprehensif bagi kelestarian nasional dengan tim hebat saya.'),
  (70, 25, 13, 'https://drive.google.com/file/d/cv_portfolio_seed_70/view'),
  (70, 25, 14, 'https://github.com/project_seed_repo_70'),
  (70, 25, 15, 'Ingin memberikan solusi komprehensif bagi kelestarian nasional dengan tim hebat saya.'),
  (71, 21, 1, 'https://drive.google.com/file/d/cv_portfolio_seed_71/view'),
  (71, 21, 2, 'https://github.com/project_seed_repo_71'),
  (71, 21, 3, 'Ingin memberikan solusi komprehensif bagi kelestarian nasional dengan tim hebat saya.'),
  (71, 24, 10, 'https://drive.google.com/file/d/cv_portfolio_seed_71/view'),
  (71, 24, 11, 'https://github.com/project_seed_repo_71'),
  (71, 24, 12, 'Ingin memberikan solusi komprehensif bagi kelestarian nasional dengan tim hebat saya.'),
  (72, 21, 1, 'https://drive.google.com/file/d/cv_portfolio_seed_72/view'),
  (72, 21, 2, 'https://github.com/project_seed_repo_72'),
  (72, 21, 3, 'Ingin memberikan solusi komprehensif bagi kelestarian nasional dengan tim hebat saya.'),
  (72, 24, 10, 'https://drive.google.com/file/d/cv_portfolio_seed_72/view'),
  (72, 24, 11, 'https://github.com/project_seed_repo_72'),
  (72, 24, 12, 'Ingin memberikan solusi komprehensif bagi kelestarian nasional dengan tim hebat saya.'),
  (73, 21, 1, 'https://drive.google.com/file/d/cv_portfolio_seed_73/view'),
  (73, 21, 2, 'https://github.com/project_seed_repo_73'),
  (73, 21, 3, 'Ingin memberikan solusi komprehensif bagi kelestarian nasional dengan tim hebat saya.'),
  (73, 23, 7, 'https://drive.google.com/file/d/cv_portfolio_seed_73/view'),
  (73, 23, 8, 'https://github.com/project_seed_repo_73'),
  (73, 23, 9, 'Ingin memberikan solusi komprehensif bagi kelestarian nasional dengan tim hebat saya.'),
  (74, 22, 4, 'https://drive.google.com/file/d/cv_portfolio_seed_74/view'),
  (74, 22, 5, 'https://github.com/project_seed_repo_74'),
  (74, 22, 6, 'Ingin memberikan solusi komprehensif bagi kelestarian nasional dengan tim hebat saya.'),
  (74, 23, 7, 'https://drive.google.com/file/d/cv_portfolio_seed_74/view'),
  (74, 23, 8, 'https://github.com/project_seed_repo_74'),
  (74, 23, 9, 'Ingin memberikan solusi komprehensif bagi kelestarian nasional dengan tim hebat saya.'),
  (75, 22, 4, 'https://drive.google.com/file/d/cv_portfolio_seed_75/view'),
  (75, 22, 5, 'https://github.com/project_seed_repo_75'),
  (75, 22, 6, 'Ingin memberikan solusi komprehensif bagi kelestarian nasional dengan tim hebat saya.'),
  (75, 24, 10, 'https://drive.google.com/file/d/cv_portfolio_seed_75/view'),
  (75, 24, 11, 'https://github.com/project_seed_repo_75'),
  (75, 24, 12, 'Ingin memberikan solusi komprehensif bagi kelestarian nasional dengan tim hebat saya.'),
  (76, 21, 1, 'https://drive.google.com/file/d/cv_portfolio_seed_76/view'),
  (76, 21, 2, 'https://github.com/project_seed_repo_76'),
  (76, 21, 3, 'Ingin memberikan solusi komprehensif bagi kelestarian nasional dengan tim hebat saya.'),
  (76, 22, 4, 'https://drive.google.com/file/d/cv_portfolio_seed_76/view'),
  (76, 22, 5, 'https://github.com/project_seed_repo_76'),
  (76, 22, 6, 'Ingin memberikan solusi komprehensif bagi kelestarian nasional dengan tim hebat saya.'),
  (77, 24, 10, 'https://drive.google.com/file/d/cv_portfolio_seed_77/view'),
  (77, 24, 11, 'https://github.com/project_seed_repo_77'),
  (77, 24, 12, 'Ingin memberikan solusi komprehensif bagi kelestarian nasional dengan tim hebat saya.'),
  (77, 25, 13, 'https://drive.google.com/file/d/cv_portfolio_seed_77/view'),
  (77, 25, 14, 'https://github.com/project_seed_repo_77'),
  (77, 25, 15, 'Ingin memberikan solusi komprehensif bagi kelestarian nasional dengan tim hebat saya.'),
  (78, 21, 1, 'https://drive.google.com/file/d/cv_portfolio_seed_78/view'),
  (78, 21, 2, 'https://github.com/project_seed_repo_78'),
  (78, 21, 3, 'Ingin memberikan solusi komprehensif bagi kelestarian nasional dengan tim hebat saya.'),
  (78, 25, 13, 'https://drive.google.com/file/d/cv_portfolio_seed_78/view'),
  (78, 25, 14, 'https://github.com/project_seed_repo_78'),
  (78, 25, 15, 'Ingin memberikan solusi komprehensif bagi kelestarian nasional dengan tim hebat saya.'),
  (79, 21, 1, 'https://drive.google.com/file/d/cv_portfolio_seed_79/view'),
  (79, 21, 2, 'https://github.com/project_seed_repo_79'),
  (79, 21, 3, 'Ingin memberikan solusi komprehensif bagi kelestarian nasional dengan tim hebat saya.'),
  (79, 22, 4, 'https://drive.google.com/file/d/cv_portfolio_seed_79/view'),
  (79, 22, 5, 'https://github.com/project_seed_repo_79'),
  (79, 22, 6, 'Ingin memberikan solusi komprehensif bagi kelestarian nasional dengan tim hebat saya.'),
  (80, 23, 7, 'https://drive.google.com/file/d/cv_portfolio_seed_80/view'),
  (80, 23, 8, 'https://github.com/project_seed_repo_80'),
  (80, 23, 9, 'Ingin memberikan solusi komprehensif bagi kelestarian nasional dengan tim hebat saya.'),
  (80, 25, 13, 'https://drive.google.com/file/d/cv_portfolio_seed_80/view'),
  (80, 25, 14, 'https://github.com/project_seed_repo_80'),
  (80, 25, 15, 'Ingin memberikan solusi komprehensif bagi kelestarian nasional dengan tim hebat saya.'),
  (81, 21, 1, 'https://drive.google.com/file/d/cv_portfolio_seed_81/view'),
  (81, 21, 2, 'https://github.com/project_seed_repo_81'),
  (81, 21, 3, 'Ingin memberikan solusi komprehensif bagi kelestarian nasional dengan tim hebat saya.'),
  (81, 23, 7, 'https://drive.google.com/file/d/cv_portfolio_seed_81/view'),
  (81, 23, 8, 'https://github.com/project_seed_repo_81'),
  (81, 23, 9, 'Ingin memberikan solusi komprehensif bagi kelestarian nasional dengan tim hebat saya.'),
  (82, 24, 10, 'https://drive.google.com/file/d/cv_portfolio_seed_82/view'),
  (82, 24, 11, 'https://github.com/project_seed_repo_82'),
  (82, 24, 12, 'Ingin memberikan solusi komprehensif bagi kelestarian nasional dengan tim hebat saya.'),
  (82, 25, 13, 'https://drive.google.com/file/d/cv_portfolio_seed_82/view'),
  (82, 25, 14, 'https://github.com/project_seed_repo_82'),
  (82, 25, 15, 'Ingin memberikan solusi komprehensif bagi kelestarian nasional dengan tim hebat saya.'),
  (83, 24, 10, 'https://drive.google.com/file/d/cv_portfolio_seed_83/view'),
  (83, 24, 11, 'https://github.com/project_seed_repo_83'),
  (83, 24, 12, 'Ingin memberikan solusi komprehensif bagi kelestarian nasional dengan tim hebat saya.'),
  (83, 25, 13, 'https://drive.google.com/file/d/cv_portfolio_seed_83/view'),
  (83, 25, 14, 'https://github.com/project_seed_repo_83'),
  (83, 25, 15, 'Ingin memberikan solusi komprehensif bagi kelestarian nasional dengan tim hebat saya.'),
  (84, 24, 10, 'https://drive.google.com/file/d/cv_portfolio_seed_84/view'),
  (84, 24, 11, 'https://github.com/project_seed_repo_84'),
  (84, 24, 12, 'Ingin memberikan solusi komprehensif bagi kelestarian nasional dengan tim hebat saya.'),
  (84, 25, 13, 'https://drive.google.com/file/d/cv_portfolio_seed_84/view'),
  (84, 25, 14, 'https://github.com/project_seed_repo_84'),
  (84, 25, 15, 'Ingin memberikan solusi komprehensif bagi kelestarian nasional dengan tim hebat saya.'),
  (85, 21, 1, 'https://drive.google.com/file/d/cv_portfolio_seed_85/view'),
  (85, 21, 2, 'https://github.com/project_seed_repo_85'),
  (85, 21, 3, 'Ingin memberikan solusi komprehensif bagi kelestarian nasional dengan tim hebat saya.'),
  (85, 25, 13, 'https://drive.google.com/file/d/cv_portfolio_seed_85/view'),
  (85, 25, 14, 'https://github.com/project_seed_repo_85'),
  (85, 25, 15, 'Ingin memberikan solusi komprehensif bagi kelestarian nasional dengan tim hebat saya.'),
  (86, 21, 1, 'https://drive.google.com/file/d/cv_portfolio_seed_86/view'),
  (86, 21, 2, 'https://github.com/project_seed_repo_86'),
  (86, 21, 3, 'Ingin memberikan solusi komprehensif bagi kelestarian nasional dengan tim hebat saya.'),
  (86, 25, 13, 'https://drive.google.com/file/d/cv_portfolio_seed_86/view'),
  (86, 25, 14, 'https://github.com/project_seed_repo_86'),
  (86, 25, 15, 'Ingin memberikan solusi komprehensif bagi kelestarian nasional dengan tim hebat saya.'),
  (87, 22, 4, 'https://drive.google.com/file/d/cv_portfolio_seed_87/view'),
  (87, 22, 5, 'https://github.com/project_seed_repo_87'),
  (87, 22, 6, 'Ingin memberikan solusi komprehensif bagi kelestarian nasional dengan tim hebat saya.'),
  (87, 24, 10, 'https://drive.google.com/file/d/cv_portfolio_seed_87/view'),
  (87, 24, 11, 'https://github.com/project_seed_repo_87'),
  (87, 24, 12, 'Ingin memberikan solusi komprehensif bagi kelestarian nasional dengan tim hebat saya.'),
  (88, 24, 10, 'https://drive.google.com/file/d/cv_portfolio_seed_88/view'),
  (88, 24, 11, 'https://github.com/project_seed_repo_88'),
  (88, 24, 12, 'Ingin memberikan solusi komprehensif bagi kelestarian nasional dengan tim hebat saya.'),
  (88, 25, 13, 'https://drive.google.com/file/d/cv_portfolio_seed_88/view'),
  (88, 25, 14, 'https://github.com/project_seed_repo_88'),
  (88, 25, 15, 'Ingin memberikan solusi komprehensif bagi kelestarian nasional dengan tim hebat saya.'),
  (89, 23, 7, 'https://drive.google.com/file/d/cv_portfolio_seed_89/view'),
  (89, 23, 8, 'https://github.com/project_seed_repo_89'),
  (89, 23, 9, 'Ingin memberikan solusi komprehensif bagi kelestarian nasional dengan tim hebat saya.'),
  (89, 25, 13, 'https://drive.google.com/file/d/cv_portfolio_seed_89/view'),
  (89, 25, 14, 'https://github.com/project_seed_repo_89'),
  (89, 25, 15, 'Ingin memberikan solusi komprehensif bagi kelestarian nasional dengan tim hebat saya.'),
  (90, 21, 1, 'https://drive.google.com/file/d/cv_portfolio_seed_90/view'),
  (90, 21, 2, 'https://github.com/project_seed_repo_90'),
  (90, 21, 3, 'Ingin memberikan solusi komprehensif bagi kelestarian nasional dengan tim hebat saya.'),
  (90, 24, 10, 'https://drive.google.com/file/d/cv_portfolio_seed_90/view'),
  (90, 24, 11, 'https://github.com/project_seed_repo_90'),
  (90, 24, 12, 'Ingin memberikan solusi komprehensif bagi kelestarian nasional dengan tim hebat saya.'),
  (91, 24, 10, 'https://drive.google.com/file/d/cv_portfolio_seed_91/view'),
  (91, 24, 11, 'https://github.com/project_seed_repo_91'),
  (91, 24, 12, 'Ingin memberikan solusi komprehensif bagi kelestarian nasional dengan tim hebat saya.'),
  (91, 25, 13, 'https://drive.google.com/file/d/cv_portfolio_seed_91/view'),
  (91, 25, 14, 'https://github.com/project_seed_repo_91'),
  (91, 25, 15, 'Ingin memberikan solusi komprehensif bagi kelestarian nasional dengan tim hebat saya.'),
  (92, 21, 1, 'https://drive.google.com/file/d/cv_portfolio_seed_92/view'),
  (92, 21, 2, 'https://github.com/project_seed_repo_92'),
  (92, 21, 3, 'Ingin memberikan solusi komprehensif bagi kelestarian nasional dengan tim hebat saya.'),
  (92, 24, 10, 'https://drive.google.com/file/d/cv_portfolio_seed_92/view'),
  (92, 24, 11, 'https://github.com/project_seed_repo_92'),
  (92, 24, 12, 'Ingin memberikan solusi komprehensif bagi kelestarian nasional dengan tim hebat saya.'),
  (93, 24, 10, 'https://drive.google.com/file/d/cv_portfolio_seed_93/view'),
  (93, 24, 11, 'https://github.com/project_seed_repo_93'),
  (93, 24, 12, 'Ingin memberikan solusi komprehensif bagi kelestarian nasional dengan tim hebat saya.'),
  (93, 25, 13, 'https://drive.google.com/file/d/cv_portfolio_seed_93/view'),
  (93, 25, 14, 'https://github.com/project_seed_repo_93'),
  (93, 25, 15, 'Ingin memberikan solusi komprehensif bagi kelestarian nasional dengan tim hebat saya.'),
  (94, 21, 1, 'https://drive.google.com/file/d/cv_portfolio_seed_94/view'),
  (94, 21, 2, 'https://github.com/project_seed_repo_94'),
  (94, 21, 3, 'Ingin memberikan solusi komprehensif bagi kelestarian nasional dengan tim hebat saya.'),
  (94, 22, 4, 'https://drive.google.com/file/d/cv_portfolio_seed_94/view'),
  (94, 22, 5, 'https://github.com/project_seed_repo_94'),
  (94, 22, 6, 'Ingin memberikan solusi komprehensif bagi kelestarian nasional dengan tim hebat saya.'),
  (95, 23, 7, 'https://drive.google.com/file/d/cv_portfolio_seed_95/view'),
  (95, 23, 8, 'https://github.com/project_seed_repo_95'),
  (95, 23, 9, 'Ingin memberikan solusi komprehensif bagi kelestarian nasional dengan tim hebat saya.'),
  (95, 25, 13, 'https://drive.google.com/file/d/cv_portfolio_seed_95/view'),
  (95, 25, 14, 'https://github.com/project_seed_repo_95'),
  (95, 25, 15, 'Ingin memberikan solusi komprehensif bagi kelestarian nasional dengan tim hebat saya.'),
  (96, 21, 1, 'https://drive.google.com/file/d/cv_portfolio_seed_96/view'),
  (96, 21, 2, 'https://github.com/project_seed_repo_96'),
  (96, 21, 3, 'Ingin memberikan solusi komprehensif bagi kelestarian nasional dengan tim hebat saya.'),
  (96, 24, 10, 'https://drive.google.com/file/d/cv_portfolio_seed_96/view'),
  (96, 24, 11, 'https://github.com/project_seed_repo_96'),
  (96, 24, 12, 'Ingin memberikan solusi komprehensif bagi kelestarian nasional dengan tim hebat saya.'),
  (97, 22, 4, 'https://drive.google.com/file/d/cv_portfolio_seed_97/view'),
  (97, 22, 5, 'https://github.com/project_seed_repo_97'),
  (97, 22, 6, 'Ingin memberikan solusi komprehensif bagi kelestarian nasional dengan tim hebat saya.'),
  (97, 24, 10, 'https://drive.google.com/file/d/cv_portfolio_seed_97/view'),
  (97, 24, 11, 'https://github.com/project_seed_repo_97'),
  (97, 24, 12, 'Ingin memberikan solusi komprehensif bagi kelestarian nasional dengan tim hebat saya.'),
  (98, 22, 4, 'https://drive.google.com/file/d/cv_portfolio_seed_98/view'),
  (98, 22, 5, 'https://github.com/project_seed_repo_98'),
  (98, 22, 6, 'Ingin memberikan solusi komprehensif bagi kelestarian nasional dengan tim hebat saya.'),
  (98, 24, 10, 'https://drive.google.com/file/d/cv_portfolio_seed_98/view'),
  (98, 24, 11, 'https://github.com/project_seed_repo_98'),
  (98, 24, 12, 'Ingin memberikan solusi komprehensif bagi kelestarian nasional dengan tim hebat saya.'),
  (99, 22, 4, 'https://drive.google.com/file/d/cv_portfolio_seed_99/view'),
  (99, 22, 5, 'https://github.com/project_seed_repo_99'),
  (99, 22, 6, 'Ingin memberikan solusi komprehensif bagi kelestarian nasional dengan tim hebat saya.'),
  (99, 23, 7, 'https://drive.google.com/file/d/cv_portfolio_seed_99/view'),
  (99, 23, 8, 'https://github.com/project_seed_repo_99'),
  (99, 23, 9, 'Ingin memberikan solusi komprehensif bagi kelestarian nasional dengan tim hebat saya.'),
  (100, 21, 1, 'https://drive.google.com/file/d/cv_portfolio_seed_100/view'),
  (100, 21, 2, 'https://github.com/project_seed_repo_100'),
  (100, 21, 3, 'Ingin memberikan solusi komprehensif bagi kelestarian nasional dengan tim hebat saya.'),
  (100, 25, 13, 'https://drive.google.com/file/d/cv_portfolio_seed_100/view'),
  (100, 25, 14, 'https://github.com/project_seed_repo_100'),
  (100, 25, 15, 'Ingin memberikan solusi komprehensif bagi kelestarian nasional dengan tim hebat saya.'),
  (101, 24, 10, 'https://drive.google.com/file/d/cv_portfolio_seed_101/view'),
  (101, 24, 11, 'https://github.com/project_seed_repo_101'),
  (101, 24, 12, 'Ingin memberikan solusi komprehensif bagi kelestarian nasional dengan tim hebat saya.'),
  (101, 25, 13, 'https://drive.google.com/file/d/cv_portfolio_seed_101/view'),
  (101, 25, 14, 'https://github.com/project_seed_repo_101'),
  (101, 25, 15, 'Ingin memberikan solusi komprehensif bagi kelestarian nasional dengan tim hebat saya.'),
  (102, 22, 4, 'https://drive.google.com/file/d/cv_portfolio_seed_102/view'),
  (102, 22, 5, 'https://github.com/project_seed_repo_102'),
  (102, 22, 6, 'Ingin memberikan solusi komprehensif bagi kelestarian nasional dengan tim hebat saya.'),
  (102, 24, 10, 'https://drive.google.com/file/d/cv_portfolio_seed_102/view'),
  (102, 24, 11, 'https://github.com/project_seed_repo_102'),
  (102, 24, 12, 'Ingin memberikan solusi komprehensif bagi kelestarian nasional dengan tim hebat saya.'),
  (103, 21, 1, 'https://drive.google.com/file/d/cv_portfolio_seed_103/view'),
  (103, 21, 2, 'https://github.com/project_seed_repo_103'),
  (103, 21, 3, 'Ingin memberikan solusi komprehensif bagi kelestarian nasional dengan tim hebat saya.'),
  (103, 23, 7, 'https://drive.google.com/file/d/cv_portfolio_seed_103/view'),
  (103, 23, 8, 'https://github.com/project_seed_repo_103'),
  (103, 23, 9, 'Ingin memberikan solusi komprehensif bagi kelestarian nasional dengan tim hebat saya.'),
  (104, 21, 1, 'https://drive.google.com/file/d/cv_portfolio_seed_104/view'),
  (104, 21, 2, 'https://github.com/project_seed_repo_104'),
  (104, 21, 3, 'Ingin memberikan solusi komprehensif bagi kelestarian nasional dengan tim hebat saya.'),
  (104, 23, 7, 'https://drive.google.com/file/d/cv_portfolio_seed_104/view'),
  (104, 23, 8, 'https://github.com/project_seed_repo_104'),
  (104, 23, 9, 'Ingin memberikan solusi komprehensif bagi kelestarian nasional dengan tim hebat saya.'),
  (105, 24, 10, 'https://drive.google.com/file/d/cv_portfolio_seed_105/view'),
  (105, 24, 11, 'https://github.com/project_seed_repo_105'),
  (105, 24, 12, 'Ingin memberikan solusi komprehensif bagi kelestarian nasional dengan tim hebat saya.'),
  (105, 25, 13, 'https://drive.google.com/file/d/cv_portfolio_seed_105/view'),
  (105, 25, 14, 'https://github.com/project_seed_repo_105'),
  (105, 25, 15, 'Ingin memberikan solusi komprehensif bagi kelestarian nasional dengan tim hebat saya.'),
  (106, 22, 4, 'https://drive.google.com/file/d/cv_portfolio_seed_106/view'),
  (106, 22, 5, 'https://github.com/project_seed_repo_106'),
  (106, 22, 6, 'Ingin memberikan solusi komprehensif bagi kelestarian nasional dengan tim hebat saya.'),
  (106, 23, 7, 'https://drive.google.com/file/d/cv_portfolio_seed_106/view'),
  (106, 23, 8, 'https://github.com/project_seed_repo_106'),
  (106, 23, 9, 'Ingin memberikan solusi komprehensif bagi kelestarian nasional dengan tim hebat saya.'),
  (107, 23, 7, 'https://drive.google.com/file/d/cv_portfolio_seed_107/view'),
  (107, 23, 8, 'https://github.com/project_seed_repo_107'),
  (107, 23, 9, 'Ingin memberikan solusi komprehensif bagi kelestarian nasional dengan tim hebat saya.'),
  (107, 25, 13, 'https://drive.google.com/file/d/cv_portfolio_seed_107/view'),
  (107, 25, 14, 'https://github.com/project_seed_repo_107'),
  (107, 25, 15, 'Ingin memberikan solusi komprehensif bagi kelestarian nasional dengan tim hebat saya.'),
  (108, 22, 4, 'https://drive.google.com/file/d/cv_portfolio_seed_108/view'),
  (108, 22, 5, 'https://github.com/project_seed_repo_108'),
  (108, 22, 6, 'Ingin memberikan solusi komprehensif bagi kelestarian nasional dengan tim hebat saya.'),
  (108, 24, 10, 'https://drive.google.com/file/d/cv_portfolio_seed_108/view'),
  (108, 24, 11, 'https://github.com/project_seed_repo_108'),
  (108, 24, 12, 'Ingin memberikan solusi komprehensif bagi kelestarian nasional dengan tim hebat saya.'),
  (109, 23, 7, 'https://drive.google.com/file/d/cv_portfolio_seed_109/view'),
  (109, 23, 8, 'https://github.com/project_seed_repo_109'),
  (109, 23, 9, 'Ingin memberikan solusi komprehensif bagi kelestarian nasional dengan tim hebat saya.'),
  (109, 24, 10, 'https://drive.google.com/file/d/cv_portfolio_seed_109/view'),
  (109, 24, 11, 'https://github.com/project_seed_repo_109'),
  (109, 24, 12, 'Ingin memberikan solusi komprehensif bagi kelestarian nasional dengan tim hebat saya.'),
  (110, 21, 1, 'https://drive.google.com/file/d/cv_portfolio_seed_110/view'),
  (110, 21, 2, 'https://github.com/project_seed_repo_110'),
  (110, 21, 3, 'Ingin memberikan solusi komprehensif bagi kelestarian nasional dengan tim hebat saya.'),
  (110, 23, 7, 'https://drive.google.com/file/d/cv_portfolio_seed_110/view'),
  (110, 23, 8, 'https://github.com/project_seed_repo_110'),
  (110, 23, 9, 'Ingin memberikan solusi komprehensif bagi kelestarian nasional dengan tim hebat saya.'),
  (111, 21, 1, 'https://drive.google.com/file/d/cv_portfolio_seed_111/view'),
  (111, 21, 2, 'https://github.com/project_seed_repo_111'),
  (111, 21, 3, 'Ingin memberikan solusi komprehensif bagi kelestarian nasional dengan tim hebat saya.'),
  (111, 23, 7, 'https://drive.google.com/file/d/cv_portfolio_seed_111/view'),
  (111, 23, 8, 'https://github.com/project_seed_repo_111'),
  (111, 23, 9, 'Ingin memberikan solusi komprehensif bagi kelestarian nasional dengan tim hebat saya.'),
  (112, 24, 10, 'https://drive.google.com/file/d/cv_portfolio_seed_112/view'),
  (112, 24, 11, 'https://github.com/project_seed_repo_112'),
  (112, 24, 12, 'Ingin memberikan solusi komprehensif bagi kelestarian nasional dengan tim hebat saya.'),
  (112, 25, 13, 'https://drive.google.com/file/d/cv_portfolio_seed_112/view'),
  (112, 25, 14, 'https://github.com/project_seed_repo_112'),
  (112, 25, 15, 'Ingin memberikan solusi komprehensif bagi kelestarian nasional dengan tim hebat saya.'),
  (113, 22, 4, 'https://drive.google.com/file/d/cv_portfolio_seed_113/view'),
  (113, 22, 5, 'https://github.com/project_seed_repo_113'),
  (113, 22, 6, 'Ingin memberikan solusi komprehensif bagi kelestarian nasional dengan tim hebat saya.'),
  (113, 25, 13, 'https://drive.google.com/file/d/cv_portfolio_seed_113/view'),
  (113, 25, 14, 'https://github.com/project_seed_repo_113'),
  (113, 25, 15, 'Ingin memberikan solusi komprehensif bagi kelestarian nasional dengan tim hebat saya.'),
  (114, 21, 1, 'https://drive.google.com/file/d/cv_portfolio_seed_114/view'),
  (114, 21, 2, 'https://github.com/project_seed_repo_114'),
  (114, 21, 3, 'Ingin memberikan solusi komprehensif bagi kelestarian nasional dengan tim hebat saya.'),
  (114, 23, 7, 'https://drive.google.com/file/d/cv_portfolio_seed_114/view'),
  (114, 23, 8, 'https://github.com/project_seed_repo_114'),
  (114, 23, 9, 'Ingin memberikan solusi komprehensif bagi kelestarian nasional dengan tim hebat saya.'),
  (115, 22, 4, 'https://drive.google.com/file/d/cv_portfolio_seed_115/view'),
  (115, 22, 5, 'https://github.com/project_seed_repo_115'),
  (115, 22, 6, 'Ingin memberikan solusi komprehensif bagi kelestarian nasional dengan tim hebat saya.'),
  (115, 25, 13, 'https://drive.google.com/file/d/cv_portfolio_seed_115/view'),
  (115, 25, 14, 'https://github.com/project_seed_repo_115'),
  (115, 25, 15, 'Ingin memberikan solusi komprehensif bagi kelestarian nasional dengan tim hebat saya.'),
  (116, 22, 4, 'https://drive.google.com/file/d/cv_portfolio_seed_116/view'),
  (116, 22, 5, 'https://github.com/project_seed_repo_116'),
  (116, 22, 6, 'Ingin memberikan solusi komprehensif bagi kelestarian nasional dengan tim hebat saya.'),
  (116, 24, 10, 'https://drive.google.com/file/d/cv_portfolio_seed_116/view'),
  (116, 24, 11, 'https://github.com/project_seed_repo_116'),
  (116, 24, 12, 'Ingin memberikan solusi komprehensif bagi kelestarian nasional dengan tim hebat saya.'),
  (117, 21, 1, 'https://drive.google.com/file/d/cv_portfolio_seed_117/view'),
  (117, 21, 2, 'https://github.com/project_seed_repo_117'),
  (117, 21, 3, 'Ingin memberikan solusi komprehensif bagi kelestarian nasional dengan tim hebat saya.'),
  (117, 22, 4, 'https://drive.google.com/file/d/cv_portfolio_seed_117/view'),
  (117, 22, 5, 'https://github.com/project_seed_repo_117'),
  (117, 22, 6, 'Ingin memberikan solusi komprehensif bagi kelestarian nasional dengan tim hebat saya.'),
  (118, 22, 4, 'https://drive.google.com/file/d/cv_portfolio_seed_118/view'),
  (118, 22, 5, 'https://github.com/project_seed_repo_118'),
  (118, 22, 6, 'Ingin memberikan solusi komprehensif bagi kelestarian nasional dengan tim hebat saya.'),
  (118, 23, 7, 'https://drive.google.com/file/d/cv_portfolio_seed_118/view'),
  (118, 23, 8, 'https://github.com/project_seed_repo_118'),
  (118, 23, 9, 'Ingin memberikan solusi komprehensif bagi kelestarian nasional dengan tim hebat saya.'),
  (119, 21, 1, 'https://drive.google.com/file/d/cv_portfolio_seed_119/view'),
  (119, 21, 2, 'https://github.com/project_seed_repo_119'),
  (119, 21, 3, 'Ingin memberikan solusi komprehensif bagi kelestarian nasional dengan tim hebat saya.'),
  (119, 24, 10, 'https://drive.google.com/file/d/cv_portfolio_seed_119/view'),
  (119, 24, 11, 'https://github.com/project_seed_repo_119'),
  (119, 24, 12, 'Ingin memberikan solusi komprehensif bagi kelestarian nasional dengan tim hebat saya.'),
  (120, 21, 1, 'https://drive.google.com/file/d/cv_portfolio_seed_120/view'),
  (120, 21, 2, 'https://github.com/project_seed_repo_120'),
  (120, 21, 3, 'Ingin memberikan solusi komprehensif bagi kelestarian nasional dengan tim hebat saya.'),
  (120, 22, 4, 'https://drive.google.com/file/d/cv_portfolio_seed_120/view'),
  (120, 22, 5, 'https://github.com/project_seed_repo_120'),
  (120, 22, 6, 'Ingin memberikan solusi komprehensif bagi kelestarian nasional dengan tim hebat saya.'),
  (121, 21, 1, 'https://drive.google.com/file/d/cv_portfolio_seed_121/view'),
  (121, 21, 2, 'https://github.com/project_seed_repo_121'),
  (121, 21, 3, 'Ingin memberikan solusi komprehensif bagi kelestarian nasional dengan tim hebat saya.'),
  (121, 24, 10, 'https://drive.google.com/file/d/cv_portfolio_seed_121/view'),
  (121, 24, 11, 'https://github.com/project_seed_repo_121'),
  (121, 24, 12, 'Ingin memberikan solusi komprehensif bagi kelestarian nasional dengan tim hebat saya.'),
  (122, 22, 4, 'https://drive.google.com/file/d/cv_portfolio_seed_122/view'),
  (122, 22, 5, 'https://github.com/project_seed_repo_122'),
  (122, 22, 6, 'Ingin memberikan solusi komprehensif bagi kelestarian nasional dengan tim hebat saya.'),
  (122, 24, 10, 'https://drive.google.com/file/d/cv_portfolio_seed_122/view'),
  (122, 24, 11, 'https://github.com/project_seed_repo_122'),
  (122, 24, 12, 'Ingin memberikan solusi komprehensif bagi kelestarian nasional dengan tim hebat saya.'),
  (123, 22, 4, 'https://drive.google.com/file/d/cv_portfolio_seed_123/view'),
  (123, 22, 5, 'https://github.com/project_seed_repo_123'),
  (123, 22, 6, 'Ingin memberikan solusi komprehensif bagi kelestarian nasional dengan tim hebat saya.'),
  (123, 23, 7, 'https://drive.google.com/file/d/cv_portfolio_seed_123/view'),
  (123, 23, 8, 'https://github.com/project_seed_repo_123'),
  (123, 23, 9, 'Ingin memberikan solusi komprehensif bagi kelestarian nasional dengan tim hebat saya.'),
  (124, 22, 4, 'https://drive.google.com/file/d/cv_portfolio_seed_124/view'),
  (124, 22, 5, 'https://github.com/project_seed_repo_124'),
  (124, 22, 6, 'Ingin memberikan solusi komprehensif bagi kelestarian nasional dengan tim hebat saya.'),
  (124, 25, 13, 'https://drive.google.com/file/d/cv_portfolio_seed_124/view'),
  (124, 25, 14, 'https://github.com/project_seed_repo_124'),
  (124, 25, 15, 'Ingin memberikan solusi komprehensif bagi kelestarian nasional dengan tim hebat saya.'),
  (125, 22, 4, 'https://drive.google.com/file/d/cv_portfolio_seed_125/view'),
  (125, 22, 5, 'https://github.com/project_seed_repo_125'),
  (125, 22, 6, 'Ingin memberikan solusi komprehensif bagi kelestarian nasional dengan tim hebat saya.'),
  (125, 23, 7, 'https://drive.google.com/file/d/cv_portfolio_seed_125/view'),
  (125, 23, 8, 'https://github.com/project_seed_repo_125'),
  (125, 23, 9, 'Ingin memberikan solusi komprehensif bagi kelestarian nasional dengan tim hebat saya.'),
  (126, 24, 10, 'https://drive.google.com/file/d/cv_portfolio_seed_126/view'),
  (126, 24, 11, 'https://github.com/project_seed_repo_126'),
  (126, 24, 12, 'Ingin memberikan solusi komprehensif bagi kelestarian nasional dengan tim hebat saya.'),
  (126, 25, 13, 'https://drive.google.com/file/d/cv_portfolio_seed_126/view'),
  (126, 25, 14, 'https://github.com/project_seed_repo_126'),
  (126, 25, 15, 'Ingin memberikan solusi komprehensif bagi kelestarian nasional dengan tim hebat saya.'),
  (127, 21, 1, 'https://drive.google.com/file/d/cv_portfolio_seed_127/view'),
  (127, 21, 2, 'https://github.com/project_seed_repo_127'),
  (127, 21, 3, 'Ingin memberikan solusi komprehensif bagi kelestarian nasional dengan tim hebat saya.'),
  (127, 24, 10, 'https://drive.google.com/file/d/cv_portfolio_seed_127/view'),
  (127, 24, 11, 'https://github.com/project_seed_repo_127'),
  (127, 24, 12, 'Ingin memberikan solusi komprehensif bagi kelestarian nasional dengan tim hebat saya.');

-- Seeding table: competition_submissions
INSERT INTO "competition_submissions" ("id", "competition_id", "user_id", "team_id", "submission_url", "notes", "submitted_at", "status") VALUES
  (1, 21, 109, 10, 'https://drive.google.com/file/d/project_submission_10/view', 'Berikut adalah hasil karya tim kami yang mencakup mockup desain interaktif, link repositori kode program, serta rancangan proposal strategi lengkap. Terimakasih!', '2026-06-02 05:45:01.310', 'graded'),
  (2, 22, 102, 11, 'https://drive.google.com/file/d/project_submission_11/view', 'Berikut adalah hasil karya tim kami yang mencakup mockup desain interaktif, link repositori kode program, serta rancangan proposal strategi lengkap. Terimakasih!', '2026-06-02 05:45:01.310', 'graded'),
  (3, 23, 8, 12, 'https://drive.google.com/file/d/project_submission_12/view', 'Berikut adalah hasil karya tim kami yang mencakup mockup desain interaktif, link repositori kode program, serta rancangan proposal strategi lengkap. Terimakasih!', '2026-06-02 05:45:01.310', 'graded'),
  (4, 24, 19, 13, 'https://drive.google.com/file/d/project_submission_13/view', 'Berikut adalah hasil karya tim kami yang mencakup mockup desain interaktif, link repositori kode program, serta rancangan proposal strategi lengkap. Terimakasih!', '2026-06-02 05:45:01.310', 'graded'),
  (5, 21, 109, 15, 'https://drive.google.com/file/d/project_submission_15/view', 'Berikut adalah hasil karya tim kami yang mencakup mockup desain interaktif, link repositori kode program, serta rancangan proposal strategi lengkap. Terimakasih!', '2026-06-02 05:45:01.310', 'graded'),
  (6, 22, 83, 16, 'https://drive.google.com/file/d/project_submission_16/view', 'Berikut adalah hasil karya tim kami yang mencakup mockup desain interaktif, link repositori kode program, serta rancangan proposal strategi lengkap. Terimakasih!', '2026-06-02 05:45:01.310', 'graded'),
  (7, 23, 64, 17, 'https://drive.google.com/file/d/project_submission_17/view', 'Berikut adalah hasil karya tim kami yang mencakup mockup desain interaktif, link repositori kode program, serta rancangan proposal strategi lengkap. Terimakasih!', '2026-06-02 05:45:01.310', 'graded'),
  (8, 25, 11, 19, 'https://drive.google.com/file/d/project_submission_19/view', 'Berikut adalah hasil karya tim kami yang mencakup mockup desain interaktif, link repositori kode program, serta rancangan proposal strategi lengkap. Terimakasih!', '2026-06-02 05:45:01.310', 'graded'),
  (9, 21, 98, 20, 'https://drive.google.com/file/d/project_submission_20/view', 'Berikut adalah hasil karya tim kami yang mencakup mockup desain interaktif, link repositori kode program, serta rancangan proposal strategi lengkap. Terimakasih!', '2026-06-02 05:45:01.310', 'graded'),
  (10, 22, 125, 21, 'https://drive.google.com/file/d/project_submission_21/view', 'Berikut adalah hasil karya tim kami yang mencakup mockup desain interaktif, link repositori kode program, serta rancangan proposal strategi lengkap. Terimakasih!', '2026-06-02 05:45:01.310', 'graded'),
  (11, 23, 16, 22, 'https://drive.google.com/file/d/project_submission_22/view', 'Berikut adalah hasil karya tim kami yang mencakup mockup desain interaktif, link repositori kode program, serta rancangan proposal strategi lengkap. Terimakasih!', '2026-06-02 05:45:01.310', 'graded'),
  (12, 21, 21, 25, 'https://drive.google.com/file/d/project_submission_25/view', 'Berikut adalah hasil karya tim kami yang mencakup mockup desain interaktif, link repositori kode program, serta rancangan proposal strategi lengkap. Terimakasih!', '2026-06-02 05:45:01.310', 'graded'),
  (13, 22, 5, 26, 'https://drive.google.com/file/d/project_submission_26/view', 'Berikut adalah hasil karya tim kami yang mencakup mockup desain interaktif, link repositori kode program, serta rancangan proposal strategi lengkap. Terimakasih!', '2026-06-02 05:45:01.310', 'graded'),
  (14, 23, 96, 27, 'https://drive.google.com/file/d/project_submission_27/view', 'Berikut adalah hasil karya tim kami yang mencakup mockup desain interaktif, link repositori kode program, serta rancangan proposal strategi lengkap. Terimakasih!', '2026-06-02 05:45:01.310', 'graded'),
  (15, 24, 69, 28, 'https://drive.google.com/file/d/project_submission_28/view', 'Berikut adalah hasil karya tim kami yang mencakup mockup desain interaktif, link repositori kode program, serta rancangan proposal strategi lengkap. Terimakasih!', '2026-06-02 05:45:01.310', 'graded'),
  (16, 25, 14, 29, 'https://drive.google.com/file/d/project_submission_29/view', 'Berikut adalah hasil karya tim kami yang mencakup mockup desain interaktif, link repositori kode program, serta rancangan proposal strategi lengkap. Terimakasih!', '2026-06-02 05:45:01.310', 'graded');

ALTER SEQUENCE "competition_submissions_id_seq" RESTART WITH 17;

-- Seeding table: competition_judges
INSERT INTO "competition_judges" ("id", "competition_id", "judge_name", "judge_email", "access_token", "created_at") VALUES
  (1, 24, 'Najwa Shihab M.A.', 'najwa@juri.id', 'de99ab2e090853b35271876795b2e3a6f317c92ae58c722e', '2026-06-02 05:45:01.310'),
  (2, 24, 'Prof. Hermanto M.Kom', 'hermanto@juri.id', 'dec78f83ae6d21e5f8d36dd23f555c5524c5cc805c2dc3f7', '2026-06-02 05:45:01.310'),
  (3, 21, 'Dr. Eng. Dian Rahmawati', 'dian.rahma@juri.id', 'd6379c363c97b43f4785373ee954a31e839dd894796c10ef', '2026-06-02 05:45:01.310'),
  (4, 21, 'Rudiantara M.B.A', 'rudiantara@juri.id', 'dadaf916bc0d2a1158ca815b14de19bf472b01b488e5b565', '2026-06-02 05:45:01.310'),
  (5, 25, 'Prof. Hermanto M.Kom', 'hermanto@juri.id', 'd4c9647629b9e90647aba7cb931351ff0004cec08a149891', '2026-06-02 05:45:01.310'),
  (6, 25, 'Dr. Eng. Dian Rahmawati', 'dian.rahma@juri.id', '61040fe55b375d6373dc89f64a30f659b8f9b2451b8c4895', '2026-06-02 05:45:01.310'),
  (7, 22, 'Rudiantara M.B.A', 'rudiantara@juri.id', 'c541dd5fc46c8ad1d7f7d69760211665c79c759c29d045a6', '2026-06-02 05:45:01.310'),
  (8, 22, 'Sandiaga Uno M.B.A', 'sandiaga@juri.id', '3edcac940c50d8ad7548970b2e378fc71f91d7a68d75d59f', '2026-06-02 05:45:01.310'),
  (9, 23, 'Sandiaga Uno M.B.A', 'sandiaga@juri.id', 'fa21b75b98f90f8842b4a5a43f3c27348cc6c9de453611f5', '2026-06-02 05:45:01.310'),
  (10, 23, 'Najwa Shihab M.A.', 'najwa@juri.id', '91648e1436665beed38692c98c56961c7cc5cf45b87551c0', '2026-06-02 05:45:01.310');

ALTER SEQUENCE "competition_judges_id_seq" RESTART WITH 11;

-- Seeding table: submission_grades
INSERT INTO "submission_grades" ("id", "submission_id", "judge_id", "score", "feedback", "graded_at") VALUES
  (1, 4, 1, 83, 'Karya tim Anda sangat luar biasa! Desain UX bersih, arsitektur kode rapi, dan presentasi pitch deck tajam.', '2026-06-02 05:45:01.310'),
  (2, 15, 1, 81, 'Karya tim Anda sangat luar biasa! Desain UX bersih, arsitektur kode rapi, dan presentasi pitch deck tajam.', '2026-06-02 05:45:01.310'),
  (3, 4, 2, 82, 'Karya tim Anda sangat luar biasa! Desain UX bersih, arsitektur kode rapi, dan presentasi pitch deck tajam.', '2026-06-02 05:45:01.310'),
  (4, 15, 2, 79, 'Karya tim Anda sangat luar biasa! Desain UX bersih, arsitektur kode rapi, dan presentasi pitch deck tajam.', '2026-06-02 05:45:01.310'),
  (5, 1, 3, 83, 'Karya tim Anda sangat luar biasa! Desain UX bersih, arsitektur kode rapi, dan presentasi pitch deck tajam.', '2026-06-02 05:45:01.310'),
  (6, 5, 3, 80, 'Karya tim Anda sangat luar biasa! Desain UX bersih, arsitektur kode rapi, dan presentasi pitch deck tajam.', '2026-06-02 05:45:01.310'),
  (7, 9, 3, 88, 'Karya tim Anda sangat luar biasa! Desain UX bersih, arsitektur kode rapi, dan presentasi pitch deck tajam.', '2026-06-02 05:45:01.310'),
  (8, 12, 3, 84, 'Karya tim Anda sangat luar biasa! Desain UX bersih, arsitektur kode rapi, dan presentasi pitch deck tajam.', '2026-06-02 05:45:01.310'),
  (9, 1, 4, 88, 'Karya tim Anda sangat luar biasa! Desain UX bersih, arsitektur kode rapi, dan presentasi pitch deck tajam.', '2026-06-02 05:45:01.310'),
  (10, 5, 4, 80, 'Karya tim Anda sangat luar biasa! Desain UX bersih, arsitektur kode rapi, dan presentasi pitch deck tajam.', '2026-06-02 05:45:01.310'),
  (11, 9, 4, 97, 'Karya tim Anda sangat luar biasa! Desain UX bersih, arsitektur kode rapi, dan presentasi pitch deck tajam.', '2026-06-02 05:45:01.310'),
  (12, 12, 4, 78, 'Karya tim Anda sangat luar biasa! Desain UX bersih, arsitektur kode rapi, dan presentasi pitch deck tajam.', '2026-06-02 05:45:01.310'),
  (13, 8, 5, 87, 'Karya tim Anda sangat luar biasa! Desain UX bersih, arsitektur kode rapi, dan presentasi pitch deck tajam.', '2026-06-02 05:45:01.310'),
  (14, 16, 5, 94, 'Karya tim Anda sangat luar biasa! Desain UX bersih, arsitektur kode rapi, dan presentasi pitch deck tajam.', '2026-06-02 05:45:01.310'),
  (15, 8, 6, 79, 'Karya tim Anda sangat luar biasa! Desain UX bersih, arsitektur kode rapi, dan presentasi pitch deck tajam.', '2026-06-02 05:45:01.310'),
  (16, 16, 6, 98, 'Karya tim Anda sangat luar biasa! Desain UX bersih, arsitektur kode rapi, dan presentasi pitch deck tajam.', '2026-06-02 05:45:01.310'),
  (17, 2, 7, 86, 'Karya tim Anda sangat luar biasa! Desain UX bersih, arsitektur kode rapi, dan presentasi pitch deck tajam.', '2026-06-02 05:45:01.310'),
  (18, 6, 7, 84, 'Karya tim Anda sangat luar biasa! Desain UX bersih, arsitektur kode rapi, dan presentasi pitch deck tajam.', '2026-06-02 05:45:01.310'),
  (19, 10, 7, 89, 'Karya tim Anda sangat luar biasa! Desain UX bersih, arsitektur kode rapi, dan presentasi pitch deck tajam.', '2026-06-02 05:45:01.310'),
  (20, 13, 7, 96, 'Karya tim Anda sangat luar biasa! Desain UX bersih, arsitektur kode rapi, dan presentasi pitch deck tajam.', '2026-06-02 05:45:01.310'),
  (21, 2, 8, 90, 'Karya tim Anda sangat luar biasa! Desain UX bersih, arsitektur kode rapi, dan presentasi pitch deck tajam.', '2026-06-02 05:45:01.310'),
  (22, 6, 8, 78, 'Karya tim Anda sangat luar biasa! Desain UX bersih, arsitektur kode rapi, dan presentasi pitch deck tajam.', '2026-06-02 05:45:01.310'),
  (23, 10, 8, 98, 'Karya tim Anda sangat luar biasa! Desain UX bersih, arsitektur kode rapi, dan presentasi pitch deck tajam.', '2026-06-02 05:45:01.310'),
  (24, 13, 8, 86, 'Karya tim Anda sangat luar biasa! Desain UX bersih, arsitektur kode rapi, dan presentasi pitch deck tajam.', '2026-06-02 05:45:01.310'),
  (25, 3, 9, 89, 'Karya tim Anda sangat luar biasa! Desain UX bersih, arsitektur kode rapi, dan presentasi pitch deck tajam.', '2026-06-02 05:45:01.310'),
  (26, 7, 9, 80, 'Karya tim Anda sangat luar biasa! Desain UX bersih, arsitektur kode rapi, dan presentasi pitch deck tajam.', '2026-06-02 05:45:01.310'),
  (27, 11, 9, 82, 'Karya tim Anda sangat luar biasa! Desain UX bersih, arsitektur kode rapi, dan presentasi pitch deck tajam.', '2026-06-02 05:45:01.310'),
  (28, 14, 9, 90, 'Karya tim Anda sangat luar biasa! Desain UX bersih, arsitektur kode rapi, dan presentasi pitch deck tajam.', '2026-06-02 05:45:01.310'),
  (29, 3, 10, 78, 'Karya tim Anda sangat luar biasa! Desain UX bersih, arsitektur kode rapi, dan presentasi pitch deck tajam.', '2026-06-02 05:45:01.310'),
  (30, 7, 10, 82, 'Karya tim Anda sangat luar biasa! Desain UX bersih, arsitektur kode rapi, dan presentasi pitch deck tajam.', '2026-06-02 05:45:01.310'),
  (31, 11, 10, 91, 'Karya tim Anda sangat luar biasa! Desain UX bersih, arsitektur kode rapi, dan presentasi pitch deck tajam.', '2026-06-02 05:45:01.310'),
  (32, 14, 10, 79, 'Karya tim Anda sangat luar biasa! Desain UX bersih, arsitektur kode rapi, dan presentasi pitch deck tajam.', '2026-06-02 05:45:01.310');

ALTER SEQUENCE "submission_grades_id_seq" RESTART WITH 33;

-- Seeding table: sponsorship_pricing_rates
INSERT INTO "sponsorship_pricing_rates" ("id", "page_key", "price_per_day", "effective_date", "created_at") VALUES
  (1, 'dashboard', 15000.00, '2026-04-30 17:00:00.000', '2026-05-31 04:02:26.446'),
  (2, 'competitions', 10000.00, '2026-04-30 17:00:00.000', '2026-05-31 04:02:26.446'),
  (3, 'matchmaking', 12000.00, '2026-04-30 17:00:00.000', '2026-05-31 04:02:26.446'),
  (4, 'teams', 8000.00, '2026-04-30 17:00:00.000', '2026-05-31 04:02:26.446'),
  (5, 'dashboard', 25000.00, '2026-05-31 17:00:00.000', '2026-05-31 04:13:26.048'),
  (6, 'dashboard', 25000.00, '2026-05-31 17:00:00.000', '2026-05-31 04:22:44.462'),
  (7, 'dashboard', 25000.00, '2026-05-31 17:00:00.000', '2026-05-31 04:36:50.351');

ALTER SEQUENCE "sponsorship_pricing_rates_id_seq" RESTART WITH 8;

-- Seeding table: sponsorships
INSERT INTO "sponsorships" ("id", "sponsor_id", "title", "target_url", "image_url", "pages", "start_date", "end_date", "total_cost", "impressions", "clicks", "is_active", "created_at") VALUES
  (1, 46, 'Google Solution Challenge 2026', 'https://developers.google.com/community/ssc', 'https://images.unsplash.com/photo-1517694712202-14dd9538aa97', '{"dashboard","competitions"}', '2026-05-14 17:00:00.000', '2026-05-23 17:00:00.000', 200000.00, 1, 1, false, '2026-05-31 04:13:26.055'),
  (2, 47, 'Google Solution Challenge 2026', 'https://developers.google.com/community/ssc', 'https://images.unsplash.com/photo-1517694712202-14dd9538aa97', '{"dashboard","competitions"}', '2026-05-14 17:00:00.000', '2026-05-23 17:00:00.000', 200000.00, 1, 1, true, '2026-05-31 04:22:44.468'),
  (3, 48, 'Figma Course untuk Pemula', 'https://skillacademy.com/webinar/p/skill-academy-desain-visual-toko-online-dengan-figma', 'https://image-2.skillacademy.com/image/7e7ef6c2-57c5-4ea8-9ad3-34fa0c68ecaf.jpg', '{"dashboard","competitions","matchmaking","teams"}', '2026-05-30 17:00:00.000', '2026-06-06 17:00:00.000', 250000.00, 47, 1, true, '2026-05-31 04:34:12.023'),
  (4, 49, 'Google Solution Challenge 2026', 'https://developers.google.com/community/ssc', 'https://images.unsplash.com/photo-1517694712202-14dd9538aa97', '{"dashboard","competitions"}', '2026-05-14 17:00:00.000', '2026-05-23 17:00:00.000', 200000.00, 1, 1, true, '2026-05-31 04:36:50.355'),
  (5, 48, 'UI Design: Mendesain Prototipe Website Toko Online dengan Figma', 'https://skillacademy.com/p/ui-design-mendesain-prototipe-website-toko-online-dengan-figma?courseType=SingleCourse', 'https://imgix3.ruangguru.com/assets/miscellaneous/image_k7kozy_7493.jpg', '{"dashboard","matchmaking"}', '2026-05-30 17:00:00.000', '2026-06-06 17:00:00.000', 216000.00, 16, 1, true, '2026-05-31 04:39:42.229'),
  (6, 128, 'Gojek Tech Internship Challenge 2026 🚗', 'https://karir.gojek.com', 'https://images.unsplash.com/photo-1618005182384-a83a8bd57fbe?w=600&auto=format&fit=crop&q=80', '{"dashboard","matchmaking"}', '2026-05-16 17:00:00.000', '2026-06-15 17:00:00.000', 450000.00, 4897, 382, true, '2026-06-01 04:19:30.174'),
  (7, 129, 'Tokopedia Devcamp Hackathon — Daftar Sekarang! 💻', 'https://tokopedia.com/devcamp', 'https://images.unsplash.com/photo-1531403009284-440f080d1e12?w=600&auto=format&fit=crop&q=80', '{"competitions","teams"}', '2026-05-16 17:00:00.000', '2026-06-15 17:00:00.000', 450000.00, 3965, 310, true, '2026-06-01 04:19:30.174'),
  (8, 130, 'Microsoft Imagine Cup 2026 — Raih $100K Funding! 🏆', 'https://imaginecup.microsoft.com', 'https://images.unsplash.com/photo-1526374965328-7f61d4dc18c5?w=600&auto=format&fit=crop&q=80', '{"dashboard","competitions"}', '2026-05-16 17:00:00.000', '2026-06-15 17:00:00.000', 450000.00, 6129, 565, true, '2026-06-01 04:19:30.174'),
  (9, 128, 'Gojek Tech Internship Challenge 2026 🚗', 'https://karir.gojek.com', 'https://images.unsplash.com/photo-1618005182384-a83a8bd57fbe?w=600&auto=format&fit=crop&q=80', '{"dashboard","matchmaking"}', '2026-05-17 17:00:00.000', '2026-06-16 17:00:00.000', 450000.00, 4890, 382, true, '2026-06-02 05:45:01.310'),
  (10, 129, 'Tokopedia Devcamp Hackathon — Daftar Sekarang! 💻', 'https://tokopedia.com/devcamp', 'https://images.unsplash.com/photo-1531403009284-440f080d1e12?w=600&auto=format&fit=crop&q=80', '{"competitions","teams"}', '2026-05-17 17:00:00.000', '2026-06-16 17:00:00.000', 450000.00, 3950, 310, true, '2026-06-02 05:45:01.310'),
  (11, 130, 'Microsoft Imagine Cup 2026 — Raih $100K Funding! 🏆', 'https://imaginecup.microsoft.com', 'https://images.unsplash.com/photo-1526374965328-7f61d4dc18c5?w=600&auto=format&fit=crop&q=80', '{"dashboard","competitions"}', '2026-05-17 17:00:00.000', '2026-06-16 17:00:00.000', 450000.00, 6120, 565, true, '2026-06-02 05:45:01.310');

ALTER SEQUENCE "sponsorships_id_seq" RESTART WITH 12;

-- Seeding table: sponsorship_cost_logs
INSERT INTO "sponsorship_cost_logs" ("id", "sponsorship_id", "modified_by", "old_cost", "new_cost", "reason", "modified_at") VALUES
  (1, 1, 28, 250000.00, 200000.00, 'Diskon kerjasama khusus komunitas SideQuest Indonesia', '2026-05-31 04:13:26.079'),
  (2, 2, 28, 250000.00, 200000.00, 'Diskon kerjasama khusus komunitas SideQuest Indonesia', '2026-05-31 04:22:44.484'),
  (3, 4, 28, 250000.00, 200000.00, 'Diskon kerjasama khusus komunitas SideQuest Indonesia', '2026-05-31 04:36:50.371'),
  (4, 3, 28, 360000.00, 250000.00, 'Diskon bundling juni', '2026-05-31 04:42:36.673');

ALTER SEQUENCE "sponsorship_cost_logs_id_seq" RESTART WITH 5;

